{"type":"FeatureCollection","properties":{"ship":"PANSTAR ACRO","hours":1.0,"t_start":"2026-08-21 06:59:53","t_end":"2026-09-09 08:13:57","n_records":8314,"n_hourly":406,"total_km":12350.9,"sog_last_kn":17.3,"avg_kn_24h":16.11,"avg_kn_underway":15.67,"sources":["PANSTAR_track_202608210000-202609091718.gpkg"],"generated":"2026-09-29T13:09:55Z"},"features":[{"type":"Feature","properties":{"kind":"track","ship":"PANSTAR ACRO","t_start":"2026-08-21 06:59:53","t_end":"2026-09-09 08:13:57","n_records":8314,"total_km":12350.9},"geometry":{"type":"LineString","coordinates":[[129.058537,35.120557],[129.058532,35.120532],[129.05856,35.120563],[129.058512,35.120548],[129.058547,35.120547],[129.058563,35.12054],[129.058555,35.120547],[129.05855,35.120553],[129.058557,35.120553],[129.058972,35.115497],[129.059107,35.11039],[129.06421,35.106203],[129.069605,35.102733],[129.074877,35.099362],[129.079898,35.096213],[129.085402,35.092903],[129.090948,35.089607],[129.096392,35.086378],[129.101398,35.08338],[129.106818,35.080133],[129.111973,35.074958],[129.115695,35.069773],[129.120765,35.064617],[129.12617,35.059998],[129.131162,35.054948],[129.134755,35.049887],[129.129593,35.044742],[129.124493,35.0402],[129.120735,35.035012],[129.116905,35.029758],[129.11328,35.024635],[129.109613,35.019505],[129.105972,35.0145],[129.102232,35.009377],[129.098382,35.004225],[129.093295,34.999423],[129.087955,34.99934],[129.08279,34.999282],[129.077462,34.999172],[129.072117,34.999013],[129.066688,34.998548],[129.061313,34.997987],[129.055922,34.997382],[129.050455,34.996803],[129.044938,34.996323],[129.039393,34.99593],[129.033763,34.995617],[129.028152,34.995333],[129.022513,34.995037],[129.016997,34.994623],[129.011818,34.994075],[129.006712,34.993605],[129.001652,34.993227],[128.9966,34.992915],[128.991502,34.992598],[128.986462,34.992287],[128.981417,34.991983],[128.976358,34.991668],[128.971,34.991195],[128.965957,34.990773],[128.96074,34.990322],[128.955563,34.989748],[128.950307,34.989007],[128.94514,34.988248],[128.940082,34.9875],[128.934882,34.986713],[128.929703,34.985905],[128.924558,34.985135],[128.91935,34.9843],[128.91407,34.983492],[128.908788,34.98268],[128.90339,34.981867],[128.898387,34.981002],[128.89327,34.980147],[128.888172,34.979322],[128.88288,34.97842],[128.877583,34.977538],[128.872563,34.97674],[128.867397,34.975903],[128.862118,34.97501],[128.8569,34.97397],[128.851688,34.972862],[128.846587,34.971803],[128.841582,34.970792],[128.83621,34.970877],[128.83111,34.971987],[128.825977,34.973413],[128.820893,34.974863],[128.815597,34.978313],[128.812258,34.983358],[128.809945,34.988542],[128.807527,34.993655],[128.804895,34.999325],[128.80254,35.004483],[128.80021,35.009768],[128.797922,35.014768],[128.795667,35.019785],[128.793283,35.02519],[128.791065,35.030217],[128.788647,35.035678],[128.785947,35.040978],[128.78397,35.046065],[128.783528,35.05123],[128.784818,35.056423],[128.786622,35.06145],[128.79091,35.066555],[128.794363,35.071698],[128.789342,35.07657],[128.787365,35.077272],[128.787378,35.077283],[128.787333,35.077293],[128.787328,35.077118],[128.787187,35.072183],[128.78712,35.07191],[128.78557,35.066857],[128.782883,35.061355],[128.780398,35.056233],[128.777818,35.050753],[128.775593,35.045357],[128.776475,35.039953],[128.778887,35.034848],[128.781472,35.029827],[128.78401,35.02457],[128.786107,35.019282],[128.787888,35.014212],[128.789712,35.00906],[128.791668,35.00377],[128.793805,34.99838],[128.795832,34.993192],[128.797798,34.988075],[128.799715,34.982908],[128.801687,34.977487],[128.80364,34.972025],[128.80563,34.966605],[128.807643,34.961157],[128.810825,34.95571],[128.814865,34.950513],[128.819687,34.945223],[128.824632,34.93993],[128.829798,34.934487],[128.83538,34.929092],[128.840665,34.924508],[128.845837,34.920412],[128.850902,34.916803],[128.856517,34.912913],[128.861775,34.909418],[128.866997,34.905947],[128.872202,34.902552],[128.877523,34.899133],[128.882808,34.895807],[128.888045,34.892547],[128.893083,34.888867],[128.898373,34.884507],[128.903562,34.879415],[128.907782,34.874383],[128.911647,34.869227],[128.91533,34.864195],[128.919385,34.858678],[128.9235,34.853178],[128.92757,34.847757],[128.931405,34.842608],[128.936008,34.837375],[128.941115,34.8335],[128.946443,34.830808],[128.951663,34.829032],[128.956777,34.827718],[128.961892,34.826513],[128.96715,34.825342],[128.972442,34.824262],[128.977778,34.823337],[128.982782,34.822577],[128.988222,34.82188],[128.993615,34.821285],[128.998967,34.821163],[129.004405,34.821645],[129.009962,34.822327],[129.015277,34.823342],[129.020718,34.824713],[129.026105,34.82616],[129.031445,34.827577],[129.036463,34.828908],[129.041963,34.830397],[129.047193,34.831833],[129.052588,34.833325],[129.058038,34.834852],[129.063325,34.83636],[129.068763,34.837875],[129.073915,34.839707],[129.079162,34.84204],[129.084238,34.844537],[129.089435,34.847195],[129.094633,34.85011],[129.09983,34.853062],[129.105047,34.85605],[129.110143,34.858973],[129.115737,34.862165],[129.12075,34.865063],[129.125865,34.867983],[129.131345,34.871178],[129.13642,34.874142],[129.141498,34.87709],[129.146588,34.880027],[129.151643,34.882973],[129.156713,34.88589],[129.16187,34.888848],[129.167423,34.892085],[129.172545,34.895072],[129.177588,34.897988],[129.182707,34.900915],[129.187877,34.903888],[129.192945,34.906795],[129.198132,34.909775],[129.203228,34.912655],[129.208372,34.915578],[129.213508,34.918453],[129.218855,34.921447],[129.223937,34.924338],[129.229292,34.927372],[129.234402,34.93027],[129.23978,34.933263],[129.244973,34.93617],[129.250278,34.939158],[129.25542,34.942088],[129.260712,34.94503],[129.265952,34.947977],[129.271217,34.950937],[129.276587,34.953923],[129.281687,34.956758],[129.287102,34.959737],[129.292355,34.962618],[129.297817,34.965623],[129.303225,34.968575],[129.308623,34.971553],[129.313902,34.974605],[129.319178,34.978265],[129.324522,34.982138],[129.329742,34.985902],[129.334838,34.989892],[129.33997,34.993985],[129.345047,34.998057],[129.350072,35.002013],[129.355177,35.006068],[129.36033,35.010152],[129.365398,35.014162],[129.370475,35.018173],[129.375487,35.022115],[129.38079,35.02595],[129.385868,35.029405],[129.39128,35.033033],[129.396708,35.036683],[129.402145,35.040318],[129.40715,35.04367],[129.412203,35.047072],[129.41749,35.050632],[129.42254,35.05402],[129.427948,35.057693],[129.433317,35.061338],[129.438665,35.064957],[129.44392,35.06852],[129.449252,35.072155],[129.4543,35.075582],[129.459538,35.079168],[129.46469,35.082783],[129.469815,35.0865],[129.475012,35.090315],[129.48049,35.094452],[129.485768,35.098567],[129.49106,35.102767],[129.496448,35.107388],[129.501548,35.11226],[129.50665,35.117177],[129.511772,35.122068],[129.516895,35.127015],[129.521967,35.13194],[129.527135,35.136898],[129.532205,35.1418],[129.53733,35.146758],[129.542427,35.151887],[129.547515,35.15711],[129.552838,35.162488],[129.557972,35.167685],[129.563067,35.172893],[129.568243,35.178135],[129.573438,35.183412],[129.578237,35.188433],[129.58339,35.193578],[129.587312,35.198672],[129.590322,35.203817],[129.59336,35.208913],[129.596473,35.213917],[129.601503,35.219062],[129.606775,35.223895],[129.611993,35.228665],[129.617355,35.233617],[129.622718,35.238642],[129.62772,35.24331],[129.633162,35.248413],[129.638368,35.253492],[129.643778,35.258765],[129.648795,35.26364],[129.654095,35.268787],[129.659533,35.273985],[129.665052,35.27908],[129.670613,35.28418],[129.675755,35.288838],[129.680892,35.29347],[129.685985,35.298025],[129.691008,35.302578],[129.696235,35.307332],[129.701553,35.312162],[129.70684,35.31703],[129.712132,35.321908],[129.717445,35.326883],[129.722587,35.331797],[129.727752,35.336767],[129.732947,35.341738],[129.73809,35.34663],[129.743662,35.351898],[129.748963,35.356908],[129.75398,35.361913],[129.757953,35.367072],[129.761425,35.372417],[129.765123,35.377647],[129.768985,35.38284],[129.773937,35.388148],[129.77904,35.393163],[129.784278,35.398228],[129.789423,35.403162],[129.79466,35.408193],[129.799877,35.413238],[129.80489,35.418118],[129.81012,35.423102],[129.814912,35.428225],[129.81959,35.433478],[129.82526,35.439857],[129.829858,35.445082],[129.834552,35.450393],[129.839152,35.455612],[129.843885,35.460925],[129.848557,35.466168],[129.85317,35.471347],[129.857853,35.477552],[129.861493,35.482727],[129.864428,35.486935],[129.865028,35.487747],[129.869185,35.493213],[129.872152,35.497383],[129.872928,35.498522],[129.877868,35.50575],[129.88149,35.511022],[129.885727,35.517202],[129.890703,35.524472],[129.894218,35.529598],[129.899075,35.536647],[129.902547,35.541655],[129.906318,35.547092],[129.909868,35.552205],[129.913888,35.558017],[129.917898,35.56375],[129.92147,35.568863],[129.925327,35.57513],[129.928365,35.580352],[129.928598,35.580755],[129.931628,35.585993],[129.934693,35.591313],[129.937717,35.59654],[129.940647,35.601697],[129.943682,35.606982],[129.946885,35.612597],[129.949638,35.617405],[129.949863,35.617803],[129.952813,35.623025],[129.955535,35.627778],[129.955727,35.628115],[129.95851,35.63297],[129.958738,35.633367],[129.961973,35.639],[129.964767,35.644267],[129.967468,35.64955],[129.970097,35.654805],[129.97283,35.660193],[129.97553,35.66551],[129.978913,35.67205],[129.981892,35.677772],[129.984655,35.68307],[129.986808,35.687165],[129.987442,35.688388],[129.989582,35.692467],[129.99027,35.693768],[129.993225,35.699397],[129.99602,35.704692],[129.999227,35.710725],[130.000758,35.7137],[130.001933,35.716082],[130.004728,35.721848],[130.005827,35.724153],[130.007235,35.727147],[130.00994,35.732788],[130.01249,35.73808],[130.015067,35.743437],[130.017583,35.748662],[130.019592,35.75274],[130.020422,35.754428],[130.022978,35.759677],[130.024778,35.763345],[130.025982,35.76581],[130.028572,35.771123],[130.031375,35.77685],[130.034007,35.782247],[130.037042,35.788373],[130.038062,35.79041],[130.03963,35.793605],[130.040865,35.796115],[130.042252,35.798915],[130.043492,35.80143],[130.044872,35.804217],[130.046058,35.806665],[130.04749,35.809595],[130.048662,35.811973],[130.05027,35.815227],[130.052888,35.820507],[130.055882,35.826612],[130.05869,35.832307],[130.061475,35.838017],[130.062063,35.839247],[130.064087,35.843398],[130.064645,35.844555],[130.066797,35.848983],[130.06723,35.849872],[130.069418,35.854362],[130.069818,35.855183],[130.072002,35.859678],[130.074647,35.86506],[130.077238,35.870385],[130.077638,35.8712],[130.079933,35.875973],[130.080135,35.876382],[130.082532,35.881342],[130.08273,35.881752],[130.085115,35.886645],[130.086118,35.888693],[130.087687,35.891957],[130.088683,35.89399],[130.090478,35.89774],[130.092978,35.902967],[130.093768,35.904585],[130.095545,35.908237],[130.098492,35.914383],[130.101038,35.91964],[130.101625,35.920787],[130.104165,35.925678],[130.10437,35.92608],[130.106852,35.930832],[130.109808,35.936402],[130.113157,35.942747],[130.115442,35.947185],[130.11603,35.948315],[130.118128,35.952342],[130.11875,35.953527],[130.120778,35.957425],[130.121392,35.958602],[130.12406,35.963743],[130.126155,35.96775],[130.126767,35.968938],[130.129442,35.974007],[130.131503,35.977915],[130.132202,35.979235],[130.134243,35.983163],[130.134842,35.984298],[130.136978,35.988355],[130.137578,35.989488],[130.140448,35.99471],[130.142748,35.998617],[130.1435,35.99985],[130.145808,36.00368],[130.146753,36.005237],[130.149293,36.00948],[130.149755,36.010257],[130.154952,36.018335],[130.158815,36.024225],[130.165072,36.034612],[130.166207,36.036542],[130.16852,36.040372],[130.169438,36.041903],[130.171542,36.04542],[130.172642,36.047268],[130.1747,36.050722],[130.177883,36.056078],[130.178828,36.057667],[130.181108,36.06149],[130.18422,36.06677],[130.187355,36.072103],[130.188213,36.073637],[130.190125,36.077155],[130.192988,36.082467],[130.195708,36.087467],[130.198443,36.092473],[130.199702,36.094768],[130.201405,36.097812],[130.204305,36.103168],[130.20744,36.108878],[130.210535,36.114567],[130.213403,36.119885],[130.214012,36.121032],[130.216255,36.125267],[130.219037,36.130502],[130.219645,36.13164],[130.222088,36.136165],[130.224907,36.141453],[130.227725,36.146718],[130.228127,36.147468],[130.230515,36.151993],[130.233268,36.157168],[130.236082,36.162555],[130.238822,36.167833],[130.241587,36.173122],[130.24199,36.173872],[130.244345,36.178337],[130.244773,36.179153],[130.247128,36.183613],[130.249927,36.18888],[130.252728,36.194143],[130.253185,36.194952],[130.255665,36.199358],[130.258683,36.20463],[130.261612,36.209777],[130.262048,36.210525],[130.264615,36.214987],[130.267623,36.220158],[130.270635,36.225308],[130.273575,36.230487],[130.276572,36.235703],[130.278077,36.238293],[130.279508,36.240773],[130.28276,36.246383],[130.284557,36.249388],[130.285828,36.25152],[130.288018,36.255223],[130.288915,36.256752],[130.291283,36.260803],[130.291903,36.261852],[130.294953,36.267067],[130.298008,36.27219],[130.301037,36.277242],[130.304067,36.282342],[130.307772,36.288485],[130.31081,36.293532],[130.314963,36.300448],[130.318012,36.3055],[130.319915,36.30866],[130.32148,36.31121],[130.324883,36.316858],[130.328308,36.322605],[130.329508,36.32435],[130.33212,36.327817],[130.333677,36.329777],[130.336368,36.333103],[130.337967,36.335107],[130.340425,36.338158],[130.342138,36.340108],[130.345052,36.343288],[130.346742,36.345192],[130.349607,36.348388],[130.351352,36.350327],[130.354182,36.353533],[130.35592,36.355537],[130.358723,36.35878],[130.360735,36.361123],[130.363222,36.364028],[130.365232,36.366417],[130.367707,36.369313],[130.369742,36.37165],[130.372177,36.374482],[130.374225,36.37688],[130.376738,36.379788],[130.381218,36.38501],[130.383182,36.387315],[130.386012,36.390613],[130.387708,36.392602],[130.390595,36.395883],[130.39268,36.398195],[130.395285,36.40105],[130.397737,36.403657],[130.400658,36.406798],[130.402458,36.408737],[130.405422,36.411943],[130.407218,36.41387],[130.410523,36.417422],[130.411953,36.418958],[130.415328,36.422593],[130.416758,36.424133],[130.420052,36.427615],[130.424787,36.43273],[130.426218,36.434285],[130.429498,36.437852],[130.430985,36.439438],[130.434257,36.442967],[130.435718,36.44456],[130.439003,36.44813],[130.443688,36.453205],[130.445152,36.45479],[130.447995,36.458537],[130.448857,36.459882],[130.451192,36.46382],[130.451877,36.464962],[130.454653,36.469237],[130.455365,36.470237],[130.459118,36.474463],[130.46011,36.475463],[130.464343,36.47947],[130.46938,36.483968],[130.470473,36.484887],[130.474612,36.488307],[130.475618,36.489118],[130.479878,36.49257],[130.480937,36.493427],[130.485153,36.496827],[130.486212,36.497672],[130.490428,36.501078],[130.491478,36.501922],[130.495753,36.505362],[130.501007,36.509607],[130.502058,36.510463],[130.506208,36.513805],[130.507322,36.514705],[130.51148,36.518058],[130.512543,36.518903],[130.516732,36.52231],[130.517777,36.523165],[130.521998,36.526532],[130.523003,36.527312],[130.527238,36.530725],[130.53255,36.535357],[130.53756,36.540178],[130.542862,36.5453],[130.547882,36.550097],[130.548852,36.550988],[130.552982,36.555328],[130.553755,36.556315],[130.55664,36.560345],[130.557288,36.561387],[130.559837,36.565605],[130.560457,36.566662],[130.562988,36.570975],[130.56359,36.571977],[130.566102,36.576232],[130.569185,36.581485],[130.572143,36.586525],[130.575122,36.591562],[130.578487,36.59677],[130.579475,36.598147],[130.58223,36.601907],[130.585987,36.607003],[130.586995,36.608363],[130.589777,36.612088],[130.593445,36.617222],[130.597065,36.622455],[130.598018,36.623833],[130.600568,36.627585],[130.604102,36.632762],[130.605098,36.6342],[130.60765,36.637943],[130.608592,36.639323],[130.611187,36.64313],[130.612207,36.644478],[130.615132,36.64816],[130.616263,36.649542],[130.61952,36.653485],[130.620595,36.65481],[130.623855,36.658735],[130.628125,36.663965],[130.62899,36.665003],[130.632472,36.669242],[130.633292,36.670232],[130.63661,36.674245],[130.640933,36.679477],[130.641782,36.680527],[130.645023,36.684523],[130.646053,36.685795],[130.649325,36.68976],[130.65366,36.695077],[130.654512,36.696133],[130.657947,36.700337],[130.658835,36.701448],[130.662467,36.705642],[130.663383,36.706657],[130.667178,36.71072],[130.668057,36.711675],[130.67188,36.715745],[130.672758,36.716685],[130.676555,36.720805],[130.677445,36.72174],[130.681227,36.725852],[130.6821,36.726807],[130.68589,36.730958],[130.68673,36.731862],[130.690658,36.736035],[130.691562,36.736987],[130.695532,36.741173],[130.696392,36.742088],[130.700387,36.746272],[130.701253,36.747168],[130.705225,36.751395],[130.706085,36.752307],[130.710045,36.756475],[130.710952,36.757438],[130.714897,36.761578],[130.715805,36.762525],[130.719773,36.766678],[130.720695,36.767645],[130.724623,36.771793],[130.725532,36.772745],[130.729492,36.776887],[130.730413,36.77785],[130.734423,36.781997],[130.73535,36.782952],[130.739358,36.78712],[130.740287,36.788077],[130.744335,36.7923],[130.745257,36.793258],[130.749245,36.79734],[130.750172,36.798308],[130.754115,36.802403],[130.755088,36.80341],[130.759097,36.807567],[130.76002,36.808522],[130.763988,36.812635],[130.764902,36.813585],[130.768888,36.817728],[130.769823,36.818683],[130.77381,36.822792],[130.774728,36.823752],[130.778718,36.827903],[130.779648,36.82886],[130.783658,36.833032],[130.784582,36.833995],[130.788607,36.838197],[130.78954,36.839167],[130.793613,36.843368],[130.794567,36.844338],[130.79867,36.848557],[130.799678,36.849587],[130.803838,36.853817],[130.804823,36.854815],[130.808782,36.858818],[130.809832,36.859872],[130.813782,36.863793],[130.815162,36.865188],[130.818773,36.868845],[130.820115,36.870192],[130.823748,36.87388],[130.825152,36.875277],[130.82878,36.878923],[130.830528,36.880638],[130.833818,36.88392],[130.835867,36.885977],[130.838818,36.88893],[130.841125,36.891198],[130.8439,36.893975],[130.84615,36.896178],[130.848917,36.89888],[130.851217,36.901142],[130.854042,36.903893],[130.856352,36.906172],[130.859068,36.908812],[130.861408,36.911125],[130.864087,36.91378],[130.866482,36.91616],[130.86946,36.91909],[130.871798,36.92142],[130.874462,36.9241],[130.876947,36.926445],[130.879695,36.928985],[130.88221,36.931293],[130.884947,36.933808],[130.88749,36.936113],[130.890258,36.938642],[130.892738,36.940897],[130.89566,36.943537],[130.897768,36.94544],[130.90099,36.948372],[130.902792,36.949992],[130.906008,36.953012],[130.908027,36.954952],[130.911115,36.957992],[130.913243,36.960075],[130.916295,36.96307],[130.918335,36.96512],[130.921392,36.968193],[130.923422,36.97024],[130.926525,36.973375],[130.92849,36.975375],[130.931545,36.978455],[130.933577,36.98052],[130.93663,36.983603],[130.938688,36.985652],[130.94178,36.988725],[130.943808,36.990777],[130.946955,36.993922],[130.948985,36.995922],[130.952055,36.999035],[130.95416,37.001157],[130.957208,37.004173],[130.959245,37.00625],[130.96226,37.009288],[130.964437,37.011458],[130.967448,37.014508],[130.969548,37.016633],[130.972555,37.019688],[130.974615,37.021757],[130.97774,37.024932],[130.979688,37.026892],[130.982847,37.030033],[130.984912,37.032103],[130.988005,37.035223],[130.990067,37.037298],[130.993202,37.040485],[130.995283,37.04258],[130.99832,37.045652],[131.000392,37.047737],[131.003523,37.050865],[131.005667,37.052998],[131.008665,37.056013],[131.010798,37.058153],[131.013985,37.061332],[131.016058,37.063417],[131.019112,37.066483],[131.021113,37.068505],[131.024348,37.07173],[131.026392,37.07375],[131.029548,37.076858],[131.031582,37.078882],[131.03483,37.082107],[131.036848,37.084105],[131.040017,37.087295],[131.042027,37.089318],[131.045515,37.092768],[131.047237,37.094503],[131.050705,37.097942],[131.05245,37.09967],[131.055902,37.1031],[131.057683,37.104873],[131.061083,37.108253],[131.062802,37.109968],[131.066293,37.113417],[131.068033,37.115133],[131.071865,37.118912],[131.073238,37.120303],[131.077093,37.124128],[131.078432,37.12545],[131.082292,37.129313],[131.083638,37.13063],[131.087532,37.134482],[131.088852,37.135813],[131.092708,37.139722],[131.094043,37.14105],[131.097803,37.144805],[131.099323,37.146287],[131.103873,37.150685],[131.104653,37.151418],[131.108927,37.155422],[131.11002,37.156423],[131.113993,37.160123],[131.115083,37.161125],[131.119072,37.164807],[131.120152,37.165817],[131.124128,37.169513],[131.125267,37.170582],[131.12917,37.174232],[131.13031,37.175298],[131.134222,37.178925],[131.135377,37.179997],[131.13923,37.183598],[131.141123,37.185415],[131.144288,37.188435],[131.146322,37.190443],[131.14946,37.193642],[131.151503,37.195757],[131.154557,37.198922],[131.156513,37.20097],[131.159615,37.204202],[131.161655,37.206303],[131.164683,37.209462],[131.166707,37.211577],[131.169772,37.21473],[131.171838,37.216832],[131.174917,37.220022],[131.17668,37.221832],[131.180073,37.225268],[131.181867,37.22708],[131.185238,37.230522],[131.186913,37.232222],[131.19043,37.235785],[131.192177,37.237515],[131.195607,37.24103],[131.197307,37.242792],[131.200542,37.246142],[131.202283,37.247925],[131.205435,37.251173],[131.207187,37.253018],[131.21056,37.255732],[131.212703,37.257068],[131.21603,37.258753],[131.218245,37.259762],[131.221613,37.261217],[131.22425,37.262302],[131.227003,37.263425],[131.229665,37.264517],[131.232437,37.26562],[131.235085,37.266685],[131.238103,37.267915],[131.240587,37.268902],[131.243238,37.269998],[131.245878,37.271025],[131.248622,37.27216],[131.25125,37.27322],[131.25395,37.274335],[131.257375,37.275753],[131.259342,37.276568],[131.263495,37.278295],[131.264792,37.278825],[131.268882,37.280502],[131.27035,37.281117],[131.274508,37.28285],[131.275952,37.283437],[131.27954,37.284927],[131.281337,37.285663],[131.285357,37.287318],[131.286342,37.28774],[131.290397,37.289428],[131.29178,37.290005],[131.295487,37.29153],[131.29734,37.292295],[131.300612,37.293695],[131.302415,37.29448],[131.305898,37.296128],[131.30774,37.297012],[131.311153,37.298667],[131.312747,37.299443],[131.31618,37.30114],[131.31791,37.301982],[131.321317,37.303652],[131.323162,37.30454],[131.32665,37.306233],[131.32843,37.307107],[131.332015,37.308825],[131.333808,37.309702],[131.337015,37.311225],[131.338962,37.31214],[131.342167,37.313697],[131.344043,37.314612],[131.347363,37.316215],[131.349277,37.317122],[131.352517,37.318685],[131.354568,37.319675],[131.357835,37.32121],[131.359733,37.32212],[131.363148,37.323777],[131.36499,37.324635],[131.368255,37.326168],[131.37031,37.327162],[131.373572,37.328702],[131.375483,37.329615],[131.378817,37.331217],[131.38072,37.33212],[131.384045,37.333715],[131.38603,37.334668],[131.389313,37.336247],[131.391233,37.337158],[131.394573,37.33875],[131.396468,37.339678],[131.399822,37.341268],[131.402222,37.342427],[131.405158,37.343833],[131.4075,37.344918],[131.410402,37.346262],[131.412795,37.347395],[131.415677,37.348753],[131.418103,37.349875],[131.421072,37.351255],[131.423488,37.352363],[131.426352,37.353728],[131.428678,37.35484],[131.431578,37.356173],[131.433987,37.357277],[131.436873,37.358623],[131.43973,37.359997],[131.44206,37.36104],[131.444997,37.362407],[131.447463,37.363528],[131.450198,37.364767],[131.452683,37.365937],[131.455557,37.367248],[131.457925,37.368355],[131.460812,37.36966],[131.463295,37.370795],[131.46608,37.372085],[131.46859,37.373198],[131.471882,37.37468],[131.474208,37.375742],[131.477268,37.377088],[131.479662,37.378162],[131.48245,37.379428],[131.48484,37.380507],[131.48773,37.381782],[131.490147,37.382845],[131.49313,37.384138],[131.495453,37.385185],[131.49836,37.386458],[131.500765,37.387532],[131.503717,37.388838],[131.506035,37.389867],[131.5089,37.391142],[131.51131,37.392197],[131.514215,37.39345],[131.516633,37.39452],[131.519595,37.395815],[131.521932,37.396807],[131.525385,37.398315],[131.527245,37.399118],[131.530617,37.4006],[131.532637,37.40146],[131.535945,37.402878],[131.53789,37.403713],[131.541375,37.4052],[131.543328,37.406022],[131.546643,37.407455],[131.548583,37.4083],[131.551977,37.40974],[131.553927,37.410562],[131.557327,37.412007],[131.559258,37.412818],[131.56264,37.414253],[131.56457,37.41507],[131.56805,37.416517],[131.569995,37.417337],[131.573373,37.418777],[131.575222,37.419555],[131.578628,37.420967],[131.580573,37.421785],[131.583982,37.423208],[131.585928,37.42401],[131.589307,37.425432],[131.591237,37.42624],[131.594997,37.427847],[131.596525,37.428487],[131.600828,37.430337],[131.602272,37.430945],[131.60618,37.43264],[131.60811,37.433455],[131.611847,37.43507],[131.613663,37.435863],[131.61758,37.43754],[131.619018,37.438165],[131.622935,37.43984],[131.624287,37.440427],[131.628132,37.442087],[131.629577,37.44271],[131.63398,37.444605],[131.634857,37.444987],[131.639255,37.446885],[131.640217,37.4473],[131.644433,37.449157],[131.645392,37.449575],[131.649692,37.45147],[131.650652,37.451888],[131.655513,37.454027],[131.655987,37.454238],[131.660665,37.4563],[131.66114,37.456512],[131.666845,37.459045],[131.67207,37.461358],[131.677737,37.463925],[131.685193,37.467308],[131.691847,37.470342],[131.708998,37.478398],[131.714168,37.48086],[131.72069,37.483958],[131.725775,37.48638],[131.731042,37.488865],[131.736925,37.491658],[131.742,37.494135],[131.747523,37.49684],[131.753458,37.49975],[131.759342,37.502655],[131.764815,37.505388],[131.770302,37.50809],[131.776023,37.510943],[131.781263,37.513515],[131.788128,37.516798],[131.793145,37.518742],[131.79827,37.519708],[131.803283,37.519623],[131.808298,37.518455],[131.813358,37.516832],[131.81852,37.515225],[131.823555,37.517297],[131.8298,37.520277],[131.834855,37.522707],[131.840208,37.52526],[131.845617,37.527847],[131.850877,37.530353],[131.856005,37.532787],[131.861062,37.535272],[131.866552,37.537943],[131.871962,37.540568],[131.87712,37.543073],[131.8824,37.545735],[131.888013,37.548535],[131.893057,37.551108],[131.898532,37.553903],[131.90363,37.556912],[131.908685,37.560032],[131.913785,37.563325],[131.919547,37.564535],[131.925472,37.566813],[131.933358,37.57102],[131.940227,37.574662],[131.94593,37.577658],[131.95151,37.580575],[131.960767,37.585433],[131.966823,37.588663],[131.976595,37.59393],[131.980737,37.596193],[131.981657,37.596692],[131.986725,37.599433],[131.992702,37.602675],[131.99777,37.605413],[132.005123,37.609403],[132.011193,37.612653],[132.023835,37.619412],[132.029618,37.622482],[132.034888,37.62526],[132.04104,37.628465],[132.047292,37.63169],[132.052655,37.634445],[132.058407,37.637413],[132.064687,37.640575],[132.070482,37.643517],[132.075802,37.646198],[132.081515,37.649093],[132.0879,37.652305],[132.094208,37.65549],[132.101495,37.659155],[132.107313,37.66214],[132.112677,37.66482],[132.128677,37.672953],[132.136713,37.677353],[132.141918,37.68021],[132.147117,37.68306],[132.152298,37.685905],[132.158425,37.689298],[132.16358,37.692148],[132.170162,37.695768],[132.176285,37.699157],[132.1864,37.704363],[132.191825,37.70678],[132.200923,37.71074],[132.206377,37.713223],[132.2133,37.716453],[132.219187,37.719147],[132.225268,37.721923],[132.250195,37.733297],[132.255272,37.735623],[132.260583,37.738053],[132.265667,37.740387],[132.27114,37.742892],[132.27713,37.745623],[132.28222,37.747918],[132.289212,37.751102],[132.294642,37.75357],[132.299712,37.75586],[132.311042,37.76099],[132.318182,37.764167],[132.327228,37.768222],[132.332342,37.770512],[132.337777,37.773002],[132.344295,37.776003],[132.349337,37.778292],[132.354358,37.780573],[132.359412,37.782863],[132.365458,37.78561],[132.3705,37.7879],[132.375562,37.790185],[132.380603,37.792465],[132.385647,37.794753],[132.390707,37.797018],[132.395758,37.79932],[132.400853,37.801577],[132.405932,37.803845],[132.41193,37.806522],[132.417677,37.809093],[132.422692,37.811293],[132.42777,37.813543],[132.432848,37.815782],[132.437967,37.81801],[132.443168,37.820298],[132.448592,37.822665],[132.453755,37.824932],[132.458933,37.8272],[132.463943,37.82939],[132.469133,37.831648],[132.474142,37.833827],[132.479245,37.836055],[132.484423,37.838312],[132.489445,37.84049],[132.49462,37.842738],[132.499648,37.844907],[132.504755,37.847107],[132.509868,37.849292],[132.51498,37.85148],[132.521125,37.8541],[132.52627,37.856283],[132.531393,37.858465],[132.536633,37.86069],[132.541715,37.862813],[132.54684,37.865005],[132.55188,37.86716],[132.557103,37.869345],[132.562277,37.871485],[132.567945,37.87386],[132.573197,37.876032],[132.578703,37.878305],[132.583887,37.880423],[132.589123,37.882602],[132.594197,37.884667],[132.599385,37.886777],[132.604557,37.888903],[132.609828,37.89107],[132.61501,37.893177],[132.620117,37.895318],[132.62516,37.897587],[132.630672,37.900133],[132.636145,37.902773],[132.643102,37.90612],[132.648682,37.908765],[132.652113,37.910392],[132.655032,37.911767],[132.660128,37.914188],[132.665135,37.916563],[132.671148,37.919402],[132.672557,37.92007],[132.676227,37.921805],[132.681675,37.92436],[132.686682,37.926727],[132.688192,37.927437],[132.691702,37.929073],[132.696717,37.931453],[132.698303,37.9322],[132.701742,37.933818],[132.707273,37.936432],[132.70878,37.937135],[132.712303,37.938777],[132.717415,37.94118],[132.722857,37.943768],[132.724453,37.944522],[132.72841,37.94636],[132.72983,37.947033],[132.733433,37.948723],[132.738478,37.951125],[132.741082,37.952343],[132.744015,37.953738],[132.74654,37.954923],[132.749142,37.956142],[132.754583,37.95871],[132.759613,37.961083],[132.765162,37.963677],[132.767165,37.96462],[132.770198,37.966008],[132.775322,37.96838],[132.78075,37.970913],[132.782738,37.97186],[132.786243,37.973513],[132.791312,37.975908],[132.797123,37.978652],[132.802182,37.981067],[132.807193,37.983407],[132.808703,37.984108],[132.812227,37.985728],[132.817235,37.988052],[132.818745,37.988763],[132.822253,37.990412],[132.827268,37.992773],[132.828777,37.993482],[132.832268,37.995133],[132.837745,37.997752],[132.839242,37.998472],[132.843307,38.000427],[132.848725,38.002988],[132.85374,38.005353],[132.858798,38.007752],[132.8642,38.0103],[132.869205,38.012648],[132.871727,38.013808],[132.874218,38.015],[132.87722,38.01641],[132.879225,38.017367],[132.884327,38.019757],[132.88774,38.021325],[132.88974,38.022278],[132.894742,38.024625],[132.900228,38.027223],[132.905228,38.029552],[132.909722,38.031703],[132.910305,38.031982],[132.915222,38.034298],[132.915722,38.034535],[132.920243,38.036642],[132.920833,38.036912],[132.926222,38.039425],[132.931237,38.041768],[132.936247,38.044123],[132.941305,38.04643],[132.94632,38.04879],[132.951393,38.051122],[132.95645,38.05343],[132.961545,38.05585],[132.966908,38.058343],[132.972022,38.060712],[132.977522,38.063307],[132.982542,38.06568],[132.987563,38.068],[132.992577,38.070372],[132.998077,38.072963],[133.003083,38.075357],[133.008512,38.077945],[133.013587,38.080355],[133.01917,38.083057],[133.024613,38.085628],[133.030105,38.088302],[133.035618,38.090923],[133.041125,38.093562],[133.046618,38.096238],[133.05223,38.098928],[133.057537,38.101525],[133.062655,38.103958],[133.068127,38.106628],[133.073138,38.10909],[133.078238,38.111582],[133.084215,38.114408],[133.089298,38.116828],[133.094322,38.119138],[133.099502,38.121527],[133.104672,38.123827],[133.10987,38.126085],[133.115072,38.128292],[133.120317,38.130467],[133.125575,38.132623],[133.130807,38.134825],[133.136018,38.137028],[133.14124,38.139213],[133.146447,38.141392],[133.151642,38.143615],[133.156882,38.145908],[133.161927,38.148158],[133.167155,38.150533],[133.172558,38.15307],[133.177735,38.155523],[133.1829,38.158013],[133.188277,38.16058],[133.193407,38.163055],[133.198985,38.1657],[133.20407,38.168078],[133.20923,38.170382],[133.214362,38.172658],[133.21953,38.174977],[133.224713,38.177297],[133.229858,38.179613],[133.235038,38.181903],[133.240192,38.184212],[133.245345,38.186528],[133.250382,38.188787],[133.25561,38.19114],[133.260772,38.193452],[133.265877,38.19576],[133.270988,38.19807],[133.27605,38.200315],[133.281267,38.202643],[133.286352,38.204922],[133.29148,38.207237],[133.296615,38.209523],[133.301735,38.211825],[133.306878,38.214123],[133.312015,38.216422],[133.317152,38.218727],[133.322305,38.221028],[133.327357,38.223305],[133.332588,38.22563],[133.337677,38.227945],[133.342805,38.230268],[133.347945,38.232552],[133.352968,38.234822],[133.358088,38.237153],[133.363305,38.239498],[133.368332,38.24179],[133.373617,38.244207],[133.378638,38.246522],[133.383742,38.248838],[133.388913,38.25119],[133.39394,38.253482],[133.399033,38.255818],[133.404075,38.258103],[133.409265,38.260488],[133.414375,38.26281],[133.41949,38.26516],[133.424607,38.267515],[133.42972,38.269857],[133.434857,38.27224],[133.440063,38.27465],[133.445092,38.276962],[133.450305,38.279372],[133.455355,38.281677],[133.460393,38.284],[133.465552,38.286347],[133.47068,38.288703],[133.475912,38.291067],[133.480972,38.293335],[133.48612,38.295665],[133.491287,38.297995],[133.496542,38.300357],[133.501698,38.302687],[133.506835,38.305012],[133.51198,38.307328],[133.517122,38.309635],[133.52225,38.311957],[133.527458,38.314313],[133.532462,38.316585],[133.537583,38.318893],[133.54266,38.321183],[133.547767,38.323478],[133.552933,38.325817],[133.558433,38.328313],[133.563515,38.330632],[133.568602,38.332973],[133.5737,38.33529],[133.578803,38.337632],[133.583918,38.339967],[133.589052,38.342293],[133.594138,38.344628],[133.599242,38.346945],[133.604355,38.349262],[133.609475,38.351593],[133.614588,38.353927],[133.619712,38.35623],[133.624852,38.35855],[133.630052,38.360897],[133.635085,38.36317],[133.64029,38.365528],[133.64533,38.367817],[133.650457,38.37013],[133.655663,38.372455],[133.660765,38.374658],[133.665957,38.376907],[133.67104,38.379113],[133.676318,38.381392],[133.681442,38.383533],[133.686688,38.385687],[133.691978,38.387853],[133.697112,38.389983],[133.702375,38.39217],[133.707535,38.394383],[133.712655,38.396605],[133.717787,38.39886],[133.722923,38.401127],[133.72804,38.403372],[133.733153,38.405647],[133.738245,38.407888],[133.743357,38.410132],[133.748455,38.41236],[133.75357,38.414592],[133.759072,38.417027],[133.764193,38.41926],[133.769333,38.421535],[133.77434,38.423735],[133.77951,38.425995],[133.784995,38.428372],[133.790128,38.430608],[133.795183,38.4328],[133.800203,38.435002],[133.805237,38.437183],[133.810752,38.439603],[133.8158,38.441793],[133.82085,38.444085],[133.826203,38.446608],[133.831625,38.449195],[133.837075,38.451737],[133.842442,38.454268],[133.847552,38.456603],[133.85303,38.459145],[133.858048,38.461452],[133.863517,38.463973],[133.868987,38.466508],[133.87406,38.468815],[133.879452,38.471272],[133.88496,38.473775],[133.890413,38.476272],[133.895907,38.478762],[133.901347,38.481217],[133.906415,38.483522],[133.91168,38.485903],[133.916842,38.488257],[133.922043,38.490623],[133.927065,38.492887],[133.932427,38.4953],[133.937925,38.497768],[133.943338,38.5002],[133.948382,38.502463],[133.953518,38.504737],[133.9589,38.507142],[133.96404,38.509445],[133.969528,38.511895],[133.974672,38.514193],[133.979723,38.516445],[133.98527,38.518945],[133.990312,38.521185],[133.995948,38.523708],[134.001297,38.526115],[134.00644,38.528402],[134.011913,38.530853],[134.016993,38.533115],[134.02213,38.535415],[134.027698,38.537905],[134.032788,38.54016],[134.037828,38.542408],[134.042935,38.54467],[134.048075,38.546977],[134.05348,38.549378],[134.05867,38.551672],[134.063715,38.553932],[134.068765,38.556188],[134.073877,38.558495],[134.07929,38.560905],[134.08441,38.563195],[134.090082,38.565733],[134.095533,38.568153],[134.100672,38.57045],[134.106122,38.57293],[134.11118,38.575182],[134.116343,38.57752],[134.121802,38.579935],[134.1269,38.582208],[134.131958,38.584472],[134.137042,38.586733],[134.142113,38.589028],[134.14759,38.591488],[134.152753,38.59381],[134.157757,38.59605],[134.16281,38.598323],[134.16803,38.60063],[134.173578,38.603122],[134.178678,38.605408],[134.18372,38.607678],[134.189252,38.610207],[134.194323,38.612507],[134.199355,38.61478],[134.204425,38.61709],[134.209473,38.619383],[134.214518,38.62166],[134.219557,38.623942],[134.224595,38.626238],[134.229602,38.6285],[134.234668,38.630803],[134.239683,38.633113],[134.244748,38.635398],[134.250227,38.637895],[134.25534,38.640232],[134.260382,38.642525],[134.265443,38.644833],[134.270462,38.647165],[134.275508,38.649477],[134.280565,38.651788],[134.285588,38.6541],[134.290627,38.65644],[134.295655,38.65876],[134.301187,38.661303],[134.30626,38.663622],[134.311337,38.665917],[134.3164,38.668227],[134.321475,38.670505],[134.326548,38.672812],[134.331602,38.675117],[134.337085,38.677583],[134.342252,38.67993],[134.347308,38.682195],[134.352795,38.684635],[134.357962,38.686942],[134.363605,38.689468],[134.368983,38.691877],[134.374118,38.694138],[134.379583,38.69656],[134.384688,38.698835],[134.389718,38.701042],[134.394752,38.703268],[134.39978,38.705515],[134.404782,38.707747],[134.409787,38.709977],[134.415298,38.71243],[134.420307,38.714687],[134.425307,38.716953],[134.430703,38.719383],[134.435793,38.721703],[134.441275,38.724212],[134.446762,38.72668],[134.452243,38.729173],[134.457642,38.731635],[134.46265,38.733913],[134.467722,38.736187],[134.47309,38.738665],[134.47819,38.740943],[134.483672,38.743443],[134.489163,38.745923],[134.494205,38.748193],[134.49961,38.750632],[134.505025,38.753078],[134.510482,38.755563],[134.515887,38.758032],[134.520927,38.760332],[134.526395,38.762865],[134.531863,38.76537],[134.537302,38.76787],[134.542752,38.770393],[134.548073,38.772837],[134.553088,38.775182],[134.558095,38.77745],[134.563463,38.779827],[134.568937,38.78226],[134.574397,38.78469],[134.579853,38.787133],[134.58488,38.789358],[134.590143,38.79173],[134.59516,38.793973],[134.6006,38.79638],[134.605968,38.798772],[134.611362,38.801202],[134.616873,38.803678],[134.622178,38.806063],[134.627668,38.808535],[134.633075,38.81096],[134.638398,38.813337],[134.643858,38.815795],[134.649232,38.818265],[134.654623,38.820657],[134.660107,38.82314],[134.66535,38.825493],[134.670367,38.827732],[134.675783,38.830187],[134.681207,38.832665],[134.686638,38.83511],[134.692152,38.837635],[134.697415,38.840008],[134.70243,38.842273],[134.707727,38.844678],[134.713202,38.84717],[134.71862,38.849623],[134.723877,38.852035],[134.729208,38.854463],[134.73453,38.85689],[134.739792,38.859257],[134.745178,38.861715],[134.750602,38.864175],[134.755825,38.866607],[134.761133,38.86904],[134.766455,38.871453],[134.771665,38.873847],[134.777073,38.876313],[134.782467,38.878772],[134.787632,38.881102],[134.793015,38.883583],[134.79835,38.88597],[134.803748,38.888335],[134.809152,38.890655],[134.814547,38.893007],[134.819972,38.895362],[134.825002,38.897533],[134.83036,38.899847],[134.835807,38.902208],[134.841255,38.90455],[134.846747,38.906917],[134.852238,38.909265],[134.857733,38.911618],[134.862752,38.913767],[134.867772,38.915923],[134.872795,38.918093],[134.877833,38.920243],[134.882982,38.92243],[134.888453,38.924782],[134.893522,38.926922],[134.898637,38.92909],[134.903713,38.931237],[134.908937,38.93346],[134.913938,38.935563],[134.919082,38.937777],[134.924543,38.940222],[134.92957,38.942478],[134.934665,38.944755],[134.940007,38.947188],[134.945082,38.949487],[134.950635,38.951962],[134.955652,38.954192],[134.960783,38.956482],[134.966228,38.958915],[134.97129,38.961147],[134.976335,38.963372],[134.981387,38.965593],[134.986905,38.968087],[134.992373,38.970522],[134.99747,38.972795],[135.002953,38.975325],[135.008427,38.977883],[135.013888,38.980435],[135.019355,38.983007],[135.024792,38.985538],[135.030255,38.988057],[135.035713,38.990588],[135.041192,38.993118],[135.046685,38.995662],[135.052203,38.998155],[135.057243,39.000388],[135.062385,39.002668],[135.06776,39.005033],[135.072917,39.0073],[135.07849,39.009753],[135.083537,39.011987],[135.08866,39.01425],[135.094128,39.01668],[135.099265,39.018942],[135.104332,39.02119],[135.10981,39.0236],[135.114862,39.025853],[135.119903,39.028087],[135.124952,39.03034],[135.130498,39.032795],[135.13598,39.035223],[135.141115,39.03751],[135.146597,39.039948],[135.15175,39.042235],[135.156825,39.044467],[135.16184,39.046642],[135.166923,39.048903],[135.172027,39.051153],[135.17712,39.05339],[135.182323,39.055677],[135.187823,39.058075],[135.192998,39.060345],[135.198573,39.062792],[135.20367,39.065025],[135.208832,39.067325],[135.214313,39.069827],[135.219897,39.072357],[135.224978,39.07465],[135.230028,39.076957],[135.235095,39.079242],[135.24016,39.081523],[135.245227,39.083828],[135.250375,39.086162],[135.255855,39.088627],[135.261025,39.090925],[135.266035,39.093155],[135.27121,39.095475],[135.27629,39.097757],[135.281702,39.100152],[135.286887,39.102463],[135.291932,39.104698],[135.297147,39.106998],[135.30226,39.109285],[135.307317,39.11153],[135.312573,39.113822],[135.317625,39.11605],[135.32288,39.118367],[135.327945,39.12062],[135.333105,39.122878],[135.338332,39.125153],[135.343408,39.12738],[135.348662,39.129687],[135.353738,39.131898],[135.358925,39.134135],[135.36428,39.136443],[135.369398,39.138657],[135.374582,39.140902],[135.379742,39.143177],[135.384918,39.145465],[135.390198,39.147758],[135.395285,39.149968],[135.400468,39.15221],[135.405575,39.15441],[135.410815,39.156698],[135.41582,39.15899],[135.421017,39.161342],[135.426123,39.163643],[135.431135,39.165918],[135.436323,39.168287],[135.441372,39.17053],[135.44658,39.17287],[135.451673,39.175152],[135.456688,39.17742],[135.461855,39.179783],[135.466873,39.182027],[135.47197,39.18431],[135.477177,39.186643],[135.482198,39.1889],[135.487423,39.191218],[135.492523,39.19353],[135.497645,39.195823],[135.502877,39.198145],[135.508433,39.200592],[135.513543,39.20287],[135.518583,39.205083],[135.523802,39.2074],[135.528933,39.20965],[135.534072,39.211895],[135.539205,39.214142],[135.544237,39.216365],[135.549465,39.218643],[135.554583,39.220855],[135.559603,39.22306],[135.564795,39.225327],[135.569808,39.227538],[135.57505,39.22985],[135.580097,39.232028],[135.58519,39.234282],[135.590368,39.23656],[135.595378,39.238775],[135.600448,39.241027],[135.605535,39.243253],[135.610618,39.245485],[135.615773,39.247767],[135.621285,39.250192],[135.62637,39.252437],[135.631455,39.254685],[135.636532,39.256918],[135.641728,39.259208],[135.64723,39.261625],[135.65234,39.263858],[135.657345,39.266025],[135.662508,39.268307],[135.667615,39.270537],[135.672697,39.272753],[135.67776,39.275022],[135.683213,39.277425],[135.688292,39.279672],[135.693407,39.28194],[135.698727,39.284298],[135.703778,39.286555],[135.709172,39.28897],[135.714728,39.291445],[135.719792,39.293683],[135.725093,39.29605],[135.730133,39.298305],[135.735207,39.30054],[135.740617,39.30297],[135.746087,39.305418],[135.751622,39.307925],[135.756993,39.310343],[135.762477,39.312803],[135.767928,39.31528],[135.773287,39.317722],[135.778325,39.320023],[135.783667,39.322475],[135.788687,39.324787],[135.794168,39.327315],[135.79948,39.329763],[135.804872,39.332277],[135.810343,39.334792],[135.81605,39.337447],[135.821487,39.339995],[135.826927,39.342527],[135.832222,39.344973],[135.837583,39.347473],[135.843005,39.350028],[135.848193,39.352457],[135.853202,39.354822],[135.858482,39.357298],[135.863805,39.359807],[135.86914,39.36234],[135.874432,39.364813],[135.879868,39.36727],[135.884898,39.369508],[135.890228,39.371875],[135.895637,39.374282],[135.90064,39.376488],[135.90597,39.378882],[135.911357,39.38131],[135.916647,39.383725],[135.922117,39.386222],[135.927493,39.38868],[135.932868,39.391167],[135.938167,39.393637],[135.943618,39.396173],[135.948985,39.398685],[135.954268,39.401152],[135.959713,39.403702],[135.965087,39.406215],[135.970457,39.408748],[135.975927,39.411345],[135.981225,39.413852],[135.986643,39.41636],[135.992115,39.418845],[135.997597,39.421355],[136.003068,39.423838],[136.008527,39.426332],[136.014008,39.42881],[136.019398,39.43126],[136.02445,39.433568],[136.029825,39.43605],[136.034867,39.43838],[136.04033,39.44091],[136.045358,39.443183],[136.050387,39.445427],[136.055828,39.447832],[136.060928,39.45007],[136.066427,39.452493],[136.071897,39.454895],[136.076973,39.457135],[136.082247,39.459515],[136.087295,39.46175],[136.092792,39.464217],[136.09807,39.466565],[136.103607,39.469018],[136.108648,39.471257],[136.11403,39.473622],[136.119062,39.475843],[136.124513,39.478243],[136.12986,39.480618],[136.13541,39.483078],[136.140787,39.48547],[136.145797,39.48766],[136.150835,39.489902],[136.156227,39.492285],[136.162195,39.494928],[136.167692,39.497357],[136.173187,39.499762],[136.178275,39.502002],[136.183662,39.504372],[136.188667,39.506578],[136.194152,39.508992],[136.199568,39.511395],[136.204618,39.513633],[136.210085,39.516042],[136.215472,39.518442],[136.220943,39.520888],[136.226007,39.523145],[136.231393,39.525552],[136.236475,39.527845],[136.242023,39.530278],[136.247445,39.532665],[136.252507,39.534915],[136.257913,39.537327],[136.262998,39.539565],[136.268488,39.541983],[136.274,39.544415],[136.27947,39.546818],[136.284603,39.549055],[136.29001,39.551418],[136.295515,39.553825],[136.300582,39.556055],[136.306018,39.558412],[136.311045,39.560575],[136.316063,39.562758],[136.321078,39.564932],[136.326173,39.56713],[136.331515,39.569467],[136.336645,39.57168],[136.341665,39.573862],[136.34672,39.576052],[136.352305,39.578497],[136.357685,39.580798],[136.362733,39.582965],[136.367755,39.585122],[136.372775,39.587285],[136.377892,39.589458],[136.38331,39.591805],[136.38842,39.59398],[136.393435,39.596123],[136.398925,39.59847],[136.404,39.600597],[136.40932,39.60287],[136.414438,39.605025],[136.41994,39.607353],[136.424973,39.609453],[136.429985,39.611582],[136.435585,39.613948],[136.441032,39.616247],[136.446083,39.618365],[136.451118,39.620482],[136.456137,39.622595],[136.461215,39.624685],[136.466228,39.626822],[136.47125,39.62894],[136.476268,39.631062],[136.481317,39.633132],[136.486317,39.635257],[136.491368,39.637373],[136.496417,39.639495],[136.503035,39.64226],[136.55179,39.663265],[136.563287,39.66829],[136.572735,39.672465],[136.591088,39.680585],[136.597532,39.68344],[136.60296,39.685903],[136.608393,39.6883],[136.613793,39.690733],[136.619237,39.693152],[136.625167,39.695768],[136.630577,39.698162],[136.636003,39.7006],[136.641427,39.702985],[136.646937,39.705435],[136.65229,39.707778],[136.657688,39.710228],[136.663112,39.712623],[136.668428,39.71501],[136.673913,39.7175],[136.679413,39.719985],[136.68464,39.722382],[136.69014,39.724847],[136.69515,39.727098],[136.700458,39.729508],[136.705878,39.731937],[136.711242,39.73437],[136.716628,39.736815],[136.722093,39.739335],[136.727425,39.741772],[136.732855,39.744243],[136.738258,39.746728],[136.743627,39.749142],[136.748653,39.751442],[136.754082,39.753938],[136.759532,39.756423],[136.76498,39.758875],[136.770028,39.761195],[136.775448,39.763607],[136.780488,39.765918],[136.785888,39.768353],[136.791278,39.770803],[136.796798,39.773298],[136.80237,39.775848],[136.807383,39.77809],[136.812898,39.78059],[136.817913,39.78287],[136.822918,39.78514],[136.827938,39.78741],[136.832968,39.789663],[136.838468,39.79211],[136.844573,39.794868],[136.850518,39.797572],[136.855547,39.79984],[136.860577,39.802113],[136.865602,39.804415],[136.870632,39.806688],[136.876157,39.809188],[136.881183,39.811445],[136.886593,39.813948],[136.89209,39.81644],[136.897185,39.818738],[136.902663,39.821225],[136.908128,39.823722],[136.913608,39.826208],[136.918998,39.828688],[136.924472,39.831182],[136.929548,39.833498],[136.935013,39.836012],[136.94047,39.838543],[136.946017,39.841095],[136.951388,39.843585],[136.956777,39.84607],[136.96234,39.848623],[136.967347,39.850933],[136.972467,39.853263],[136.977863,39.85578],[136.98335,39.858315],[136.988412,39.86067],[136.99372,39.863145],[136.99877,39.865502],[137.00426,39.868063],[137.00973,39.870622],[137.015202,39.873208],[137.02077,39.875838],[137.026147,39.8784],[137.031598,39.881012],[137.037002,39.88356],[137.042063,39.885988],[137.047545,39.888603],[137.05295,39.891185],[137.05843,39.893808],[137.063507,39.89623],[137.069432,39.899057],[137.074455,39.901435],[137.079557,39.903867],[137.08509,39.9065],[137.0902,39.908805],[137.095337,39.911065],[137.100502,39.913292],[137.105748,39.915538],[137.11084,39.917735],[137.11603,39.919955],[137.121198,39.922198],[137.126388,39.924425],[137.131687,39.926695],[137.136835,39.928893],[137.142067,39.931105],[137.147245,39.933275],[137.152557,39.93551],[137.157807,39.937712],[137.163097,39.939902],[137.168408,39.9421],[137.173583,39.944277],[137.178978,39.946505],[137.184232,39.94866],[137.189555,39.950855],[137.194977,39.953092],[137.20022,39.955247],[137.205773,39.9575],[137.21106,39.959635],[137.21644,39.961823],[137.221917,39.96403],[137.227208,39.966175],[137.232642,39.968397],[137.237893,39.970523],[137.243255,39.972685],[137.248707,39.974885],[137.253948,39.977015],[137.259238,39.979243],[137.264518,39.981475],[137.269837,39.98371],[137.275233,39.985978],[137.28047,39.98818],[137.285797,39.990403],[137.291105,39.992593],[137.296413,39.994853],[137.3017,39.997125],[137.306993,39.999385],[137.312273,40.001673],[137.317547,40.003958],[137.322815,40.006218],[137.328223,40.008522],[137.33339,40.010743],[137.338675,40.013022],[137.343948,40.015285],[137.349233,40.017527],[137.35457,40.019787],[137.359862,40.022058],[137.365702,40.02454],[137.370903,40.026748],[137.376178,40.029002],[137.381553,40.031285],[137.386748,40.033487],[137.392125,40.035777],[137.397333,40.038022],[137.402687,40.040367],[137.408005,40.042677],[137.413205,40.044953],[137.418615,40.047295],[137.4239,40.049595],[137.429195,40.051878],[137.434527,40.054165],[137.439892,40.056432],[137.445223,40.058708],[137.450528,40.060938],[137.455888,40.06323],[137.461263,40.065507],[137.466675,40.067768],[137.473327,40.070563],[137.47866,40.072772],[137.484055,40.074992],[137.489558,40.077253],[137.494878,40.07943],[137.500217,40.0817],[137.50547,40.083965],[137.510847,40.086322],[137.51614,40.088633],[137.52132,40.090963],[137.526648,40.093383],[137.53193,40.095767],[137.537257,40.098185],[137.542543,40.100525],[137.547683,40.102853],[137.553037,40.10527],[137.558215,40.107552],[137.563547,40.109952],[137.568722,40.112237],[137.574492,40.114825],[137.57975,40.117148],[137.584912,40.119477],[137.590288,40.12183],[137.595645,40.124203],[137.600847,40.12644],[137.606157,40.12877],[137.611333,40.130985],[137.61703,40.133512],[137.622335,40.135803],[137.627397,40.138058],[137.63269,40.140385],[137.63983,40.143537],[137.644962,40.145817],[137.65571,40.150602],[137.68431,40.163292],[137.70618,40.172822],[137.711497,40.175135],[137.718297,40.178062],[137.72457,40.180773],[137.729805,40.183037],[137.7349,40.185322],[137.740142,40.187597],[137.745437,40.18991],[137.750592,40.192137],[137.75589,40.19447],[137.761017,40.19673],[137.766293,40.199037],[137.771502,40.201292],[137.776722,40.203595],[137.781962,40.205873],[137.78722,40.208158],[137.792473,40.210452],[137.797803,40.212812],[137.802992,40.215087],[137.808247,40.217418],[137.813502,40.219725],[137.81873,40.222053],[137.823963,40.224337],[137.829177,40.226722],[137.834387,40.229088],[137.839642,40.231428],[137.844865,40.2338],[137.850005,40.236107],[137.855252,40.23848],[137.860515,40.240855],[137.865635,40.243163],[137.870915,40.245542],[137.876032,40.24788],[137.881223,40.25025],[137.886533,40.252612],[137.89173,40.254973],[137.896937,40.257335],[137.902072,40.259662],[137.907368,40.262067],[137.91261,40.264412],[137.917838,40.266808],[137.923067,40.269172],[137.928225,40.271532],[137.93342,40.273898],[137.938727,40.276325],[137.943857,40.278627],[137.949128,40.281047],[137.954333,40.283393],[137.95955,40.285755],[137.964853,40.288137],[137.97001,40.290453],[137.975343,40.292855],[137.98044,40.29516],[137.985647,40.297538],[137.990842,40.299885],[137.996045,40.302255],[138.001227,40.304597],[138.006345,40.306905],[138.011623,40.3093],[138.01672,40.31163],[138.021998,40.314015],[138.027197,40.316412],[138.032423,40.318757],[138.037637,40.321135],[138.042757,40.323468],[138.048003,40.325882],[138.053358,40.328307],[138.058542,40.330637],[138.063843,40.333082],[138.069073,40.335495],[138.07431,40.337842],[138.07963,40.34013],[138.084922,40.342438],[138.090178,40.344745],[138.095428,40.347083],[138.100692,40.349432],[138.105963,40.351775],[138.111083,40.354073],[138.116397,40.356482],[138.12158,40.35876],[138.126863,40.361138],[138.131983,40.363425],[138.137208,40.36573],[138.14261,40.368115],[138.147745,40.370393],[138.153037,40.372745],[138.15815,40.375033],[138.163328,40.377318],[138.168427,40.379558],[138.173688,40.381917],[138.17888,40.384242],[138.184037,40.38651],[138.189298,40.388843],[138.19444,40.391132],[138.199647,40.393448],[138.204933,40.395795],[138.210037,40.398075],[138.215222,40.400375],[138.220417,40.40268],[138.2257,40.405045],[138.23102,40.407408],[138.236113,40.409675],[138.2414,40.412033],[138.246508,40.414307],[138.251792,40.416647],[138.256948,40.418958],[138.26206,40.421213],[138.267212,40.423515],[138.27243,40.425828],[138.27763,40.42813],[138.282823,40.430443],[138.287912,40.432693],[138.293198,40.435022],[138.298288,40.437275],[138.303555,40.439607],[138.308625,40.441832],[138.313818,40.444133],[138.319135,40.44636],[138.324303,40.4485],[138.329665,40.450692],[138.334825,40.452808],[138.340132,40.455],[138.345373,40.457152],[138.350567,40.459283],[138.35593,40.461512],[138.361202,40.463677],[138.36647,40.465837],[138.371793,40.468023],[138.376973,40.470148],[138.38217,40.472272],[138.387293,40.47438],[138.3926,40.476577],[138.397697,40.47868],[138.403012,40.48085],[138.408215,40.483],[138.4133,40.485097],[138.418683,40.487298],[138.423818,40.489408],[138.429025,40.491518],[138.434382,40.493697],[138.43951,40.495817],[138.444778,40.49797],[138.449953,40.500083],[138.45512,40.502213],[138.460403,40.5044],[138.465515,40.506518],[138.47072,40.50868],[138.475917,40.51081],[138.481093,40.512948],[138.486252,40.515112],[138.49145,40.517277],[138.496717,40.519485],[138.501818,40.521618],[138.506998,40.523783],[138.51221,40.525925],[138.517407,40.528085],[138.522665,40.530277],[138.527795,40.532393],[138.53307,40.534575],[138.538203,40.536707],[138.543372,40.538857],[138.54847,40.541095],[138.553522,40.543425],[138.559015,40.546018],[138.564413,40.54857],[138.569883,40.551165],[138.570382,40.5514],[138.575437,40.553768],[138.580842,40.556335],[138.58639,40.558967],[138.591408,40.561328],[138.596415,40.563722],[138.601898,40.566318],[138.607308,40.568895],[138.612757,40.57148],[138.618188,40.574012],[138.623742,40.576552],[138.629047,40.579015],[138.634112,40.58136],[138.639583,40.583948],[138.645035,40.586542],[138.650475,40.5891],[138.655935,40.591635],[138.656432,40.591865],[138.660943,40.593922],[138.66145,40.594145],[138.665953,40.596227],[138.66703,40.59673],[138.67145,40.598757],[138.672452,40.599215],[138.676925,40.601317],[138.67793,40.601772],[138.681947,40.603642],[138.682945,40.6041],[138.686953,40.60597],[138.687957,40.606428],[138.692448,40.608522],[138.693457,40.608993],[138.697888,40.611048],[138.698982,40.611552],[138.703077,40.613487],[138.704003,40.613927],[138.708083,40.615808],[138.71,40.61669],[138.713503,40.61832],[138.715422,40.619203],[138.718538,40.620642],[138.72044,40.621535],[138.723912,40.62313],[138.725495,40.62385],[138.72951,40.62575],[138.731,40.626453],[138.734593,40.628128],[138.73653,40.629042],[138.740025,40.630727],[138.741608,40.631465],[138.745048,40.63308],[138.747085,40.634037],[138.75018,40.635493],[138.752103,40.636395],[138.755552,40.638022],[138.757127,40.638752],[138.760637,40.640395],[138.762163,40.641105],[138.766053,40.642962],[138.767227,40.643508],[138.771102,40.645337],[138.772683,40.64608],[138.776217,40.647733],[138.777732,40.648468],[138.781668,40.650313],[138.783345,40.651067],[138.786827,40.65264],[138.788355,40.653318],[138.791927,40.654873],[138.793525,40.65558],[138.797042,40.65711],[138.798572,40.65777],[138.802153,40.659322],[138.803683,40.65999],[138.807683,40.661707],[138.808785,40.662178],[138.812825,40.663912],[138.81385,40.664335],[138.818065,40.666085],[138.819112,40.66652],[138.823185,40.66821],[138.824223,40.668635],[138.828478,40.670395],[138.829517,40.670822],[138.833625,40.672495],[138.834678,40.672942],[138.838955,40.674713],[138.83992,40.675117],[138.844157,40.67689],[138.845198,40.677313],[138.849302,40.679025],[138.850432,40.679492],[138.854635,40.681242],[138.855768,40.681715],[138.859727,40.683382],[138.860858,40.683848],[138.86497,40.685522],[138.866095,40.685985],[138.870148,40.687672],[138.871272,40.68814],[138.875342,40.689842],[138.876395,40.690285],[138.880655,40.692075],[138.881708,40.692513],[138.885785,40.69425],[138.886825,40.694687],[138.891007,40.696427],[138.892148,40.696917],[138.896255,40.698643],[138.897403,40.699122],[138.901515,40.700867],[138.902543,40.7013],[138.906838,40.703098],[138.907877,40.703535],[138.911992,40.705277],[138.91305,40.705715],[138.917305,40.707505],[138.918353,40.707938],[138.922522,40.70972],[138.923575,40.710157],[138.92775,40.711945],[138.928798,40.712388],[138.933062,40.714165],[138.934023,40.714565],[138.938227,40.716342],[138.939187,40.716743],[138.943487,40.718575],[138.944527,40.719003],[138.948712,40.720777],[138.949763,40.721223],[138.95395,40.722985],[138.95492,40.723398],[138.959292,40.725255],[138.960247,40.725662],[138.964438,40.727443],[138.965393,40.727847],[138.969743,40.729677],[138.970697,40.730085],[138.974885,40.731872],[138.97585,40.732278],[138.980127,40.734118],[138.981097,40.734522],[138.985402,40.736348],[138.986453,40.736792],[138.9906,40.738545],[138.991745,40.739023],[138.995968,40.740792],[138.997025,40.741245],[139.001158,40.742998],[139.00239,40.743513],[139.006548,40.74529],[139.007603,40.745732],[139.011845,40.747522],[139.01299,40.748],[139.01714,40.749737],[139.018203,40.750178],[139.022432,40.751938],[139.023495,40.752377],[139.027722,40.754182],[139.02877,40.75465],[139.03295,40.756522],[139.033983,40.756988],[139.038135,40.75885],[139.03918,40.759317],[139.043367,40.761227],[139.044423,40.761702],[139.04858,40.763603],[139.049532,40.764038],[139.053822,40.765977],[139.054775,40.76641],[139.05906,40.768335],[139.060013,40.768775],[139.064272,40.770695],[139.065323,40.771168],[139.06953,40.77306],[139.070498,40.773493],[139.074758,40.77544],[139.075805,40.775907],[139.080028,40.777787],[139.081088,40.778252],[139.085273,40.780125],[139.086328,40.78059],[139.090603,40.782465],[139.091655,40.782922],[139.095742,40.784733],[139.09679,40.785192],[139.101063,40.78709],[139.10211,40.787562],[139.106252,40.789398],[139.107295,40.789877],[139.111498,40.791752],[139.11256,40.792215],[139.11677,40.794088],[139.117898,40.794592],[139.122043,40.796422],[139.12311,40.796895],[139.127342,40.798755],[139.128403,40.799227],[139.132657,40.801108],[139.133625,40.801538],[139.137943,40.803452],[139.139007,40.803915],[139.143237,40.8058],[139.144297,40.806262],[139.148517,40.808137],[139.149577,40.808598],[139.153782,40.810478],[139.154838,40.81094],[139.159072,40.812828],[139.160033,40.813255],[139.164325,40.815153],[139.165375,40.815623],[139.169512,40.817465],[139.17066,40.817977],[139.174885,40.819848],[139.17594,40.82033],[139.180163,40.822192],[139.181222,40.82265],[139.18542,40.82453],[139.186465,40.824988],[139.190677,40.826897],[139.191645,40.827313],[139.195843,40.829193],[139.196895,40.829668],[139.201117,40.831528],[139.202153,40.831997],[139.206382,40.833888],[139.207335,40.83432],[139.211557,40.836195],[139.212527,40.836627],[139.217378,40.838787],[139.217903,40.839018],[139.22254,40.841095],[139.223073,40.841328],[139.22796,40.84348],[139.228408,40.843677],[139.233197,40.845818],[139.23382,40.846092],[139.238683,40.848138],[139.23977,40.848585],[139.244108,40.850395],[139.245207,40.850835],[139.249515,40.852583],[139.250502,40.852987],[139.25549,40.855],[139.257677,40.855862],[139.260998,40.857207],[139.263608,40.85826],[139.266333,40.859355],[139.268963,40.860423],[139.271753,40.861562],[139.274462,40.86265],[139.277185,40.863765],[139.279962,40.864873],[139.282715,40.866012],[139.285373,40.86708],[139.288235,40.868218],[139.290997,40.869328],[139.293748,40.870428],[139.296477,40.871538],[139.298768,40.87245],[139.301993,40.873728],[139.30417,40.874598],[139.30753,40.875933],[139.30961,40.876772],[139.312877,40.878078],[139.315043,40.87895],[139.318407,40.88027],[139.320497,40.881115],[139.323738,40.88241],[139.325985,40.883322],[139.329257,40.884617],[139.331345,40.885462],[139.334688,40.886825],[139.336793,40.887668],[139.340112,40.889015],[139.3422,40.889867],[139.345538,40.891188],[139.347727,40.892062],[139.351022,40.893382],[139.35275,40.894063],[139.35649,40.895552],[139.35814,40.896198],[139.362042,40.897747],[139.363687,40.89841],[139.36746,40.899907],[139.369102,40.900555],[139.373018,40.902128],[139.374568,40.902748],[139.378407,40.904283],[139.380042,40.904915],[139.38388,40.906467],[139.385533,40.907125],[139.389467,40.908692],[139.391028,40.909335],[139.394915,40.910865],[139.396475,40.911482],[139.40042,40.913065],[139.401513,40.913508],[139.405975,40.915273],[139.40653,40.915487],[139.411495,40.917457],[139.412055,40.917682],[139.416987,40.919653],[139.417538,40.919868],[139.422498,40.921865],[139.423045,40.922085],[139.428058,40.924098],[139.433425,40.926255],[139.438863,40.928447],[139.444357,40.930505],[139.449358,40.93237],[139.454377,40.934395],[139.459702,40.936588],[139.46015,40.936775],[139.465127,40.938827],[139.46567,40.939052],[139.470583,40.941065],[139.47104,40.941252],[139.475967,40.94347],[139.476497,40.943722],[139.481158,40.945988],[139.481775,40.94629],[139.486502,40.94863],[139.48694,40.94885],[139.4916,40.951348],[139.492102,40.951633],[139.496957,40.954448],[139.497528,40.954787],[139.502395,40.957688],[139.502878,40.957988],[139.507755,40.960908],[139.50824,40.9612],[139.513113,40.964118],[139.51352,40.96436],[139.518497,40.96736],[139.51899,40.967652],[139.524043,40.970622],[139.529453,40.973722],[139.534548,40.976403],[139.539697,40.978922],[139.545072,40.981397],[139.550378,40.983835],[139.555683,40.986283],[139.561008,40.988703],[139.566295,40.991132],[139.571588,40.993573],[139.576978,40.996067],[139.582162,40.998485],[139.587422,41.000932],[139.5927,41.003373],[139.597972,41.005857],[139.60333,41.008403],[139.608517,41.010832],[139.613885,41.013327],[139.619043,41.015757],[139.624345,41.018265],[139.629758,41.020842],[139.630295,41.021092],[139.63499,41.02333],[139.63606,41.023823],[139.640487,41.025773],[139.641493,41.026202],[139.645855,41.028095],[139.646862,41.028518],[139.651378,41.030323],[139.651928,41.030543],[139.657053,41.032553],[139.662565,41.034703],[139.667603,41.036652],[139.673058,41.03881],[139.678257,41.040858],[139.683743,41.042997],[139.684207,41.043178],[139.689298,41.045178],[139.6943,41.047142],[139.699738,41.049287],[139.704802,41.051297],[139.710248,41.053445],[139.715422,41.055447],[139.72089,41.05757],[139.726432,41.059713],[139.732022,41.061875],[139.73743,41.063987],[139.742987,41.06617],[139.74834,41.068297],[139.753858,41.07046],[139.759428,41.07263],[139.764828,41.074785],[139.770442,41.07701],[139.775853,41.079142],[139.781313,41.081323],[139.786952,41.08358],[139.792412,41.085697],[139.79793,41.087927],[139.803293,41.090307],[139.808592,41.09281],[139.813943,41.095392],[139.81912,41.097893],[139.824397,41.100415],[139.829663,41.102932],[139.834937,41.105495],[139.840132,41.108],[139.845472,41.110567],[139.850737,41.113082],[139.856028,41.115632],[139.861347,41.118195],[139.866578,41.120697],[139.871978,41.123313],[139.877273,41.125912],[139.882493,41.128455],[139.88787,41.131083],[139.893195,41.13366],[139.898515,41.13622],[139.90384,41.138808],[139.909173,41.141357],[139.914487,41.14395],[139.919733,41.146497],[139.92495,41.149038],[139.930215,41.151543],[139.935378,41.15401],[139.940725,41.156567],[139.945928,41.159045],[139.951332,41.161608],[139.95672,41.164148],[139.96187,41.166598],[139.967137,41.169078],[139.972368,41.171583],[139.977613,41.174053],[139.982942,41.17659],[139.988102,41.179038],[139.99336,41.181568],[139.998512,41.18405],[139.999128,41.18435],[140.003768,41.186697],[140.004795,41.187245],[140.008885,41.189448],[140.009913,41.189998],[140.014065,41.192185],[140.015093,41.192722],[140.019202,41.194912],[140.020238,41.195453],[140.024353,41.197655],[140.025388,41.198207],[140.029535,41.200403],[140.030568,41.200968],[140.034823,41.203217],[140.035778,41.203727],[140.040515,41.20619],[140.04104,41.206467],[140.045848,41.208987],[140.046278,41.209213],[140.051,41.211722],[140.051528,41.211988],[140.056252,41.214527],[140.056787,41.214803],[140.061723,41.217263],[140.062267,41.217538],[140.06758,41.220168],[140.073028,41.22284],[140.078963,41.225768],[140.083988,41.2282],[140.088988,41.23071],[140.094953,41.23351],[140.10128,41.236313],[140.106312,41.23853],[140.111438,41.240812],[140.116668,41.243142],[140.121822,41.245432],[140.126928,41.247648],[140.132203,41.24995],[140.137332,41.252202],[140.142463,41.254453],[140.147573,41.256698],[140.152682,41.258965],[140.157803,41.26121],[140.16297,41.26332],[140.168223,41.265408],[140.174997,41.268098],[140.180785,41.270853],[140.186018,41.273525],[140.191267,41.276202],[140.197047,41.279162],[140.20229,41.281828],[140.207425,41.2845],[140.212832,41.287227],[140.218088,41.289885],[140.223548,41.292678],[140.228888,41.295413],[140.234242,41.298145],[140.239602,41.300898],[140.245423,41.303883],[140.250862,41.306585],[140.255968,41.30911],[140.261232,41.3119],[140.266598,41.314915],[140.27173,41.317825],[140.277142,41.320993],[140.28249,41.323933],[140.288013,41.326915],[140.293095,41.32964],[140.298482,41.332615],[140.303537,41.335305],[140.308997,41.338267],[140.314498,41.341227],[140.31994,41.34414],[140.325247,41.34697],[140.330533,41.349907],[140.335962,41.353137],[140.340965,41.356243],[140.346482,41.35964],[140.351843,41.362953],[140.356978,41.366015],[140.362243,41.369162],[140.367432,41.37246],[140.372638,41.375872],[140.37779,41.379117],[140.383162,41.382307],[140.388508,41.385628],[140.39393,41.388967],[140.399398,41.3923],[140.404403,41.395238],[140.409445,41.398152],[140.414493,41.400963],[140.419828,41.403788],[140.425038,41.406467],[140.430447,41.409245],[140.435762,41.41202],[140.44166,41.415107],[140.447002,41.41785],[140.452313,41.420642],[140.457675,41.423397],[140.46303,41.426202],[140.468457,41.429],[140.473953,41.431667],[140.479443,41.434327],[140.484735,41.43703],[140.490242,41.439898],[140.495663,41.44273],[140.501075,41.445605],[140.50646,41.448487],[140.511977,41.451368],[140.517205,41.454088],[140.522228,41.45671],[140.527448,41.45946],[140.532973,41.46235],[140.538418,41.465178],[140.543987,41.468033],[140.549273,41.470758],[140.554832,41.47368],[140.56039,41.476613],[140.565788,41.479433],[140.571317,41.482297],[140.576738,41.485097],[140.581858,41.487742],[140.587313,41.49056],[140.592765,41.493592],[140.597927,41.496575],[140.60333,41.499622],[140.608527,41.502533],[140.61382,41.505497],[140.619145,41.50845],[140.62444,41.511427],[140.629683,41.514322],[140.635155,41.517312],[140.640587,41.520225],[140.646032,41.52309],[140.651363,41.525902],[140.656855,41.528815],[140.662017,41.531778],[140.667198,41.534657],[140.672422,41.537443],[140.677493,41.540183],[140.68281,41.543065],[140.688243,41.546135],[140.693373,41.548877],[140.698443,41.551303],[140.70413,41.553952],[140.709797,41.556652],[140.715198,41.559262],[140.720527,41.562012],[140.725658,41.564712],[140.73087,41.5675],[140.735987,41.570027],[140.741335,41.572448],[140.746605,41.574838],[140.751817,41.577262],[140.75702,41.579747],[140.76213,41.582223],[140.76742,41.584868],[140.772937,41.586988],[140.77853,41.588945],[140.783678,41.590462],[140.788772,41.591873],[140.794065,41.59336],[140.799142,41.594833],[140.804407,41.596395],[140.809582,41.59794],[140.814738,41.59946],[140.81997,41.600685],[140.825238,41.601643],[140.830475,41.60252],[140.835942,41.603418],[140.841367,41.604307],[140.846698,41.605222],[140.851742,41.606047],[140.8571,41.606925],[140.862593,41.607807],[140.868117,41.60872],[140.873133,41.609497],[140.878538,41.6103],[140.884095,41.6111],[140.889595,41.611855],[140.894702,41.612508],[140.899708,41.613158],[140.90474,41.61375],[140.909762,41.614338],[140.914807,41.614882],[140.91985,41.615418],[140.925007,41.615945],[140.930593,41.616485],[140.936307,41.616982],[140.941387,41.617452],[140.946403,41.617853],[140.95162,41.618275],[140.956662,41.618675],[140.961943,41.619085],[140.96703,41.61945],[140.972983,41.61988],[140.978203,41.620213],[140.983427,41.620527],[140.988567,41.620823],[140.993935,41.621158],[140.999178,41.621437],[141.004435,41.621715],[141.009755,41.621973],[141.015067,41.622272],[141.020395,41.622543],[141.025737,41.622815],[141.030995,41.623032],[141.036443,41.623152],[141.041803,41.623217],[141.047288,41.623255],[141.052578,41.623295],[141.05788,41.623365],[141.063408,41.623417],[141.068823,41.623495],[141.074255,41.62351],[141.07963,41.62353],[141.08525,41.623548],[141.090803,41.62363],[141.096382,41.623732],[141.101993,41.623838],[141.107048,41.623923],[141.112482,41.623992],[141.117578,41.624088],[141.123292,41.624237],[141.12915,41.62435],[141.134792,41.624463],[141.140567,41.624573],[141.145605,41.624682],[141.150688,41.624783],[141.155885,41.624892],[141.160885,41.62505],[141.166062,41.625338],[141.171715,41.625817],[141.176783,41.626213],[141.181875,41.62649],[141.187002,41.626575],[141.192138,41.626593],[141.197267,41.626722],[141.202378,41.627042],[141.207467,41.62744],[141.21317,41.627782],[141.218402,41.628065],[141.224257,41.628305],[141.229388,41.628468],[141.23452,41.628798],[141.239522,41.629197],[141.244798,41.629532],[141.24983,41.629775],[141.255133,41.629997],[141.260172,41.63028],[141.265513,41.630635],[141.271505,41.631033],[141.279807,41.631545],[141.285112,41.631852],[141.290312,41.632168],[141.295778,41.632567],[141.30099,41.632942],[141.306482,41.633237],[141.313385,41.633667],[141.321818,41.634075],[141.327045,41.634332],[141.334012,41.634553],[141.339308,41.634732],[141.344578,41.634867],[141.354282,41.635072],[141.360972,41.635258],[141.369855,41.635462],[141.375772,41.635568],[141.381693,41.635622],[141.390558,41.635788],[141.39574,41.63584],[141.400788,41.635878],[141.408303,41.635937],[141.418657,41.635987],[141.425192,41.635995],[141.430507,41.636008],[141.436413,41.636028],[141.44318,41.636035],[141.45797,41.636058],[141.463032,41.636032],[141.47489,41.636005],[141.480972,41.635967],[141.48678,41.635925],[141.492613,41.635902],[141.501665,41.6358],[141.50762,41.63572],[141.522463,41.635423],[141.52826,41.635268],[141.533715,41.635102],[141.53879,41.634935],[141.567458,41.63399],[141.597292,41.633187],[141.602175,41.633177],[141.611313,41.63321],[141.617085,41.63324],[141.622442,41.633343],[141.637955,41.633393],[141.6433,41.633445],[141.648607,41.633617],[141.653882,41.633773],[141.661133,41.633972],[141.66642,41.634108],[141.687432,41.634992],[141.693143,41.635153],[141.704175,41.635572],[141.709302,41.635773],[141.714418,41.63598],[141.72147,41.636332],[141.728592,41.636683],[141.736675,41.637142],[141.743127,41.637613],[141.748732,41.637992],[141.755143,41.638397],[141.760927,41.638803],[141.766362,41.639172],[141.771475,41.639505],[141.776488,41.639855],[141.781613,41.64019],[141.787158,41.640538],[141.792295,41.640877],[141.797837,41.641222],[141.80289,41.641493],[141.807942,41.641732],[141.814342,41.642003],[141.819902,41.64224],[141.824928,41.642457],[141.829958,41.642693],[141.835608,41.642973],[141.841263,41.643238],[141.846373,41.643457],[141.851923,41.643718],[141.856957,41.643977],[141.862512,41.644265],[141.86765,41.644333],[141.872677,41.644325],[141.877732,41.644338],[141.882768,41.64438],[141.8878,41.644423],[141.892825,41.644465],[141.898583,41.644502],[141.904032,41.644527],[141.909818,41.644553],[141.91489,41.644562],[141.919972,41.644595],[141.925062,41.644622],[141.930795,41.644632],[141.937075,41.644633],[141.942307,41.644642],[141.947962,41.644633],[141.97368,41.644547],[141.97957,41.644488],[141.984582,41.644448],[141.990448,41.644392],[141.995695,41.644338],[142.000725,41.644272],[142.005855,41.644202],[142.01161,41.644105],[142.020572,41.643927],[142.025687,41.643843],[142.030803,41.643758],[142.037087,41.64368],[142.044075,41.64365],[142.050547,41.643627],[142.056777,41.643637],[142.061945,41.64364],[142.067017,41.64366],[142.072188,41.64367],[142.077772,41.643732],[142.083478,41.643837],[142.088547,41.643913],[142.093618,41.64398],[142.0987,41.644043],[142.104407,41.644195],[142.109502,41.644358],[142.11716,41.644615],[142.122823,41.644823],[142.128188,41.645018],[142.133247,41.645178],[142.13843,41.645318],[142.143643,41.645457],[142.148863,41.645605],[142.153997,41.645753],[142.160112,41.645895],[142.165138,41.646027],[142.170605,41.64616],[142.175648,41.646265],[142.181685,41.646385],[142.186937,41.646463],[142.192323,41.646535],[142.197495,41.646602],[142.202677,41.646642],[142.208063,41.646695],[142.21326,41.64672],[142.218693,41.646742],[142.224028,41.64675],[142.229358,41.646745],[142.234702,41.646695],[142.24003,41.646723],[142.245372,41.64676],[142.250825,41.646812],[142.256095,41.646908],[142.26149,41.647018],[142.267468,41.647113],[142.273025,41.647193],[142.278453,41.647248],[142.283883,41.647297],[142.289308,41.64736],[142.294733,41.64741],[142.30003,41.647473],[142.305565,41.647553],[142.310847,41.647638],[142.31624,41.647748],[142.321748,41.647855],[142.327143,41.64797],[142.332558,41.648055],[142.337875,41.648147],[142.343428,41.648267],[142.34887,41.648357],[142.355013,41.648453],[142.360475,41.64855],[142.366062,41.64865],[142.372002,41.648755],[142.378298,41.648857],[142.383678,41.648958],[142.389302,41.649053],[142.394828,41.649138],[142.40036,41.649223],[142.405908,41.649317],[142.411467,41.64942],[142.416902,41.649513],[142.422002,41.649607],[142.427447,41.649687],[142.432893,41.649775],[142.438578,41.649882],[142.444137,41.64999],[142.449687,41.650107],[142.455132,41.650205],[142.460822,41.65033],[142.46639,41.650447],[142.472068,41.650545],[142.47752,41.650653],[142.483068,41.65075],[142.488512,41.650875],[142.494178,41.65099],[142.499607,41.651085],[142.505273,41.651198],[142.51083,41.651315],[142.516503,41.651428],[142.522512,41.651543],[142.527588,41.651623],[142.533013,41.651727],[142.538548,41.651845],[142.54408,41.651968],[142.549627,41.65208],[142.555158,41.652193],[142.560673,41.65232],[142.566192,41.652442],[142.571702,41.652598],[142.577322,41.652762],[142.582712,41.652913],[142.588223,41.653062],[142.593718,41.653193],[142.599297,41.653338],[142.604638,41.65349],[142.61008,41.653647],[142.615478,41.653798],[142.620948,41.654002],[142.626163,41.654223],[142.631352,41.654412],[142.637392,41.654688],[142.642507,41.654988],[142.647783,41.655337],[142.652915,41.655698],[142.658,41.656045],[142.663683,41.656433],[142.668742,41.65679],[142.674418,41.657173],[142.67951,41.657412],[142.684615,41.657547],[142.690363,41.657527],[142.695368,41.6575],[142.70059,41.657577],[142.70636,41.657698],[142.711482,41.657793],[142.716603,41.657922],[142.72172,41.658032],[142.727463,41.658153],[142.73257,41.658203],[142.73768,41.658283],[142.742787,41.658358],[142.74787,41.658428],[142.753072,41.658482],[142.758685,41.65852],[142.763857,41.65855],[142.769347,41.658627],[142.774515,41.658682],[142.779588,41.658725],[142.784668,41.658762],[142.789758,41.658803],[142.794837,41.658855],[142.799938,41.658893],[142.805053,41.658932],[142.810053,41.65897],[142.81536,41.658987],[142.820967,41.659005],[142.826687,41.659028],[142.831753,41.659135],[142.837418,41.659442],[142.842438,41.65976],[142.848163,41.66014],[142.85366,41.660518],[142.859262,41.66091],[142.864755,41.66128],[142.869828,41.661623],[142.875387,41.662025],[142.880925,41.662442],[142.886437,41.662887],[142.89204,41.663338],[142.897345,41.663778],[142.902953,41.664207],[142.908323,41.664652],[142.91398,41.665062],[142.919337,41.665358],[142.92479,41.665635],[142.930142,41.6659],[142.9357,41.66619],[142.941165,41.666465],[142.946657,41.666743],[142.952247,41.66702],[142.957542,41.667267],[142.962645,41.667492],[142.96804,41.667743],[142.97304,41.667998],[142.978472,41.668223],[142.984083,41.668375],[142.989473,41.668517],[142.994923,41.668675],[143.000268,41.668873],[143.005782,41.668853],[143.011093,41.668717],[143.01662,41.668532],[143.021948,41.66831],[143.027475,41.668083],[143.032905,41.66789],[143.038223,41.667702],[143.043868,41.667477],[143.0492,41.667252],[143.054745,41.667012],[143.060097,41.666795],[143.065542,41.666582],[143.070975,41.666345],[143.076375,41.666092],[143.081767,41.665807],[143.08724,41.665538],[143.092527,41.665253],[143.09791,41.664947],[143.103222,41.66467],[143.108845,41.66436],[143.114145,41.664095],[143.119458,41.66404],[143.125093,41.664035],[143.130448,41.664025],[143.136008,41.66401],[143.141372,41.663987],[143.146817,41.663953],[143.152243,41.663937],[143.157648,41.66399],[143.162957,41.664012],[143.168465,41.664053],[143.173875,41.664102],[143.179263,41.664137],[143.184665,41.664165],[143.190055,41.664227],[143.195432,41.664312],[143.200802,41.664443],[143.206185,41.664628],[143.211555,41.664742],[143.216888,41.664842],[143.222222,41.664933],[143.227545,41.665008],[143.232763,41.665117],[143.238163,41.665235],[143.243465,41.665353],[143.248753,41.665463],[143.254032,41.665567],[143.259332,41.665692],[143.264548,41.665842],[143.269957,41.666005],[143.27526,41.666185],[143.280565,41.666368],[143.285832,41.666572],[143.291092,41.666758],[143.296355,41.666982],[143.301592,41.667175],[143.306812,41.667388],[143.311927,41.667753],[143.317447,41.668845],[143.322633,41.6701],[143.32807,41.671492],[143.333305,41.672868],[143.338653,41.674213],[143.344067,41.675645],[143.349395,41.677063],[143.35474,41.678438],[143.360093,41.679828],[143.365455,41.68121],[143.370903,41.682635],[143.376178,41.684015],[143.381637,41.685423],[143.386905,41.686758],[143.392198,41.688195],[143.397277,41.689948],[143.402613,41.692237],[143.407882,41.694677],[143.413043,41.697132],[143.418287,41.699602],[143.423585,41.702143],[143.428765,41.704585],[143.434017,41.707077],[143.439363,41.709572],[143.44463,41.712033],[143.449923,41.714503],[143.455255,41.716955],[143.46047,41.719408],[143.465793,41.721898],[143.471282,41.724487],[143.476555,41.726938],[143.481828,41.729388],[143.487242,41.731912],[143.492507,41.734403],[143.497785,41.736877],[143.503012,41.739255],[143.508365,41.741677],[143.513615,41.744078],[143.518858,41.746492],[143.524017,41.748857],[143.52938,41.751308],[143.534658,41.753698],[143.540542,41.75635],[143.546002,41.758857],[143.551293,41.761268],[143.556672,41.763705],[143.562225,41.766198],[143.567397,41.768592],[143.572812,41.77109],[143.578103,41.773585],[143.583427,41.776047],[143.5892,41.778728],[143.594432,41.78122],[143.599603,41.78361],[143.604913,41.786087],[143.61018,41.788572],[143.61522,41.79097],[143.620488,41.793475],[143.625665,41.795975],[143.63087,41.79844],[143.636188,41.800962],[143.64137,41.803413],[143.646682,41.805893],[143.652013,41.808382],[143.657378,41.810857],[143.662783,41.813307],[143.667908,41.81543],[143.672908,41.817455],[143.67798,41.81956],[143.683098,41.821635],[143.688203,41.823713],[143.693367,41.82587],[143.698788,41.828222],[143.703898,41.830358],[143.709385,41.832692],[143.714667,41.83496],[143.71972,41.837085],[143.725067,41.839383],[143.730648,41.841722],[143.736213,41.844085],[143.741395,41.846465],[143.746668,41.849145],[143.751855,41.851802],[143.75703,41.85444],[143.762202,41.85704],[143.767437,41.859573],[143.772527,41.86213],[143.777782,41.864748],[143.782958,41.867328],[143.788147,41.869817],[143.793487,41.872393],[143.798667,41.874902],[143.803927,41.877437],[143.809262,41.880035],[143.814523,41.882608],[143.81972,41.885125],[143.825072,41.887772],[143.830325,41.890403],[143.835583,41.893017],[143.840935,41.89569],[143.84606,41.898225],[143.85141,41.900903],[143.8567,41.903525],[143.86201,41.906142],[143.867323,41.908782],[143.872677,41.911497],[143.877903,41.914093],[143.88326,41.916667],[143.888743,41.919223],[143.894057,41.921718],[143.899467,41.924243],[143.904787,41.926717],[143.910272,41.92927],[143.915662,41.9318],[143.920955,41.934268],[143.92638,41.936837],[143.931695,41.93937],[143.936927,41.941862],[143.942253,41.944362],[143.947605,41.94699],[143.952763,41.949543],[143.958083,41.952192],[143.963343,41.954763],[143.968515,41.9573],[143.973832,41.959912],[143.979155,41.962502],[143.984312,41.965027],[143.989563,41.967548],[143.995738,41.97055],[144.001877,41.973547],[144.007572,41.976283],[144.01277,41.978813],[144.017872,41.981292],[144.023115,41.983833],[144.028243,41.986337],[144.033345,41.988837],[144.038927,41.99157],[144.044527,41.994277],[144.050027,41.996948],[144.057048,42.000355],[144.063027,42.003298],[144.069388,42.006402],[144.075405,42.009368],[144.09269,42.017895],[144.105883,42.024477],[144.113482,42.028343],[144.133972,42.038687],[144.14439,42.043935],[144.151587,42.047558],[144.173547,42.058723],[144.198842,42.071682],[144.22462,42.084707],[144.236662,42.090603],[144.265415,42.104653],[144.29195,42.117555],[144.297327,42.120178],[144.303592,42.123253],[144.313413,42.128117],[144.319218,42.13099],[144.32457,42.133633],[144.329847,42.136255],[144.335285,42.138955],[144.341575,42.142047],[144.346983,42.144695],[144.35231,42.147332],[144.357328,42.14982],[144.363267,42.152712],[144.369047,42.155537],[144.374443,42.158185],[144.380293,42.161093],[144.39293,42.167373],[144.398317,42.17007],[144.403707,42.17277],[144.409103,42.175465],[144.422498,42.18217],[144.427512,42.18472],[144.432903,42.187408],[144.43833,42.190048],[144.443808,42.192667],[144.448908,42.195103],[144.454318,42.197688],[144.459353,42.200078],[144.464403,42.202483],[144.470903,42.205597],[144.47633,42.208222],[144.482307,42.211098],[144.488327,42.213952],[144.493478,42.216397],[144.509393,42.224282],[144.514692,42.226927],[144.523283,42.231213],[144.528332,42.233727],[144.534247,42.236647],[144.540148,42.23957],[144.545628,42.24228],[144.553787,42.246283],[144.5593,42.24897],[144.578663,42.258353],[144.595213,42.266313],[144.601712,42.26946],[144.60713,42.272088],[144.618227,42.277497],[144.623667,42.280125],[144.628735,42.282578],[144.633808,42.28504],[144.638865,42.2875],[144.644388,42.290148],[144.649437,42.29258],[144.654493,42.295005],[144.660457,42.297895],[144.66551,42.30034],[144.671078,42.303052],[144.676413,42.305657],[144.681545,42.308133],[144.686588,42.310565],[144.691632,42.313015],[144.696688,42.315473],[144.702198,42.318167],[144.707265,42.320623],[144.712322,42.323098],[144.717815,42.325807],[144.722875,42.328307],[144.727942,42.330788],[144.733012,42.333285],[144.738128,42.335767],[144.754302,42.343752],[144.760785,42.346958],[144.765837,42.349503],[144.770907,42.352022],[144.776343,42.354738],[144.781957,42.357522],[144.787032,42.360052],[144.793005,42.36304],[144.80592,42.36949],[144.813315,42.373193],[144.843868,42.38861],[144.889783,42.41204],[144.895725,42.415057],[144.900733,42.417632],[144.92272,42.428828],[144.931315,42.433208],[144.941697,42.438553],[144.94726,42.441402],[144.952815,42.444273],[144.958148,42.447007],[144.963713,42.449862],[144.97485,42.455455],[144.987015,42.461187],[144.993552,42.464237],[145.000728,42.46758],[145.005883,42.469992],[145.012532,42.473095],[145.019705,42.476472],[145.048477,42.490225],[145.096038,42.513347],[145.130133,42.529788],[145.165668,42.546858],[145.17675,42.552148],[145.195358,42.561045],[145.214027,42.56992],[145.228917,42.576963],[145.238058,42.581287],[145.272193,42.597445],[145.28194,42.602023],[145.307477,42.614108],[145.316602,42.618473],[145.327657,42.623708],[145.351092,42.634773],[145.382387,42.649618],[145.39637,42.65626],[145.401688,42.658772],[145.426803,42.67058],[145.434247,42.673965],[145.457158,42.683887],[145.479393,42.693913],[145.502145,42.704275],[145.527405,42.716608],[145.559353,42.732815],[145.579013,42.742637],[145.599552,42.752943],[145.609795,42.75817],[145.634527,42.770973],[145.678905,42.793892],[145.705532,42.807498],[145.723997,42.81681],[145.757972,42.833975],[145.777168,42.843598],[145.822753,42.866048],[145.850238,42.879618],[145.882997,42.895598],[145.889432,42.898727],[145.92685,42.917018],[145.941293,42.924102],[145.995862,42.95463],[146.025772,42.971645],[146.050143,42.985248],[146.061768,42.991672],[146.085247,43.00377],[146.105802,43.013485],[146.15215,43.031888],[146.226492,43.060892],[146.232182,43.063105],[146.244555,43.06849],[146.273263,43.081918],[146.28775,43.089343],[146.351257,43.122042],[146.415055,43.15545],[146.427762,43.161973],[146.435655,43.166052],[146.45745,43.177338],[146.512852,43.205503],[146.532733,43.21556],[146.54069,43.219618],[146.585547,43.242992],[146.603885,43.25182],[146.628553,43.26334],[146.697893,43.29436],[146.70778,43.298463],[146.760695,43.320407],[146.803748,43.338927],[146.84401,43.359242],[146.925333,43.402732],[146.938843,43.409932],[146.967227,43.42424],[147.00139,43.441137],[147.019583,43.450162],[147.062387,43.471385],[147.094228,43.487122],[147.10848,43.494115],[147.177253,43.525688],[147.196602,43.534847],[147.205917,43.539223],[147.23799,43.554378],[147.338557,43.601142],[147.381357,43.622047],[147.401795,43.631878],[147.487285,43.673688],[147.592613,43.725643],[147.629947,43.74412],[147.652432,43.755322],[147.663817,43.760925],[147.71613,43.785125],[147.721925,43.78772],[147.729713,43.791185],[147.735027,43.793637],[147.740433,43.796143],[147.745678,43.798567],[147.751473,43.801258],[147.756817,43.803718],[147.762162,43.806177],[147.767592,43.808658],[147.772868,43.811032],[147.778195,43.813462],[147.783598,43.815925],[147.788788,43.8184],[147.793973,43.82097],[147.799142,43.823577],[147.805332,43.82668],[147.81047,43.829235],[147.816143,43.832082],[147.822242,43.835163],[147.827398,43.837733],[147.833403,43.840752],[147.838688,43.843437],[147.843755,43.846015],[147.848923,43.848648],[147.854178,43.85129],[147.92848,43.887522],[148.084083,43.96049],[148.143175,43.988388],[148.149542,43.991385],[148.211203,44.02167],[148.220788,44.026392],[148.237542,44.034638],[148.252952,44.042187],[148.259737,44.045552],[148.268308,44.049775],[148.307305,44.068927],[148.319488,44.074957],[148.32535,44.077768],[148.351318,44.090163],[148.379138,44.103428],[148.385573,44.10643],[148.392113,44.10952],[148.414877,44.120282],[148.43545,44.129962],[148.441492,44.13281],[148.468775,44.145773],[148.480982,44.151448],[148.56998,44.192185],[148.71314,44.26158],[148.728902,44.26905],[148.737162,44.272823],[148.836247,44.31994],[148.846427,44.324958],[148.867883,44.33542],[148.875633,44.339223],[148.881955,44.342298],[148.914882,44.358182],[148.92137,44.361322],[148.932568,44.366658],[148.96467,44.381785],[148.974603,44.386442],[149.092262,44.442183],[149.132742,44.461302],[149.18222,44.484667],[149.230722,44.50781],[149.299925,44.542627],[149.340698,44.561393],[149.397907,44.588498],[149.412908,44.595653],[149.429775,44.603778],[149.438637,44.608107],[149.444608,44.611005],[149.472435,44.624882],[149.521542,44.647152],[149.536042,44.653525],[149.546912,44.658375],[149.552035,44.660612],[149.560775,44.664527],[149.602055,44.684363],[149.621568,44.693995],[149.635152,44.700607],[149.644588,44.705133],[149.683067,44.722913],[149.83594,44.79489],[149.846328,44.799907],[149.890657,44.82143],[149.916503,44.833585],[149.975678,44.861078],[150.01963,44.881522],[150.02974,44.886375],[150.068602,44.904627],[150.07684,44.908557],[150.08988,44.914767],[150.122962,44.9301],[150.130668,44.933742],[150.148887,44.942113],[150.173302,44.952837],[150.179213,44.9554],[150.197332,44.964002],[150.206285,44.968298],[150.21861,44.974267],[150.228505,44.979122],[150.24717,44.98837],[150.25559,44.992533],[150.263092,44.996233],[150.271085,45.000137],[150.286827,45.007667],[150.292545,45.010372],[150.298785,45.013273],[150.30707,45.017095],[150.324507,45.024992],[150.330397,45.027787],[150.340165,45.032403],[150.366975,45.044803],[150.372022,45.047163],[150.381915,45.051818],[150.40027,45.060403],[150.4118,45.066115],[150.419733,45.070032],[150.422673,45.071493],[150.430985,45.075692],[150.452358,45.086532],[150.465842,45.093102],[150.479357,45.099355],[150.484453,45.101603],[150.491625,45.104725],[150.50793,45.112048],[150.518017,45.116595],[150.536423,45.125062],[150.58823,45.14918],[150.614797,45.161367],[150.627492,45.167223],[150.633378,45.170037],[150.716668,45.210017],[150.726425,45.214583],[150.771428,45.235692],[150.788208,45.24351],[150.82192,45.259587],[150.864683,45.279882],[150.881287,45.287872],[150.891133,45.29259],[150.897208,45.295502],[150.94113,45.317062],[150.970372,45.331688],[150.979147,45.336105],[150.984753,45.338943],[150.991873,45.342522],[151.003977,45.34864],[151.01106,45.352203],[151.034727,45.363658],[151.045847,45.368697],[151.101855,45.39454],[151.115733,45.400967],[151.11862,45.402278],[151.16797,45.424675],[151.174258,45.427338],[151.22391,45.448118],[151.227218,45.449518],[151.255095,45.46244],[151.27459,45.47169],[151.288593,45.478218],[151.3024,45.48451],[151.329323,45.497272],[151.346073,45.505078],[151.359982,45.511667],[151.381182,45.521408],[151.39518,45.52788],[151.422785,45.54048],[151.444377,45.54995],[151.451563,45.553007],[151.468243,45.560063],[151.480752,45.565483],[151.522352,45.58712],[151.536603,45.594447],[151.544338,45.597977],[151.559618,45.60482],[151.566428,45.607975],[151.59321,45.620558],[151.608433,45.62773],[151.61718,45.63188],[151.624373,45.635325],[151.63301,45.639437],[151.65818,45.65119],[151.658662,45.651418],[151.688943,45.665663],[151.68982,45.666077],[151.707278,45.674223],[151.723787,45.681675],[151.741502,45.689553],[151.785457,45.709648],[151.813192,45.72221],[151.817103,45.723972],[151.851073,45.739097],[151.866368,45.745622],[151.87277,45.748432],[151.920205,45.76835],[151.93676,45.775175],[151.943842,45.778158],[151.965148,45.787207],[152.002907,45.80533],[152.008462,45.808237],[152.027727,45.81834],[152.092677,45.851463],[152.125167,45.86731],[152.135968,45.872392],[152.161972,45.884682],[152.171688,45.889452],[152.179983,45.89353],[152.227837,45.917133],[152.24886,45.926858],[152.264125,45.93414],[152.269572,45.936827],[152.273515,45.938722],[152.282398,45.942883],[152.310913,45.955823],[152.3258,45.962333],[152.33342,45.96564],[152.37568,45.983958],[152.414395,46.000388],[152.423447,46.004143],[152.462583,46.020458],[152.476598,46.026402],[152.519987,46.04544],[152.564958,46.065457],[152.607425,46.084442],[152.619863,46.090025],[152.65455,46.106497],[152.684135,46.12151],[152.704455,46.13238],[152.719445,46.140343],[152.720943,46.141145],[152.728472,46.145097],[152.743653,46.152845],[152.750182,46.156223],[152.754185,46.158315],[152.82153,46.188745],[152.824675,46.190097],[152.839343,46.196627],[152.853137,46.202983],[152.858802,46.205495],[152.882003,46.215963],[152.890448,46.220112],[152.896925,46.223352],[152.936135,46.242322],[152.956275,46.25204],[152.964038,46.255767],[152.987905,46.267442],[152.99321,46.270017],[153.000362,46.273498],[153.012042,46.2792],[153.026143,46.286252],[153.066807,46.306798],[153.077818,46.312208],[153.10862,46.328038],[153.116932,46.332242],[153.1305,46.339123],[153.13103,46.33938],[153.195038,46.369588],[153.225728,46.382655],[153.24296,46.389833],[153.267215,46.400137],[153.281995,46.406458],[153.317277,46.421453],[153.363115,46.441033],[153.378135,46.447458],[153.38367,46.449802],[153.39962,46.456527],[153.421622,46.465655],[153.487368,46.496278],[153.50106,46.505513],[153.538088,46.54524],[153.545192,46.553185],[153.55078,46.559283],[153.564925,46.57405],[153.570998,46.580275],[153.60166,46.611495],[153.614073,46.623953],[153.636362,46.645792],[153.6457,46.65486],[153.669835,46.678127],[153.7057,46.713777],[153.75191,46.763918],[153.762225,46.775898],[153.791313,46.809932],[153.814885,46.837142],[153.822808,46.846318],[153.838877,46.865207],[153.864178,46.894907],[153.882997,46.917082],[153.897178,46.933417],[153.90748,46.945292],[153.919733,46.958408],[153.927617,46.967092],[153.936735,46.976938],[153.94988,46.990988],[153.967468,47.0096],[153.995662,47.041027],[154.006108,47.052823],[154.015928,47.064172],[154.028132,47.078582],[154.05192,47.106473],[154.063705,47.119557],[154.06838,47.124788],[154.103497,47.161228],[154.113672,47.171507],[154.1335,47.190982],[154.156523,47.214952],[154.16448,47.22347],[154.183445,47.243635],[154.190595,47.25134],[154.227493,47.293187],[154.232025,47.298668],[154.241063,47.309365],[154.251405,47.32154],[154.254905,47.325613],[154.26004,47.331567],[154.267112,47.339723],[154.272353,47.345727],[154.291285,47.367043],[154.30116,47.378],[154.321747,47.40033],[154.330918,47.410018],[154.343465,47.42306],[154.353803,47.433723],[154.362908,47.443508],[154.383408,47.465117],[154.399435,47.482168],[154.422832,47.506512],[154.432378,47.51708],[154.444357,47.531532],[154.450343,47.538787],[154.491135,47.584812],[154.498925,47.592668],[154.508245,47.601937],[154.513608,47.60714],[154.524495,47.618932],[154.536775,47.633692],[154.566605,47.66599],[154.57518,47.675518],[154.586332,47.688198],[154.593887,47.697025],[154.600995,47.704668],[154.614965,47.719485],[154.623,47.728028],[154.629218,47.734752],[154.635465,47.741482],[154.643593,47.750163],[154.654492,47.761628],[154.664962,47.772645],[154.678402,47.786387],[154.685172,47.793195],[154.691362,47.799228],[154.706152,47.813773],[154.720535,47.827835],[154.726867,47.833875],[154.74254,47.850048],[154.752063,47.860178],[154.768252,47.877017],[154.774628,47.883632],[154.7881,47.897882],[154.788758,47.898587],[154.798653,47.90928],[154.803575,47.914637],[154.805225,47.916413],[154.836485,47.949898],[154.847205,47.96129],[154.857568,47.972148],[154.860915,47.975613],[154.953068,48.08001],[154.988183,48.116427],[155.025822,48.154738],[155.036523,48.165365],[155.042938,48.171742],[155.04991,48.178763],[155.06096,48.190327],[155.065942,48.19563],[155.0796,48.210343],[155.089062,48.220723],[155.09485,48.227552],[155.103938,48.238367],[155.13285,48.27101],[155.137915,48.276125],[155.161928,48.301067],[155.182327,48.32269],[155.188167,48.32888],[155.216583,48.359107],[155.237257,48.384322],[155.266102,48.415795],[155.28804,48.439522],[155.301723,48.453607],[155.312823,48.464923],[155.328887,48.481392],[155.334553,48.48767],[155.34038,48.493903],[155.350392,48.50454],[155.386397,48.543933],[155.393392,48.551563],[155.399742,48.558122],[155.405525,48.564332],[155.425075,48.585285],[155.472137,48.635438],[155.488637,48.653988],[155.50116,48.667812],[155.506163,48.6731],[155.511597,48.678695],[155.52464,48.692003],[155.531718,48.6992],[155.536862,48.704345],[155.561695,48.729213],[155.570493,48.737998],[155.590105,48.758958],[155.600583,48.771423],[155.620253,48.79268],[155.643352,48.817658],[155.693773,48.868847],[155.72141,48.898465],[155.75756,48.93666],[155.764403,48.943442],[155.790783,48.970173],[155.805858,48.98656],[155.812538,48.99404],[155.819653,49.001905],[155.825305,49.008052],[155.835445,49.019372],[155.849,49.033533],[155.878437,49.063577],[155.906945,49.09282],[155.91427,49.100378],[155.920852,49.107398],[155.935697,49.123133],[155.961532,49.150172],[155.967327,49.156095],[155.981727,49.171203],[155.9862,49.176283],[155.990895,49.181352],[156.0026,49.194043],[156.010725,49.202767],[156.017722,49.210157],[156.027272,49.220265],[156.033068,49.22622],[156.04885,49.242328],[156.054042,49.247625],[156.060558,49.254307],[156.083362,49.277555],[156.08825,49.282653],[156.103153,49.297882],[156.136417,49.332197],[156.145583,49.341707],[156.157327,49.353902],[156.191343,49.390417],[156.19797,49.397765],[156.227122,49.42882],[156.257367,49.458903],[156.320198,49.52249],[156.36443,49.570207],[156.371855,49.578095],[156.395187,49.601807],[156.403382,49.610282],[156.427073,49.634927],[156.44108,49.649705],[156.474762,49.684648],[156.479812,49.689843],[156.493915,49.704183],[156.50265,49.713073],[156.525392,49.735743],[156.53094,49.741113],[156.555022,49.763995],[156.561912,49.770777],[156.569168,49.778045],[156.587238,49.796552],[156.596918,49.806945],[156.623583,49.837607],[156.628402,49.843327],[156.648395,49.865825],[156.657135,49.875227],[156.66662,49.885665],[156.693895,49.913668],[156.711998,49.932062],[156.739897,49.96053],[156.753978,49.974843],[156.769587,49.990803],[156.7899,50.01178],[156.796563,50.018673],[156.824483,50.047577],[156.831165,50.054513],[156.861832,50.08634],[156.910907,50.137125],[156.920937,50.14741],[156.925772,50.152412],[156.93124,50.158058],[156.939293,50.166323],[156.944522,50.171638],[156.954952,50.18216],[156.96375,50.190985],[156.976868,50.2042],[156.99803,50.225338],[157.009455,50.236662],[157.020048,50.247347],[165.546188,56.276428],[165.561763,56.281238],[165.666653,56.315225],[165.879047,56.382495],[166.203333,56.48473],[166.21772,56.489228],[166.290873,56.5119],[166.306068,56.516725],[166.322415,56.521945],[166.331548,56.524863],[166.338747,56.527177],[166.349247,56.530507],[166.368718,56.536772],[166.374677,56.538707],[166.38107,56.540768],[166.39199,56.544302],[166.40379,56.548138],[166.428637,56.556237],[166.445982,56.561853],[166.455865,56.565035],[166.500862,56.579463],[166.510085,56.582313],[166.521978,56.585865],[166.55497,56.595738],[166.568212,56.599708],[166.585653,56.604928],[166.59889,56.609027],[166.624797,56.617488],[166.639252,56.622252],[166.649,56.62545],[166.68526,56.637277],[166.696408,56.640847],[166.738857,56.653507],[166.746723,56.655918],[166.752697,56.657772],[166.76,56.660033],[166.769263,56.662918],[166.794535,56.670765],[166.800375,56.672592],[166.80713,56.674663],[166.813667,56.676665],[166.830098,56.68192],[166.835335,56.683603],[166.853052,56.689302],[166.863548,56.692702],[166.87144,56.695258],[166.88325,56.699053],[166.894535,56.702707],[166.903148,56.705387],[166.929323,56.71341],[166.945905,56.718467],[166.957303,56.721948],[166.970085,56.725908],[166.99225,56.732698],[166.999652,56.734982],[167.01454,56.739527],[167.020755,56.741422],[167.038945,56.74699],[167.05736,56.752583],[167.064005,56.754657],[167.074783,56.75805],[167.086923,56.761928],[167.107735,56.768527],[167.119948,56.77235],[167.128527,56.775027],[167.139142,56.778372],[167.152473,56.782525],[167.159158,56.784622],[167.175865,56.789813],[167.189775,56.79419],[167.197903,56.796742],[167.20991,56.800458],[167.223258,56.80462],[167.235152,56.808342],[167.25674,56.815025],[167.27028,56.819208],[167.278185,56.82169],[167.301918,56.829122],[167.338618,56.840558],[167.3736,56.85154],[167.42764,56.868725],[167.449907,56.875743],[167.457707,56.878158],[167.472335,56.882755],[167.49084,56.888533],[167.509997,56.89458],[167.519238,56.897535],[167.524492,56.899232],[167.542187,56.904958],[167.564658,56.91217],[167.585087,56.918737],[167.593503,56.921442],[167.613193,56.927738],[167.66665,56.944718],[167.713875,56.959122],[167.720632,56.96117],[167.729077,56.963753],[167.744473,56.96844],[167.752598,56.970895],[167.787555,56.981793],[167.792812,56.98346],[167.82334,56.992995],[167.829208,56.99477],[167.838448,56.997597],[167.863747,57.00531],[167.877017,57.00939],[167.902275,57.017092],[167.90826,57.018937],[167.918193,57.021975],[167.940195,57.028755],[167.958738,57.034603],[167.965447,57.036775],[168.015237,57.052743],[168.049282,57.063348],[168.08336,57.0739],[168.089482,57.075785],[168.098752,57.078663],[168.109972,57.082138],[168.118108,57.084673],[168.159075,57.097417],[168.179253,57.103687],[168.185417,57.105597],[168.19409,57.108292],[168.207602,57.112452],[168.219202,57.11603],[168.241528,57.122948],[168.254988,57.127102],[168.270908,57.132012],[168.340085,57.153183],[168.348235,57.155627],[168.360448,57.159283],[168.368032,57.161553],[168.385522,57.166983],[168.392137,57.169058],[168.401603,57.171983],[168.40758,57.17383],[168.423418,57.178728],[168.436897,57.18292],[168.454503,57.188402],[168.463192,57.19108],[168.470078,57.193227],[168.487133,57.198488],[168.492618,57.20016],[168.500917,57.202742],[168.513862,57.206792],[168.548388,57.217715],[168.559287,57.221153],[168.564738,57.222877],[168.586637,57.22981],[168.594802,57.232392],[168.607563,57.236408],[168.62114,57.240695],[168.627385,57.242645],[168.645863,57.248212],[168.67696,57.257535],[168.683788,57.259545],[168.690038,57.261383],[168.702455,57.265063],[168.726082,57.27205],[168.737228,57.275358],[168.744265,57.277502],[168.754407,57.280715],[168.768853,57.285343],[168.809285,57.298325],[168.835797,57.306208],[168.851032,57.310883],[168.872907,57.317833],[168.87904,57.319768],[168.893985,57.32438],[168.915902,57.331122],[168.926837,57.334498],[168.93853,57.338098],[168.969495,57.347633],[168.999145,57.356703],[169.004643,57.358405],[169.012287,57.360767],[169.040807,57.369625],[169.05171,57.373002],[169.058533,57.375092],[169.072995,57.379535],[169.097645,57.386972],[169.15948,57.405795],[169.205873,57.419893],[169.231505,57.427747],[169.245343,57.432128],[169.253403,57.434742],[169.27061,57.440178],[169.355452,57.466538],[169.404047,57.481738],[169.410323,57.483703],[169.418002,57.48612],[169.43622,57.491918],[169.4687,57.502337],[169.474232,57.504108],[169.486157,57.507915],[169.511748,57.516075],[169.52982,57.521847],[169.544477,57.526553],[169.565907,57.533402],[169.57617,57.536642],[169.5824,57.53862],[169.614887,57.548962],[169.621918,57.55117],[169.635807,57.555468],[169.653082,57.560728],[169.658765,57.562448],[169.67409,57.566912],[169.6902,57.571577],[169.713963,57.578502],[169.730733,57.58344],[169.742635,57.58689],[169.751763,57.589537],[169.758772,57.591595],[169.764522,57.593265],[169.78051,57.597933],[169.788965,57.600375],[169.806618,57.605548],[169.816577,57.60845],[169.860877,57.621303],[169.871388,57.624295],[169.880458,57.626887],[169.918758,57.63797],[169.93779,57.643572],[169.943553,57.64526],[169.963965,57.651247],[169.981067,57.656273],[170.005828,57.663737],[170.040692,57.674993],[170.046317,57.67679],[170.055375,57.679687],[170.064443,57.68261],[170.100498,57.694437],[170.107177,57.696665],[170.121855,57.701505],[170.140503,57.707562],[170.155467,57.712347],[170.16964,57.716868],[170.176615,57.719095],[170.190878,57.723603],[170.196585,57.725398],[170.210778,57.729898],[170.216447,57.731675],[170.234028,57.737243],[170.241013,57.739502],[170.265373,57.747373],[170.29597,57.75723],[170.302338,57.759278],[170.320657,57.764698],[170.331385,57.767782],[170.340735,57.770422],[170.357883,57.77535],[170.388352,57.783967],[170.393428,57.785383],[170.462127,57.804975],[170.55332,57.832812],[170.583027,57.841658],[170.588805,57.843355],[170.59749,57.845895],[170.60415,57.847842],[170.611928,57.850108],[170.637677,57.857622],[170.646552,57.860203],[170.687435,57.872027],[170.705132,57.877135],[170.730945,57.884685],[170.744628,57.888855],[170.754055,57.89173],[170.759843,57.893488],[170.812037,57.909597],[170.818602,57.911623],[170.833637,57.916248],[170.870762,57.927882],[170.953303,57.953847],[170.966327,57.95796],[170.977935,57.96161],[171.003265,57.969493],[171.052608,57.985037],[171.058413,57.986868],[171.069063,57.990233],[171.115265,58.004895],[171.122568,58.007192],[171.134777,58.011027],[171.183903,58.02613],[171.189972,58.027968],[171.242715,58.043742],[171.250803,58.046042],[171.258375,58.0482],[171.286843,58.056125],[171.321357,58.065728],[171.328167,58.067627],[171.357942,58.075822],[171.383827,58.083095],[171.405132,58.08909],[171.41237,58.091117],[171.434572,58.097293],[171.440448,58.098898],[171.451338,58.1019],[171.50279,58.116005],[171.51283,58.1189],[171.523603,58.122107],[171.533005,58.124968],[171.542902,58.127987],[171.564557,58.134612],[171.570265,58.136383],[171.580175,58.139403],[171.601593,58.146003],[171.608742,58.1482],[171.614433,58.149973],[171.641668,58.158247],[171.69153,58.173667],[171.698493,58.175958],[171.712325,58.180627],[171.728197,58.186098],[171.753123,58.194572],[171.760163,58.19697],[171.767072,58.199353],[171.780197,58.203835],[171.786312,58.205908],[171.794002,58.208542],[171.810443,58.214227],[171.830463,58.221133],[171.841475,58.22498],[171.854052,58.22935],[171.866513,58.233693],[171.872028,58.235627],[171.878122,58.237768],[171.894388,58.243113],[171.899552,58.244587],[171.984743,58.267883],[172.032723,58.281737],[172.048287,58.28623],[172.084055,58.296548],[172.097308,58.300333],[172.14934,58.31499],[172.18421,58.32477],[172.245713,58.341855],[172.259883,58.345782],[172.27195,58.349198],[172.285968,58.353358],[172.31257,58.361267],[172.317608,58.362765],[172.329593,58.36628],[172.380665,58.38151],[172.414468,58.392267],[172.421567,58.39453],[172.443948,58.401638],[172.514628,58.423973],[172.539667,58.431877],[172.546958,58.434205],[172.552628,58.435963],[172.559155,58.437957],[172.596403,58.448933],[172.613845,58.454132],[172.621117,58.456298],[172.645193,58.463535],[172.668592,58.470513],[172.682418,58.474705],[172.713602,58.484097],[172.736192,58.490975],[172.741755,58.492658],[172.751128,58.495527],[172.769187,58.501095],[172.783453,58.50554],[172.793587,58.508663],[172.807923,58.513065],[172.851878,58.526575],[172.862622,58.529858],[172.871452,58.532538],[172.891713,58.538737],[172.899578,58.54111],[172.912742,58.545165],[172.930022,58.550477],[172.940132,58.553628],[172.951692,58.557217],[172.96248,58.560603],[172.999137,58.572168],[173.006235,58.574363],[173.019327,58.578255],[173.040525,58.584467],[173.06233,58.590867],[173.081847,58.596615],[173.111713,58.605392],[173.120293,58.607922],[173.129022,58.610475],[173.137028,58.612807],[173.145768,58.615305],[173.151598,58.616998],[173.156732,58.618468],[173.168367,58.621778],[173.17804,58.624527],[173.21369,58.634503],[173.330003,58.666588],[173.344927,58.670737],[173.354623,58.673457],[173.375598,58.679222],[173.392838,58.68395],[173.404017,58.68701],[173.411597,58.689083],[173.421167,58.691728],[173.426518,58.693197],[173.436182,58.695868],[173.470812,58.705433],[173.512258,58.716843],[173.517283,58.718373],[173.530702,58.722468],[173.541567,58.725763],[173.549555,58.728185],[173.558058,58.730765],[173.563938,58.732532],[173.571623,58.73485],[173.57889,58.737083],[173.593318,58.741493],[173.603443,58.74453],[173.614278,58.747785],[173.630758,58.752748],[173.643863,58.756717],[173.648927,58.758235],[173.680042,58.767617],[173.700992,58.773963],[173.725857,58.781433],[173.735938,58.784457],[173.748695,58.788253],[173.760907,58.791885],[173.770208,58.794685],[173.782478,58.798367],[173.79108,58.80092],[173.844587,58.817],[173.850857,58.818908],[173.856045,58.820497],[173.875978,58.826555],[173.89715,58.833013],[173.912707,58.837748],[173.957263,58.851442],[174.002442,58.865263],[174.01305,58.868487],[174.032315,58.874313],[174.09309,58.89252],[174.103643,58.895662],[174.132863,58.904428],[174.142607,58.907375],[174.148127,58.90903],[174.156688,58.911588],[174.162207,58.913233],[174.182003,58.919155],[174.196825,58.923607],[174.201877,58.925113],[174.207523,58.926795],[174.213172,58.928487],[174.245512,58.938112],[174.252583,58.940202],[174.26254,58.943113],[174.271178,58.945655],[174.28322,58.949212],[174.294478,58.952495],[174.335692,58.9646],[174.360592,58.971873],[174.373623,58.975518],[174.393695,58.981157],[174.424022,58.989997],[174.462423,59.001248],[174.478102,59.005855],[174.509345,59.015022],[174.516497,59.017163],[174.535345,59.022903],[174.579292,59.036145],[174.594862,59.040742],[174.60068,59.042467],[174.615642,59.046933],[174.648703,59.056672],[174.721507,59.078033],[174.72651,59.079515],[174.740922,59.083748],[174.772828,59.093178],[174.817318,59.10622],[174.84575,59.114553],[174.85854,59.11829],[174.86732,59.12086],[174.881693,59.125075],[174.887428,59.126745],[174.907418,59.132635],[174.93261,59.139972],[174.945643,59.143777],[174.976728,59.152957],[174.9905,59.157032],[175.050453,59.174975],[175.06075,59.178008],[175.067132,59.179905],[175.079462,59.183582],[175.090302,59.18681],[175.10829,59.192153],[175.138555,59.201062],[175.145793,59.203168],[175.160323,59.207332],[175.171358,59.210473],[175.186633,59.214807],[175.24826,59.232317],[175.28421,59.242583],[175.292253,59.244903],[175.29883,59.2468],[175.313402,59.251],[175.335262,59.257228],[175.344807,59.25994],[175.360955,59.264552],[175.369115,59.266917],[175.38157,59.27051],[175.401115,59.276317],[175.42439,59.28323],[175.436537,59.286882],[175.458938,59.293737],[175.46685,59.296175],[175.474768,59.298593],[175.479797,59.300132],[175.486963,59.302338],[175.512952,59.310247],[175.537373,59.317642],[175.544417,59.319792],[175.578123,59.330008],[175.585382,59.332248],[175.59982,59.336552],[175.646162,59.350002],[175.668702,59.35644],[175.683953,59.360723],[175.691945,59.362952],[175.706465,59.367015],[175.71154,59.368445],[175.724743,59.372115],[175.736922,59.375535],[175.75939,59.381837],[175.779715,59.387485],[175.797795,59.392565],[175.804992,59.394585],[175.814978,59.39746],[175.822247,59.399565],[175.829332,59.401617],[175.836525,59.40371],[175.843695,59.405802],[175.859542,59.410412],[175.86677,59.412515],[175.88352,59.417372],[175.907268,59.424212],[175.92946,59.430603],[175.939253,59.433437],[175.95588,59.438222],[175.970285,59.442318],[176.011133,59.453962],[176.036042,59.461082],[176.047478,59.464347],[176.14232,59.491317],[176.148063,59.492907],[176.18173,59.502345],[176.196263,59.506382],[176.203353,59.508378],[176.208533,59.509838],[176.224392,59.514253],[176.231665,59.516283],[176.237513,59.51789],[176.246328,59.520323],[176.260242,59.524183],[176.26818,59.526388],[176.280005,59.52971],[176.319343,59.541075],[176.325013,59.542713],[176.36231,59.55349],[176.37196,59.556283],[176.426607,59.572065],[176.436082,59.574803],[176.47538,59.586372],[176.555932,59.610533],[176.563763,59.61287],[176.579837,59.617618],[176.592197,59.621277],[176.59864,59.62319],[176.606078,59.625397],[176.624305,59.630782],[176.629553,59.63233],[176.650048,59.63838],[176.657533,59.640585],[176.683855,59.648372],[176.690442,59.650313],[176.695692,59.651855],[176.703008,59.654007],[176.724937,59.660382],[176.738037,59.664188],[176.744785,59.666138],[176.757253,59.669775],[176.764553,59.671922],[176.771845,59.674073],[176.787177,59.678498],[176.797308,59.68142],[176.8253,59.689518],[176.839978,59.693753],[176.857633,59.698852],[176.87149,59.702847],[176.905223,59.712665],[176.91253,59.714788],[176.91826,59.716433],[176.937207,59.721877],[176.953882,59.72673],[176.976433,59.733292],[176.986673,59.736265],[176.99295,59.738098],[177.003965,59.741297],[177.027795,59.748208],[177.034872,59.750272],[177.051555,59.755172],[177.069357,59.760315],[177.09608,59.768128],[177.106665,59.771288],[177.11601,59.77403],[177.127517,59.777435],[177.135565,59.779828],[177.153502,59.785162],[177.17254,59.79054],[177.19455,59.796527],[177.207948,59.800188],[177.224038,59.804557],[177.231292,59.80653],[177.249038,59.811388],[177.262187,59.815],[177.270987,59.817402],[177.294532,59.823957],[177.32809,59.833972],[177.395053,59.85376],[177.484525,59.879488],[177.492673,59.881793],[177.50219,59.884457],[177.51104,59.886938],[177.52295,59.890307],[177.528135,59.89177],[177.534815,59.893647],[177.541597,59.895552],[177.550132,59.898065],[177.557622,59.900253],[177.598002,59.912208],[177.605318,59.914358],[177.616985,59.917812],[177.635173,59.923238],[177.64187,59.925262],[177.65867,59.930287],[177.739038,59.95392],[177.744562,59.955468],[177.772945,59.963367],[177.796777,59.970053],[177.80733,59.97304],[177.813778,59.974865],[177.819805,59.976598],[177.833207,59.980448],[177.862735,59.989023],[177.87758,59.993377],[177.901275,60.001053],[177.908842,60.003883],[177.933207,60.013525],[177.94868,60.020458],[177.953763,60.02267],[177.961697,60.02611],[177.968088,60.028917],[178.109683,60.090915],[178.131525,60.100708],[178.13724,60.103307],[178.208292,60.134893],[178.220973,60.140512],[178.228402,60.143802],[178.23358,60.146127],[178.240215,60.149072],[178.246708,60.151997],[178.258062,60.157093],[178.26416,60.1598],[178.28271,60.168032],[178.316807,60.18317],[178.326867,60.187572],[178.358085,60.201317],[178.365453,60.204525],[178.425773,60.23082],[178.431828,60.233462],[178.4454,60.23935],[178.481502,60.254963],[178.539093,60.279548],[178.545412,60.282262],[178.552255,60.285138],[178.569025,60.292117],[178.586398,60.299817],[178.608877,60.310188],[178.622692,60.316502],[178.635248,60.322235],[178.644627,60.326515],[178.690787,60.346577],[178.71209,60.355553],[178.718948,60.358433],[178.727715,60.362353],[178.735568,60.36588],[178.754672,60.374607],[178.767922,60.380565],[178.773197,60.382942],[178.785225,60.388202],[178.796545,60.393172],[178.811887,60.399922],[178.821852,60.404392],[178.877118,60.428132],[178.899685,60.437953],[178.911133,60.442972],[178.917723,60.445838],[178.930278,60.451465],[178.946752,60.458933],[178.955985,60.463105],[178.972078,60.470177],[179.013643,60.48815],[179.033403,60.49687],[179.039453,60.49955],[179.04604,60.502478],[179.055363,60.506515],[179.085617,60.519987],[179.094313,60.523768],[179.104568,60.528167],[179.115323,60.532788],[179.121998,60.5357],[179.127305,60.53803],[179.134062,60.54087],[179.1394,60.543058],[179.148277,60.546703],[179.197583,60.567785],[179.204155,60.570743],[179.256143,60.593748],[179.31101,60.617672],[179.324918,60.623645],[179.340552,60.630335],[179.353972,60.636147],[179.375713,60.645378],[179.388843,60.651],[179.400012,60.655733],[179.409782,60.659915],[179.416248,60.66269],[179.422882,60.665458],[179.429237,60.66814],[179.434368,60.670335],[179.443995,60.674387],[179.451008,60.677353],[179.461258,60.681693],[179.47347,60.687],[179.49157,60.69483],[179.502405,60.699507],[179.528898,60.710917],[179.537097,60.714505],[179.549827,60.720113],[179.610905,60.747228],[179.618562,60.750597],[179.637308,60.75897],[179.650048,60.764755],[179.659967,60.769183],[179.668958,60.773242],[179.676615,60.776688],[179.685077,60.780402],[179.71423,60.793273],[179.724628,60.797792],[179.731722,60.800888],[179.739493,60.804257],[179.76423,60.814928],[179.775722,60.819947],[179.784782,60.823863],[179.79199,60.826992],[179.79718,60.82925],[179.80361,60.832088],[179.812378,60.835952],[179.818348,60.83853],[179.823563,60.840788],[179.830738,60.843923],[179.836015,60.84628],[179.842367,60.849103],[179.847745,60.85137],[179.854187,60.854135],[179.861962,60.857542],[179.884685,60.867467],[179.890022,60.869832],[179.903077,60.8756],[179.925278,60.885313],[179.932598,60.888433],[179.942037,60.892405],[179.955312,60.898025],[179.964005,60.901738],[179.970672,60.904593],[179.993395,60.914317],[-179.975557,60.92747],[-179.962248,60.933175],[-179.954297,60.936578],[-179.941635,60.941905],[-179.905155,60.957158],[-179.89504,60.961347],[-179.846622,60.981252],[-179.839885,60.984008],[-179.833723,60.986548],[-179.784428,61.006685],[-179.764602,61.014828],[-179.744047,61.023245],[-179.722753,61.031935],[-179.702945,61.040087],[-179.69592,61.042947],[-179.678722,61.049903],[-179.610962,61.079318],[-179.600723,61.083745],[-179.593485,61.086913],[-179.588163,61.089285],[-179.581348,61.092265],[-179.57065,61.096862],[-179.563303,61.100068],[-179.474717,61.138658],[-179.453998,61.14776],[-179.444768,61.151768],[-179.439507,61.15411],[-179.434058,61.156508],[-179.38573,61.177755],[-179.380405,61.180075],[-179.369053,61.18504],[-179.357908,61.190017],[-179.351495,61.192895],[-179.341608,61.197202],[-179.330323,61.202232],[-179.312025,61.210322],[-179.302065,61.214647],[-179.279185,61.224342],[-179.258497,61.233175],[-179.238387,61.241722],[-179.228332,61.246008],[-179.218125,61.250287],[-179.210827,61.253382],[-179.19962,61.258138],[-179.186737,61.263665],[-179.15789,61.276033],[-179.150033,61.279442],[-179.142823,61.282558],[-179.10958,61.297007],[-179.099852,61.301258],[-179.069435,61.314453],[-179.062742,61.317353],[-179.035902,61.328892],[-179.019658,61.335938],[-178.981607,61.352307],[-178.919233,61.379215],[-178.838708,61.412623],[-178.79447,61.430378],[-178.784157,61.434513],[-178.775782,61.437927],[-178.770023,61.440188],[-178.7122,61.463672],[-178.698188,61.469772],[-178.678217,61.477978],[-178.668193,61.481635],[-178.655937,61.486172],[-178.592032,61.508477],[-178.579772,61.513155],[-178.54629,61.526078],[-178.539093,61.529257],[-178.533322,61.531863],[-178.526777,61.534818],[-178.518088,61.538765],[-178.511838,61.541582],[-178.499067,61.547307],[-178.473127,61.558947],[-178.464647,61.56278],[-178.459122,61.565295],[-178.449512,61.569628],[-178.442298,61.572767],[-178.435362,61.575882],[-178.426947,61.579635],[-178.410593,61.586915],[-178.395908,61.593557],[-178.379562,61.60098],[-178.368517,61.605702],[-178.36105,61.608788],[-178.353593,61.611897],[-178.342267,61.616522],[-178.334718,61.619675],[-178.322997,61.624478],[-178.31533,61.627672],[-178.26218,61.649988],[-178.243768,61.658328],[-178.151518,61.698802],[-178.139087,61.703907],[-178.119487,61.711903],[-178.111675,61.715235],[-178.104628,61.718313],[-178.094743,61.722568],[-178.088232,61.725363],[-178.067767,61.734127],[-178.059667,61.737623],[-178.049072,61.742257],[-178.007787,61.760147],[-178.000703,61.763198],[-177.986935,61.769033],[-177.965813,61.777832],[-177.954092,61.782632],[-177.908102,61.801977],[-177.892272,61.808688],[-177.863575,61.8208],[-177.852065,61.825657],[-177.829048,61.835442],[-177.794202,61.850055],[-177.736163,61.874268],[-177.72899,61.877257],[-177.700082,61.889203],[-177.677133,61.898713],[-177.650263,61.909828],[-177.620048,61.922355],[-177.602732,61.929602],[-177.594907,61.932862],[-177.586907,61.93626],[-177.573167,61.942003],[-177.551987,61.950868],[-177.54035,61.955795],[-177.533965,61.958488],[-177.526763,61.961522],[-177.510393,61.968607],[-177.497708,61.974242],[-177.490525,61.977397],[-177.484297,61.980127],[-177.477075,61.983257],[-177.449275,61.995158],[-177.442022,61.99818],[-177.42569,62.00475],[-177.413855,62.009422],[-177.401133,62.014503],[-177.373922,62.025365],[-177.357998,62.031957],[-177.33772,62.040367],[-177.328908,62.044035],[-177.312148,62.050958],[-177.264738,62.070468],[-177.243645,62.079127],[-177.237002,62.08182],[-177.223215,62.087488],[-177.203668,62.095617],[-177.183252,62.104002],[-177.178192,62.106127],[-177.172483,62.108485],[-177.16726,62.110637],[-177.159235,62.113927],[-177.15202,62.116932],[-177.144762,62.11993],[-177.006327,62.176717],[-176.999717,62.179443],[-176.97916,62.18788],[-176.945993,62.201482],[-176.93854,62.204468],[-176.915503,62.21385],[-176.900013,62.220155],[-176.879132,62.22864],[-176.854208,62.238792],[-176.843138,62.243218],[-176.837998,62.245303],[-176.83215,62.247682],[-176.801167,62.260207],[-176.771312,62.27219],[-176.763932,62.275135],[-176.755598,62.278455],[-176.741653,62.28404],[-176.732762,62.287523],[-176.713342,62.295153],[-176.705773,62.298123],[-176.63147,62.327328],[-176.597792,62.340548],[-176.591827,62.342912],[-176.581633,62.34691],[-176.57284,62.350337],[-176.561847,62.35463],[-176.553208,62.358133],[-176.54603,62.361187],[-176.506502,62.378312],[-176.500125,62.381043],[-176.4795,62.390107],[-176.467158,62.395593],[-176.458233,62.399588],[-176.447078,62.404507],[-176.44073,62.407307],[-176.414607,62.41892],[-176.408677,62.421582],[-176.402273,62.424443],[-176.39331,62.428445],[-176.38727,62.431153],[-176.380438,62.434218],[-176.373647,62.437187],[-176.353072,62.446365],[-176.332668,62.454872],[-176.323428,62.458723],[-176.30764,62.465333],[-176.288538,62.473365],[-176.272662,62.47988],[-176.252737,62.487913],[-176.21283,62.504],[-176.206378,62.50663],[-176.186133,62.51475],[-176.161062,62.52486],[-176.119463,62.542143],[-176.108668,62.546627],[-176.09511,62.552253],[-176.085803,62.556135],[-176.029772,62.578675],[-176.006048,62.588537],[-175.989712,62.595368],[-175.954828,62.609482],[-175.949772,62.611535],[-175.943142,62.614222],[-175.936752,62.616815],[-175.917888,62.62444],[-175.911623,62.626997],[-175.886103,62.637362],[-175.87959,62.639992],[-175.859917,62.647992],[-175.829573,62.660433],[-175.81641,62.66576],[-175.787972,62.677333],[-175.777293,62.681707],[-175.760452,62.688513],[-175.753278,62.691407],[-175.74677,62.694057],[-175.740358,62.696655],[-175.727847,62.701717],[-175.719143,62.705282],[-175.698097,62.713853],[-175.692315,62.716222],[-175.6864,62.718635],[-175.63872,62.738218],[-175.63365,62.740277],[-175.625535,62.743572],[-175.590748,62.757728],[-175.560297,62.770118],[-175.546433,62.775715],[-175.525233,62.784292],[-175.460702,62.80992],[-175.438685,62.818862],[-175.405232,62.83246],[-175.390508,62.838513],[-175.38391,62.841205],[-175.377225,62.843957],[-175.370747,62.846617],[-175.353868,62.853543],[-175.348715,62.85564],[-175.288453,62.879492],[-175.26777,62.887728],[-175.253713,62.893322],[-175.230177,62.902955],[-175.215593,62.908953],[-175.186357,62.920868],[-175.168745,62.928055],[-175.160703,62.931353],[-175.149735,62.935857],[-175.143038,62.938612],[-175.100083,62.955763],[-175.087517,62.960825],[-175.060797,62.971482],[-175.048893,62.97622],[-175.021177,62.987235],[-174.987957,63.000432],[-174.961852,63.01074],[-174.955895,63.013102],[-174.948465,63.016048],[-174.885343,63.041362],[-174.864005,63.050087],[-174.855275,63.053607],[-174.835318,63.06166],[-174.816195,63.06939],[-174.774905,63.085953],[-174.741493,63.099363],[-174.733577,63.10262],[-174.626987,63.14496],[-174.614878,63.149707],[-174.550913,63.175062],[-174.543628,63.178052],[-174.52902,63.184053],[-174.511693,63.191138],[-174.46137,63.21192],[-174.450645,63.21637],[-174.44341,63.219385],[-174.424098,63.227155],[-174.415247,63.230668],[-174.375437,63.246612],[-174.346152,63.25828],[-174.326033,63.266057],[-174.317088,63.269525],[-174.307387,63.273302],[-174.30003,63.276162],[-174.275882,63.285455],[-174.218295,63.307988],[-174.185305,63.320665],[-174.141687,63.337663],[-174.124793,63.344417],[-174.119788,63.346422],[-174.107292,63.351397],[-174.099802,63.354338],[-174.093245,63.35698],[-174.086698,63.359628],[-174.08016,63.36231],[-174.070038,63.366497],[-174.061408,63.37006],[-174.054223,63.373038],[-174.046258,63.376303],[-174.040465,63.378683],[-174.030088,63.382837],[-173.988665,63.399015],[-173.93992,63.418158],[-173.91869,63.426553],[-173.88533,63.439825],[-173.86926,63.446267],[-173.860493,63.44979],[-173.85098,63.453577],[-173.83791,63.458842],[-173.830518,63.46183],[-173.808675,63.470653],[-173.796388,63.475602],[-173.77465,63.484418],[-173.737285,63.499703],[-173.722758,63.505707],[-173.716912,63.508115],[-173.679858,63.523453],[-173.659315,63.531903],[-173.647093,63.536983],[-173.606193,63.553925],[-173.588647,63.560537],[-173.583133,63.562568],[-173.575428,63.565342],[-173.566813,63.568452],[-173.55902,63.571273],[-173.543423,63.576865],[-173.529402,63.58191],[-173.519962,63.58531],[-173.513868,63.587502],[-173.50761,63.589712],[-173.50062,63.592235],[-173.472078,63.602713],[-173.460652,63.607108],[-173.433262,63.617943],[-173.413862,63.625553],[-173.398765,63.631365],[-173.388205,63.635442],[-173.377672,63.639495],[-173.367837,63.643235],[-173.36028,63.646123],[-173.333608,63.6562],[-173.325912,63.659065],[-173.319793,63.661373],[-173.298382,63.669367],[-173.289937,63.672533],[-173.282995,63.67511],[-173.266955,63.681142],[-173.252593,63.686642],[-173.231577,63.694958],[-173.225617,63.697273],[-173.204397,63.705728],[-173.195903,63.709047],[-173.190712,63.711078],[-173.182317,63.71433],[-173.164588,63.72124],[-173.153245,63.725648],[-173.14564,63.728653],[-173.118875,63.739085],[-173.088308,63.750902],[-173.078982,63.754477],[-173.072985,63.756785],[-173.059347,63.762025],[-173.05078,63.765323],[-173.043988,63.767928],[-173.008513,63.781687],[-172.941673,63.809603],[-172.935695,63.812108],[-172.908488,63.82345],[-172.895702,63.828778],[-172.880692,63.835023],[-172.873197,63.838137],[-172.866482,63.840953],[-172.849177,63.848203],[-172.838703,63.85253],[-172.83269,63.855085],[-172.821893,63.859428],[-172.815625,63.861825],[-172.803765,63.866313],[-172.796643,63.869018],[-172.790485,63.87139],[-172.785433,63.873302],[-172.779137,63.875653],[-172.772757,63.878073],[-172.763113,63.881678],[-172.756725,63.884078],[-172.736813,63.89164],[-172.72799,63.894925],[-172.721613,63.897335],[-172.715913,63.899513],[-172.710457,63.901572],[-172.702507,63.904605],[-172.69689,63.906712],[-172.691235,63.90882],[-172.683917,63.911515],[-172.673255,63.91535],[-172.667488,63.917407],[-172.658533,63.92067],[-172.65283,63.922767],[-172.646963,63.924898],[-172.639808,63.927558],[-172.633223,63.930033],[-172.626858,63.932392],[-172.61794,63.935687],[-172.606785,63.940067],[-172.5919,63.945985],[-172.585885,63.948368],[-172.577163,63.951835],[-172.573277,63.953413],[-172.57093,63.95434],[-172.566247,63.956198],[-172.560745,63.958367],[-172.555093,63.96057],[-172.549595,63.962743],[-172.543565,63.96514],[-172.537865,63.967455],[-172.528637,63.971152],[-172.523218,63.973337],[-172.517772,63.975523],[-172.51228,63.977693],[-172.506792,63.979882],[-172.50125,63.982048],[-172.495768,63.984242],[-172.490393,63.986388],[-172.483932,63.988955],[-172.477785,63.991428],[-172.469785,63.99457],[-172.464407,63.996678],[-172.457235,63.999565],[-172.451833,64.0017],[-172.4453,64.004232],[-172.439012,64.006655],[-172.433265,64.008858],[-172.427692,64.011012],[-172.42129,64.013457],[-172.415553,64.015652],[-172.410185,64.0177],[-172.404328,64.019953],[-172.398837,64.022057],[-172.390772,64.025115],[-172.385053,64.02723],[-172.379425,64.029402],[-172.372903,64.031845],[-172.3647,64.034982],[-172.358402,64.037383],[-172.35184,64.039887],[-172.341493,64.043803],[-172.321275,64.051443],[-172.299917,64.059498],[-172.291868,64.062518],[-172.270487,64.070572],[-172.257362,64.075398],[-172.249747,64.0782],[-172.233962,64.083968],[-172.21747,64.09002],[-172.209092,64.09317],[-172.202465,64.09563],[-172.196717,64.097768],[-172.190942,64.099915],[-172.184245,64.102398],[-172.178718,64.104515],[-172.17311,64.106705],[-172.165102,64.10984],[-172.159485,64.11204],[-172.15225,64.11487],[-172.146598,64.117163],[-172.141235,64.119345],[-172.135742,64.12158],[-172.130202,64.123817],[-172.124697,64.126062],[-172.119068,64.128368],[-172.113662,64.130552],[-172.10294,64.134668],[-172.094958,64.13776],[-172.08536,64.141573],[-172.078822,64.144152],[-172.07241,64.146702],[-172.067118,64.148845],[-172.059657,64.151837],[-172.048278,64.156253],[-172.041038,64.15901],[-172.033712,64.161842],[-172.025595,64.16499],[-172.019972,64.16721],[-172.01104,64.170753],[-172.003247,64.173878],[-171.994443,64.177373],[-171.98476,64.181155],[-171.967152,64.188178],[-171.96004,64.191052],[-171.928187,64.203937],[-171.920355,64.20705],[-171.882988,64.221925],[-171.87657,64.224458],[-171.870012,64.227035],[-171.863687,64.229493],[-171.823378,64.2452],[-171.812077,64.24953],[-171.804692,64.252437],[-171.799052,64.254645],[-171.79179,64.257502],[-171.786038,64.259692],[-171.780408,64.261803],[-171.772678,64.264668],[-171.738268,64.27764],[-171.72944,64.281025],[-171.724365,64.282953],[-171.71617,64.286043],[-171.707998,64.289153],[-171.702552,64.291288],[-171.69754,64.293667],[-171.669537,64.31325],[-171.660345,64.319563],[-171.649647,64.327332],[-171.61352,64.352582],[-171.607772,64.356565],[-171.598167,64.36342],[-171.534893,64.407948],[-171.528995,64.412025],[-171.523258,64.416037],[-171.50691,64.42731],[-171.50167,64.430972],[-171.494633,64.435925],[-171.471765,64.452002],[-171.465997,64.455965],[-171.460238,64.459922],[-171.442417,64.47176],[-171.429525,64.480422],[-171.419642,64.487098],[-171.408557,64.494553],[-171.370465,64.52008],[-171.360023,64.526922],[-171.34711,64.53538],[-171.340063,64.539982],[-171.334145,64.543793],[-171.327663,64.548492],[-171.312137,64.560007],[-171.306807,64.56397],[-171.301563,64.567877],[-171.255298,64.601327],[-171.24829,64.606012],[-171.226063,64.621022],[-171.214363,64.629145],[-171.207313,64.63403],[-171.200098,64.639035],[-171.188858,64.646745],[-171.180948,64.652148],[-171.124685,64.690642],[-171.114008,64.69793],[-171.105255,64.704075],[-171.099082,64.708332],[-171.0931,64.712485],[-171.023133,64.76085],[-170.92517,64.827053],[-170.92014,64.830422],[-170.914645,64.834155],[-170.908828,64.838075],[-170.901637,64.842925],[-170.81696,64.901072],[-170.811837,64.904587],[-170.764413,64.936657],[-170.759335,64.940035],[-170.753197,64.944122],[-170.744437,64.950227],[-170.738892,64.95413],[-170.69615,64.984093],[-170.666307,65.0048],[-170.656268,65.011693],[-170.650078,65.01583],[-170.64452,65.019668],[-170.630333,65.029328],[-170.61354,65.040695],[-170.58766,65.058013],[-170.494627,65.120527],[-170.489042,65.124243],[-170.483792,65.127753],[-170.477622,65.131858],[-170.458655,65.144282],[-170.417445,65.171975],[-170.406235,65.179503],[-170.373888,65.200947],[-170.367027,65.205408],[-170.351888,65.215495],[-170.343905,65.221122],[-170.326203,65.233602],[-170.309365,65.24509],[-170.295077,65.254733],[-170.254357,65.281482],[-170.243727,65.28838],[-170.21747,65.306075],[-170.204787,65.314878],[-170.1997,65.318395],[-170.193017,65.323035],[-170.153108,65.351205],[-170.146292,65.356007],[-170.105777,65.38452],[-170.097183,65.390528],[-170.088192,65.396418],[-170.056122,65.41663],[-170.050455,65.420142],[-170.044608,65.423775],[-169.999788,65.452312],[-169.99398,65.456012],[-169.98022,65.464812],[-169.948912,65.485103],[-169.942225,65.489442],[-169.926715,65.49965],[-169.90519,65.514378],[-169.893292,65.522477],[-169.88578,65.52758],[-169.87967,65.531687],[-169.843808,65.555967],[-169.832927,65.563367],[-169.826287,65.5679],[-169.804215,65.583005],[-169.794912,65.58927],[-169.788898,65.59329],[-169.783823,65.596633],[-169.777168,65.601028],[-169.770917,65.605055],[-169.76288,65.610247],[-169.74438,65.622277],[-169.736605,65.627393],[-169.729722,65.631885],[-169.718642,65.639345],[-169.690982,65.658473],[-169.639445,65.692225],[-169.633903,65.695933],[-169.62543,65.701563],[-169.617493,65.706813],[-169.59126,65.724115],[-169.541473,65.757143],[-169.534117,65.761995],[-169.517848,65.772673],[-169.506522,65.780115],[-169.410385,65.843055],[-169.404743,65.846738],[-169.384408,65.859815],[-169.369287,65.869482],[-169.36285,65.873582],[-169.357567,65.876945],[-169.316208,65.932098],[-169.319405,65.980517],[-169.319768,65.985592],[-169.320357,65.993052],[-169.32096,66.001008],[-169.323108,66.026975],[-169.323503,66.036128],[-169.325032,66.067157],[-169.328217,66.107738],[-169.328545,66.113365],[-169.329203,66.125418],[-169.33006,66.156818],[-169.329738,66.168922],[-169.329397,66.176928],[-169.32921,66.182237],[-169.328945,66.18871],[-169.328617,66.197535],[-169.328575,66.209628],[-169.32849,66.214837],[-169.32858,66.220052],[-169.328813,66.23013],[-169.32957,66.240347],[-169.330082,66.246007],[-169.331635,66.266705],[-169.331962,66.272257],[-169.332273,66.278193],[-169.332795,66.285663],[-169.333547,66.297708],[-169.335025,66.314237],[-169.342507,66.355115],[-169.349075,66.362337],[-169.368365,66.372962],[-169.380022,66.378647],[-169.386755,66.381912],[-169.402517,66.389523],[-169.415948,66.39585],[-169.422067,66.398768],[-169.434085,66.403822],[-169.492897,66.42719],[-169.509723,66.433813],[-169.516678,66.436555],[-169.523833,66.43929],[-169.548388,66.448587],[-169.556647,66.451707],[-169.566363,66.455375],[-169.574133,66.458288],[-169.582487,66.4614],[-169.594492,66.466328],[-169.612285,66.474187],[-169.658265,66.494955],[-169.671838,66.501128],[-169.705378,66.516292],[-169.72241,66.52394],[-169.729828,66.527278],[-169.738185,66.53103],[-169.743533,66.53346],[-169.783175,66.551003],[-169.78978,66.553892],[-169.795442,66.556358],[-169.801405,66.55898],[-169.814522,66.564648],[-169.826252,66.56977],[-169.84956,66.57987],[-169.877678,66.59209],[-169.884207,66.594907],[-169.933927,66.616535],[-169.955555,66.626002],[-169.995978,66.64376],[-170.017118,66.653113],[-170.02239,66.655438],[-170.032747,66.660053],[-170.090625,66.685517],[-170.116113,66.69663],[-170.126837,66.701347],[-170.181925,66.725975],[-170.195415,66.73204],[-170.218937,66.74273],[-170.22404,66.74506],[-170.230155,66.74785],[-170.236175,66.750515],[-170.245015,66.754185],[-170.250448,66.756407],[-170.265685,66.762628],[-170.314155,66.78194],[-170.374265,66.80565],[-170.400527,66.816517],[-170.406718,66.819055],[-170.416063,66.822848],[-170.425833,66.826838],[-170.435755,66.830947],[-170.464723,66.843118],[-170.47025,66.845412],[-170.480885,66.850037],[-170.505395,66.860513],[-170.511925,66.863253],[-170.522525,66.86759],[-170.55831,66.882723],[-170.567897,66.886793],[-170.589858,66.896235],[-170.607647,66.903942],[-170.617037,66.907982],[-170.646107,66.919703],[-170.652588,66.922307],[-170.71347,66.947718],[-170.724845,66.952497],[-170.735998,66.957167],[-170.76399,66.9689],[-170.799218,66.983555],[-170.804327,66.985673],[-170.862797,67.004653],[-170.874212,67.007698],[-170.88146,67.009675],[-170.898615,67.01428],[-170.920878,67.02015],[-170.938218,67.024802],[-170.992832,67.039295],[-171.07816,67.060657],[-171.083273,67.06193],[-171.088368,67.063187],[-171.097285,67.065415],[-171.136722,67.075205],[-171.154507,67.07963],[-171.16619,67.082588],[-171.193282,67.089378],[-171.20355,67.092025],[-171.215153,67.095023],[-171.222757,67.097022],[-171.279273,67.111822],[-171.288128,67.114183],[-171.294518,67.11588],[-171.301993,67.11791],[-171.331473,67.12527],[-171.34464,67.128492],[-171.352505,67.130427],[-171.361548,67.132655],[-171.369278,67.134515],[-171.381263,67.137423],[-171.399597,67.141958],[-171.40727,67.14383],[-171.418938,67.146652],[-171.442402,67.152433],[-171.48898,67.16405],[-171.615493,67.193093],[-171.7112,67.201312],[-171.717438,67.201815],[-171.725218,67.202443],[-171.734667,67.203098],[-171.749887,67.204318],[-171.75795,67.204945],[-171.770003,67.205925],[-171.77788,67.206588],[-171.796427,67.208188],[-171.808988,67.209178],[-171.832398,67.210928],[-171.84764,67.212148],[-171.854798,67.212697],[-171.876213,67.214412],[-171.882402,67.214888],[-171.891777,67.215695],[-172.173905,67.237468],[-172.202545,67.239655],[-172.41172,67.254308],[-172.55924,67.265102],[-172.65512,67.27256],[-172.675773,67.274177],[-173.609648,67.362633],[-173.970003,67.53859],[-173.983385,67.630845],[-174.081608,67.695002],[-174.358018,67.909975],[-174.415827,67.91282],[-174.409388,67.903557],[-174.40165,67.894097],[-174.396623,67.882302],[-174.38995,67.868553],[-174.384363,67.858707],[-174.376042,67.849048],[-174.369537,67.844167],[-174.356182,67.834788],[-174.350183,67.826563],[-174.34787,67.820013],[-174.329048,67.795848],[-174.323253,67.78861],[-174.308648,67.770097],[-174.305907,67.764127],[-174.300813,67.745197],[-174.297957,67.733378],[-174.29668,67.728318],[-174.294657,67.720592],[-174.27363,67.71167],[-174.252307,67.709798],[-174.246848,67.709355],[-174.241665,67.709127],[-174.248403,67.711282],[-174.253727,67.714297],[-174.257557,67.719365],[-174.254548,67.725127],[-174.245952,67.726982],[-174.240863,67.727048],[-174.233843,67.726767],[-174.228827,67.726842],[-174.223442,67.727063],[-174.21589,67.726608],[-174.221705,67.723615],[-174.22938,67.722268],[-174.261743,67.719838],[-174.281073,67.720077],[-174.292288,67.720045],[-174.302665,67.720163],[-174.31122,67.71941],[-174.321052,67.717952],[-174.335197,67.714305],[-174.341263,67.711953],[-174.35169,67.706607],[-174.357985,67.703142],[-174.363237,67.699178],[-174.368958,67.695378],[-174.388917,67.68574],[-174.39877,67.683202],[-174.418158,67.67829],[-174.423912,67.676863],[-174.434598,67.674212],[-174.439718,67.6733],[-174.463387,67.670698],[-174.485852,67.670295],[-174.54849,67.672595],[-174.588925,67.676105],[-174.602488,67.677817],[-174.615483,67.679678],[-174.623462,67.680825],[-174.683188,67.69329],[-174.725977,67.703953],[-174.748092,67.709698],[-174.759797,67.712787],[-174.788148,67.720152],[-174.814888,67.727128],[-174.837663,67.732543],[-174.844773,67.734172],[-174.85452,67.73644],[-174.914087,67.750235],[-174.943547,67.756975],[-174.953555,67.759233],[-174.962222,67.761195],[-174.969628,67.762882],[-174.980687,67.765367],[-174.987145,67.766808],[-175.024523,67.775207],[-175.05452,67.781973],[-175.062003,67.78368],[-175.091902,67.790473],[-175.163043,67.806952],[-175.181627,67.811285],[-175.196515,67.814737],[-175.211207,67.8182],[-175.225905,67.821648],[-175.292163,67.837313],[-175.398833,67.862698],[-175.465965,67.878737],[-175.471432,67.880067],[-175.53826,67.896158],[-175.610003,67.913382],[-175.651668,67.92602],[-175.726533,67.947735],[-175.750675,67.954812],[-175.783243,67.964053],[-175.8303,67.977302],[-175.8701,67.989377],[-175.943838,68.01224],[-175.950542,68.014318],[-175.964785,68.018682],[-175.973013,68.021202],[-175.98573,68.025087],[-175.991627,68.026875],[-176.02109,68.03594],[-176.038757,68.041375],[-176.097058,68.059503],[-176.112995,68.064475],[-176.202195,68.09186],[-176.209327,68.093652],[-176.218478,68.095878],[-176.227452,68.097987],[-176.264682,68.10615],[-176.271172,68.107583],[-176.296165,68.11319],[-176.352035,68.128978],[-176.364492,68.132817],[-176.413278,68.147238],[-176.424128,68.149865],[-176.430502,68.151383],[-176.508227,68.167602],[-176.534275,68.17294],[-176.5505,68.176297],[-176.573643,68.181167],[-176.583935,68.1833],[-176.593528,68.18532],[-176.603175,68.18728],[-176.632677,68.193297],[-176.63934,68.19469],[-176.646988,68.196293],[-176.655392,68.198052],[-176.766118,68.221938],[-176.837817,68.24643],[-176.845148,68.248905],[-176.853225,68.25166],[-176.860748,68.254227],[-176.868693,68.25693],[-176.874552,68.258878],[-176.881735,68.261303],[-176.888393,68.263545],[-176.898005,68.266787],[-176.90305,68.268475],[-176.909458,68.270613],[-176.917665,68.27336],[-176.977885,68.295055],[-176.98456,68.297767],[-176.991202,68.300483],[-177.058543,68.326145],[-177.064978,68.328345],[-177.101873,68.340793],[-177.127112,68.349445],[-177.187947,68.37053],[-177.244397,68.390942],[-177.340343,68.428433],[-177.350462,68.431973],[-177.396767,68.447983],[-177.404837,68.450708],[-177.523855,68.49252],[-177.52947,68.49455],[-177.591258,68.516165],[-177.60184,68.519813],[-177.617935,68.525373],[-177.665222,68.541423],[-177.673573,68.54415],[-177.681042,68.546607],[-177.69455,68.551012],[-177.702793,68.553693],[-177.707928,68.555353],[-177.745715,68.567798],[-177.753928,68.570518],[-177.762932,68.573532],[-177.895003,68.61764],[-178.120733,68.694795],[-178.136408,68.700215],[-178.143238,68.702593],[-178.149675,68.704817],[-178.163707,68.709607],[-178.180283,68.71525],[-178.18666,68.717435],[-178.193063,68.719622],[-178.200543,68.722205],[-178.207092,68.724447],[-178.215223,68.727227],[-178.221782,68.729447],[-178.240738,68.735797],[-178.257818,68.7415],[-178.320622,68.762355],[-178.33108,68.76585],[-178.346555,68.771047],[-178.358815,68.77517],[-178.364503,68.777102],[-178.430825,68.79939],[-178.465042,68.810993],[-178.473322,68.81382],[-178.481343,68.816545],[-178.49299,68.820495],[-178.50711,68.825228],[-178.53686,68.835298],[-178.546042,68.838422],[-178.563193,68.844227],[-178.612628,68.86112],[-178.628792,68.866693],[-178.652262,68.874728],[-178.686953,68.886705],[-178.712662,68.895692],[-178.720747,68.898527],[-178.769722,68.910885],[-178.777137,68.912648],[-178.79535,68.916788],[-178.804235,68.918723],[-178.812948,68.920627],[-178.84634,68.927478],[-178.858932,68.93012],[-178.864525,68.931333],[-178.870453,68.932608],[-178.881075,68.93483],[-178.889778,68.936642],[-178.908322,68.940447],[-178.921965,68.943257],[-178.943205,68.947572],[-178.953068,68.949525],[-178.965595,68.951998],[-178.99229,68.95748],[-179.011413,68.961565],[-179.024972,68.964487],[-179.030887,68.965768],[-179.04998,68.969778],[-179.066313,68.973305],[-179.091283,68.978765],[-179.100327,68.980647],[-179.111283,68.982878],[-179.211658,69.002535],[-179.227563,69.005655],[-179.240205,69.008317],[-179.245967,69.009583],[-179.26041,69.012668],[-179.306887,69.02238],[-179.430252,69.047823],[-179.440368,69.049843],[-179.4515,69.052077],[-179.45658,69.053092],[-179.464683,69.05474],[-179.47484,69.05681],[-179.530548,69.068608],[-179.565413,69.075928],[-179.574205,69.077795],[-179.58836,69.08077],[-179.64429,69.091728],[-179.65377,69.093447],[-179.668215,69.09613],[-179.792435,69.12783],[-179.803395,69.130918],[-179.818677,69.135172],[-179.827748,69.137805],[-179.877958,69.152807],[-179.885115,69.154897],[-179.892367,69.157028],[-179.903035,69.160163],[-179.90837,69.16174],[-179.98577,69.18434],[179.998187,69.188843],[179.989162,69.191457],[179.893773,69.218927],[179.861252,69.228225],[179.819575,69.24024],[179.812677,69.242332],[179.804863,69.244688],[179.792675,69.248355],[179.733052,69.266083],[179.727908,69.267623],[179.717262,69.27075],[179.70931,69.273108],[179.588423,69.308217],[179.576878,69.311608],[179.531167,69.325425],[179.524085,69.327568],[179.4366,69.353677],[179.424958,69.357078],[179.417712,69.359218],[179.411652,69.36102],[179.39396,69.36627],[179.358443,69.376803],[179.220102,69.416855],[179.200398,69.422568],[179.122248,69.445103],[179.113275,69.447657],[179.106253,69.449642],[179.060757,69.462843],[179.035752,69.47009],[179.026873,69.472692],[179.004467,69.479292],[178.993498,69.482508],[178.957458,69.49303],[178.94407,69.496943],[178.933923,69.499902],[178.908092,69.507442],[178.897552,69.510625],[178.869668,69.51907],[178.82619,69.531735],[178.777082,69.54105],[178.771882,69.54188],[178.752328,69.54504],[178.735432,69.547797],[178.72505,69.549462],[178.710777,69.551668],[178.663487,69.558918],[178.654717,69.560258],[178.644835,69.561758],[178.637318,69.562887],[178.62307,69.565042],[178.616312,69.566063],[178.579278,69.57189],[178.569537,69.573468],[178.532728,69.579415],[178.453335,69.592265],[178.349205,69.60857],[178.315925,69.61384],[178.281308,69.619548],[178.247033,69.625237],[178.18382,69.63528],[178.15536,69.64012],[178.14703,69.641907],[178.14085,69.64326],[178.130455,69.645578],[178.089405,69.654233],[178.062383,69.659727],[178.057015,69.66085],[178.043527,69.663662],[177.973262,69.678448],[177.958705,69.681488],[177.944147,69.68459],[177.929792,69.68762],[177.924373,69.688755],[177.911888,69.691395],[177.864108,69.701532],[177.84146,69.706272],[177.835223,69.707567],[177.829858,69.708685],[177.819543,69.710832],[177.76889,69.721785],[177.746398,69.727055],[177.685203,69.741627],[177.65169,69.749567],[177.63551,69.753402],[177.585927,69.765135],[177.561818,69.770832],[177.549498,69.773767],[177.537293,69.776633],[177.51584,69.781597],[177.505777,69.783963],[177.496738,69.786118],[177.417437,69.809388],[177.405357,69.812872],[177.394115,69.816132],[177.385993,69.818523],[177.37304,69.822325],[177.333367,69.834037],[177.326932,69.835958],[177.303063,69.843032],[177.234865,69.863695],[177.164955,69.884263],[177.158727,69.886135],[177.15049,69.888612],[177.143105,69.890802],[177.130312,69.894695],[177.079517,69.910508],[177.054673,69.918555],[177.00116,69.934953],[176.98723,69.939022],[176.97978,69.941193],[176.96947,69.944032],[176.954982,69.947882],[176.945062,69.950328],[176.889002,69.964127],[176.878195,69.966575],[176.818413,69.980095],[176.812552,69.981453],[176.800518,69.984285],[176.789705,69.986852],[176.779443,69.989262],[176.77134,69.99118],[176.718475,70.003507],[176.659865,70.01712],[176.648823,70.019707],[176.618022,70.026905],[176.587553,70.034118],[176.578352,70.036232],[176.569187,70.038363],[176.560017,70.040485],[176.508222,70.052473],[176.477402,70.05967],[176.414673,70.07342],[176.40547,70.075125],[176.331843,70.087772],[176.273537,70.094733],[176.261885,70.095918],[176.251513,70.096745],[176.236062,70.09786],[176.154952,70.102752],[176.026252,70.110205],[176.015245,70.11082],[175.924328,70.114108],[175.908822,70.114812],[175.897843,70.115355],[175.878622,70.11631],[175.865538,70.116958],[175.853157,70.11758],[175.824982,70.11896],[175.812645,70.119558],[175.758353,70.12207],[175.681902,70.125382],[175.669342,70.125938],[175.658665,70.126417],[175.5523,70.131648],[175.360435,70.1408],[175.320435,70.142462],[175.303255,70.143253],[175.190602,70.149028],[175.181922,70.149478],[175.109915,70.153118],[175.096308,70.153815],[175.088868,70.154188],[175.07888,70.154663],[175.07017,70.1551],[175.006882,70.158208],[174.980793,70.159538],[174.883845,70.16429],[174.873978,70.1648],[174.865605,70.165245],[174.790792,70.168753],[174.7686,70.169107],[174.723008,70.169842],[174.684708,70.170832],[174.6725,70.17122],[174.666388,70.17141],[174.660305,70.171603],[174.640837,70.172285],[174.625225,70.17284],[174.554823,70.175428],[174.5227,70.176685],[174.516233,70.176952],[174.492708,70.177923],[174.47511,70.178672],[174.464827,70.179107],[174.42672,70.180653],[174.418895,70.180985],[174.233618,70.188683],[174.221178,70.189188],[174.121585,70.193423],[174.11539,70.193702],[174.105277,70.194152],[174.096838,70.194578],[174.079492,70.195448],[174.066835,70.19597],[174.01999,70.19782],[174.014907,70.198],[173.983362,70.199198],[173.915375,70.201998],[173.90923,70.202265],[173.9031,70.202553],[173.79613,70.207208],[173.762733,70.20887],[173.737778,70.210158],[173.700317,70.211932],[173.48611,70.222538],[173.47379,70.223063],[173.343387,70.228543],[173.2561,70.232575],[173.216233,70.23408],[173.20749,70.234398],[173.202485,70.234592],[173.194987,70.234853],[173.132253,70.236852],[173.021152,70.241392],[172.910218,70.246425],[172.865483,70.248453],[172.841442,70.249552],[172.835147,70.249847],[172.82133,70.250493],[172.801187,70.25144],[172.78374,70.252273],[172.77848,70.252517],[172.728,70.254867],[172.69887,70.256205],[172.630655,70.259302],[172.4951,70.265707],[172.290457,70.273705],[172.229382,70.27655],[172.217687,70.277075],[172.146195,70.280368],[172.120755,70.281645],[172.107847,70.28229],[172.097885,70.2828],[171.972722,70.28798],[171.925395,70.290047],[171.906372,70.290857],[171.89748,70.291248],[171.877447,70.292145],[171.865887,70.29264],[171.822953,70.294413],[171.810227,70.294933],[171.797678,70.295493],[171.750478,70.297757],[171.739353,70.298305],[171.730995,70.298695],[171.718157,70.299315],[171.696475,70.300332],[171.631698,70.30299],[171.606102,70.304183],[171.5969,70.304637],[171.576552,70.305623],[171.564742,70.306208],[171.551602,70.306872],[171.540125,70.307405],[171.530798,70.307818],[171.516635,70.308348],[171.506213,70.30874],[171.498373,70.309057],[171.485393,70.309565],[171.471088,70.310135],[171.443917,70.311117],[171.428427,70.311665],[171.407663,70.312417],[171.394473,70.31288],[171.37132,70.313683],[171.326357,70.315958],[171.295103,70.317383],[171.283407,70.317885],[171.270665,70.318428],[171.263773,70.31873],[171.176973,70.322407],[171.165783,70.322853],[171.160207,70.323102],[171.147592,70.323658],[171.140102,70.323993],[171.040632,70.328407],[171.014822,70.329608],[170.975962,70.331427],[170.908615,70.334488],[170.897817,70.33502],[170.859,70.336935],[170.844495,70.337663],[170.831133,70.338307],[170.819458,70.338875],[170.80626,70.339525],[170.799648,70.339835],[170.794343,70.340085],[170.782413,70.340678],[170.763833,70.341577],[170.729545,70.343137],[170.720097,70.343548],[170.555555,70.348562],[170.317733,70.343273],[170.206402,70.341368],[170.197275,70.34114],[170.190582,70.340987],[170.15976,70.34019],[170.132828,70.339503],[170.115178,70.339077],[170.066555,70.337902],[170.048935,70.337507],[170.038705,70.337275],[170.026542,70.336967],[170.01467,70.336653],[170.009172,70.336508],[169.992532,70.336045],[169.887967,70.333308],[169.873313,70.332905],[169.848318,70.3323],[169.77898,70.330525],[169.770043,70.330273],[169.744873,70.329707],[169.667808,70.328077],[169.652082,70.327752],[169.5281,70.325295],[169.517623,70.325113],[169.505798,70.324933],[169.46015,70.324132],[169.348387,70.32169],[169.186778,70.31847],[169.177582,70.318363],[169.155132,70.31804],[169.108367,70.317107],[169.065343,70.316208],[168.994253,70.314648],[168.85249,70.311327],[168.6975,70.308957],[168.631368,70.307372],[168.621025,70.3071],[168.546302,70.305003],[168.4493,70.304597],[168.390203,70.311212],[168.351203,70.321547],[168.294733,70.334665],[168.232305,70.34869],[168.178377,70.36066],[168.168442,70.362822],[168.093107,70.385455],[168.014605,70.410873],[168.006025,70.413682],[167.996442,70.416788],[167.985115,70.420478],[167.913845,70.442708],[167.902782,70.4449],[167.8909,70.447033],[167.79916,70.462855],[167.788448,70.46472],[167.775203,70.467025],[167.758818,70.4699],[167.710352,70.478342],[167.692613,70.481438],[167.680975,70.483478],[167.480363,70.518298],[167.264542,70.55536],[167.248018,70.558225],[167.234962,70.560517],[167.226492,70.562002],[167.212347,70.564485],[167.009377,70.598783],[166.975135,70.604747],[166.955172,70.608228],[166.892418,70.619183],[166.884148,70.620643],[166.868743,70.623395],[166.860432,70.624873],[166.852188,70.62635],[166.844108,70.627785],[166.827413,70.630762],[166.819212,70.632222],[166.812132,70.633452],[166.799077,70.635737],[166.783687,70.638395],[166.775393,70.639807],[166.761375,70.64225],[166.750532,70.644145],[166.74339,70.645373],[166.724608,70.648647],[166.613028,70.668198],[166.602255,70.670107],[166.596143,70.671208],[166.588848,70.672505],[166.39281,70.704213],[166.380177,70.706177],[166.333882,70.713285],[166.320165,70.715417],[166.313982,70.716392],[166.274638,70.722752],[166.267468,70.72392],[166.257265,70.725602],[166.19561,70.73508],[166.18942,70.73603],[166.11119,70.747748],[166.095355,70.750065],[166.090028,70.750863],[166.075525,70.75302],[166.065748,70.754498],[166.008212,70.762847],[165.820562,70.788822],[165.810665,70.79019],[165.799292,70.791745],[165.773477,70.795363],[165.763485,70.796703],[165.630128,70.813523],[165.589755,70.818708],[165.338993,70.855213],[165.325872,70.856973],[165.219218,70.87105],[165.207398,70.872603],[165.194223,70.87433],[165.08722,70.888135],[165.05695,70.89207],[165.044028,70.893735],[165.02964,70.895592],[164.982192,70.901813],[164.925918,70.909372],[164.913108,70.911122],[164.86102,70.918323],[164.840318,70.921218],[164.815735,70.924617],[164.810542,70.925323],[164.80146,70.92654],[164.761215,70.932013],[164.739358,70.93499],[164.727435,70.936577],[164.71601,70.938205],[164.702487,70.941532],[164.648097,70.963633],[164.597928,70.998142],[164.591452,71.003057],[164.584998,71.007992],[164.577383,71.013882],[164.569397,71.020705],[164.563445,71.02584],[164.540463,71.04571],[164.526702,71.056153],[164.521275,71.060263],[164.515845,71.06437],[164.462148,71.106558],[164.430568,71.130305],[164.353235,71.206258],[164.349252,71.212147],[164.345478,71.218207],[164.339268,71.228348],[164.313613,71.267718],[164.307525,71.276755],[164.294388,71.295815],[164.289692,71.302537],[164.279095,71.317928],[164.262615,71.350288],[164.26062,71.361553],[164.259043,71.367955],[164.254525,71.384393],[164.251618,71.398798],[164.250843,71.404107],[164.249912,71.411823],[164.2482,71.430093],[164.246883,71.444128],[164.245973,71.453738],[164.245432,71.459495],[164.244498,71.468635],[164.242302,71.489853],[164.241242,71.499967],[164.240712,71.505222],[164.240122,71.512407],[164.238538,71.531935],[164.234367,71.577022],[164.233733,71.582327],[164.232662,71.591835],[164.219915,71.671075],[164.213688,71.676278],[164.17869,71.686935],[164.163972,71.689962],[164.152693,71.692097],[164.145233,71.693543],[164.130435,71.696395],[164.11789,71.698793],[164.110093,71.700263],[164.096225,71.702897],[164.027645,71.715897],[164.014892,71.718307],[163.999785,71.72112],[163.99321,71.722352],[163.981943,71.724452],[163.970463,71.726595],[163.908903,71.73818],[163.431502,71.828147],[163.414855,71.831205],[163.315953,71.84992],[163.305872,71.85187],[163.29602,71.85379],[163.0114,71.908398],[162.962933,71.917637],[162.913585,71.926647],[162.889898,71.93094],[162.870068,71.93451],[162.801458,71.947098],[162.535493,71.997053],[162.427095,72.01751],[162.415252,72.01974],[162.408895,72.020942],[162.314492,72.038502],[162.29586,72.041943],[162.25865,72.048883],[162.25181,72.050157],[162.237377,72.052807],[162.229368,72.054277],[162.170723,72.065113],[162.1574,72.067583],[162.149193,72.069105],[162.131678,72.072333],[162.118618,72.074733],[162.108215,72.07664],[162.03953,72.08943],[162.029625,72.091255],[162.007892,72.09526],[161.898962,72.115487],[161.892383,72.116733],[161.8843,72.118292],[161.87276,72.120548],[161.85149,72.124633],[161.782427,72.138098],[161.771763,72.140185],[161.76657,72.141198],[161.753512,72.143755],[161.742027,72.146012],[161.718558,72.150602],[161.581332,72.19165],[161.571547,72.197627],[161.56598,72.200988],[161.559767,72.204738],[161.511587,72.234343],[161.396472,72.304388],[161.374372,72.31794],[161.315457,72.353295],[161.263677,72.383768],[161.253712,72.389677],[161.243855,72.395492],[161.192538,72.425083],[161.185583,72.42924],[161.133275,72.460113],[161.122265,72.466553],[161.116442,72.469958],[161.07781,72.492593],[161.06998,72.497162],[161.025765,72.522865],[161.003702,72.53563],[160.98755,72.545122],[160.967373,72.556885],[160.960277,72.56106],[160.953382,72.565098],[160.878908,72.609045],[160.869892,72.614363],[160.86034,72.620028],[160.811402,72.655447],[160.76567,72.683037],[160.69347,72.725138],[160.686608,72.729187],[160.68079,72.732612],[160.675287,72.735818],[160.592777,72.784257],[160.531847,72.819903],[160.508188,72.833715],[160.50116,72.837808],[160.49338,72.842378],[160.487945,72.845565],[160.463505,72.859875],[160.455828,72.864348],[160.428135,72.880533],[160.362425,72.918812],[160.351132,72.925293],[160.341392,72.930993],[160.270462,72.970173],[160.25128,72.980007],[160.125807,73.04844],[160.058215,73.086195],[160.044217,73.094212],[160.02528,73.10501],[159.965058,73.139148],[159.953002,73.146012],[159.924797,73.162073],[159.867517,73.194373],[159.845362,73.206817],[159.837683,73.211155],[159.7959,73.234762],[159.789497,73.238353],[159.780308,73.24356],[159.770458,73.249225],[159.750045,73.260903],[159.737332,73.268142],[159.713443,73.281875],[159.70495,73.28673],[159.695787,73.29196],[159.676082,73.303255],[159.669217,73.307205],[159.663498,73.310488],[159.62894,73.330225],[159.528125,73.38819],[159.511433,73.397872],[159.450273,73.432658],[159.399503,73.460093],[159.336187,73.494712],[159.321937,73.50266],[159.314712,73.50668],[159.132958,73.604322],[159.12225,73.610257],[159.111882,73.616128],[159.041163,73.6554],[159.026355,73.663435],[159.019677,73.667043],[158.990533,73.6827],[158.974263,73.691487],[158.924118,73.718737],[158.870057,73.748318],[158.865047,73.751103],[158.857822,73.755068],[158.83351,73.768578],[158.793203,73.790525],[158.78364,73.795715],[158.774707,73.800578],[158.764527,73.806117],[158.749193,73.814502],[158.606575,73.892313],[158.54739,73.924223],[158.53978,73.928317],[158.467245,73.966163],[158.459937,73.970322],[158.450147,73.976005],[158.35139,74.03224],[158.33409,74.041307],[158.266587,74.077043],[158.258852,74.081082],[158.245217,74.088305],[158.217917,74.102875],[158.211063,74.10649],[158.19421,74.115348],[158.188812,74.118153],[158.125192,74.151298],[158.11978,74.154143],[158.05643,74.187803],[158.047372,74.19268],[158.033777,74.200032],[158.017143,74.209135],[157.976403,74.231663],[157.966085,74.237532],[157.693285,74.382452],[157.671013,74.39424],[157.656573,74.401905],[157.643695,74.408895],[157.635978,74.41301],[157.623527,74.419508],[157.600383,74.431562],[157.467988,74.501992],[157.459023,74.506942],[157.434927,74.520812],[157.385075,74.546035],[157.373465,74.551258],[157.326177,74.573732],[157.319443,74.577397],[157.309898,74.582607],[157.241828,74.61933],[157.235017,74.622958],[157.163135,74.659412],[157.156037,74.663065],[157.148187,74.667063],[157.12932,74.676662],[157.119095,74.681832],[157.062947,74.710772],[157.05517,74.714768],[157.017982,74.734163],[157.0025,74.742192],[156.989382,74.748957],[156.980952,74.753393],[156.882815,74.804453],[156.863292,74.814575],[156.854917,74.818955],[156.842532,74.825417],[156.829062,74.832323],[156.698488,74.898912],[156.673097,74.912252],[156.663438,74.917067],[156.590452,74.953407],[156.231508,75.06324],[156.13735,75.085877],[156.130958,75.087407],[156.079425,75.099565],[155.998442,75.118097],[155.986717,75.120793],[155.912095,75.137892],[155.842842,75.15366],[155.80553,75.162145],[155.662897,75.195708],[155.656195,75.197275],[155.639483,75.201222],[155.463477,75.24256],[155.447193,75.246357],[155.437608,75.24863],[155.422253,75.25222],[155.390925,75.259572],[155.381318,75.26183],[155.363475,75.266015],[155.352245,75.268628],[155.335977,75.272415],[155.276942,75.286305],[155.193608,75.305817],[155.143972,75.317415],[155.059865,75.33696],[155.052757,75.338623],[155.0389,75.341848],[155.0292,75.344115],[154.98905,75.353448],[154.97816,75.35598],[154.890675,75.376383],[154.802192,75.396967],[154.68654,75.423892],[154.593568,75.448752],[154.574163,75.453897],[154.55756,75.458278],[154.549307,75.460443],[154.538052,75.463412],[154.519573,75.468273],[154.506572,75.471727],[154.479152,75.478937],[154.282137,75.528882],[154.26873,75.532148],[154.245492,75.537798],[154.148468,75.561447],[154.133492,75.565087],[154.093943,75.574718],[154.069342,75.580663],[154.03308,75.58891],[154.018922,75.592113],[153.691793,75.663245],[153.684583,75.664827],[153.668438,75.668268],[153.65658,75.670503],[153.648935,75.671892],[153.220818,75.757387],[153.21348,75.75904],[153.199572,75.762223],[153.18801,75.764863],[153.174127,75.768027],[153.066508,75.79254],[152.837725,75.844998],[152.820885,75.848872],[152.808218,75.851785],[152.792477,75.855397],[152.77154,75.860208],[152.686892,75.8788],[152.67623,75.880777],[152.665478,75.882757],[152.653265,75.885023],[152.604228,75.894043],[152.565163,75.899845],[152.518338,75.904623],[152.512735,75.905188],[152.500305,75.906405],[152.482828,75.908088],[152.36159,75.91854],[152.147808,75.933217],[152.13046,75.934407],[152.06218,75.939135],[152.033838,75.941132],[152.026385,75.941647],[152.000325,75.943437],[151.992898,75.94394],[151.976147,75.945108],[151.888578,75.951083],[151.875547,75.951977],[151.857163,75.953228],[151.830752,75.95506],[151.821407,75.955703],[151.718697,75.962848],[151.6871,75.965018],[151.670245,75.966187],[151.653338,75.967357],[151.593002,75.97156],[151.544295,75.974958],[151.522102,75.9765],[151.495565,75.97837],[151.469007,75.980232],[151.460247,75.980843],[151.313343,75.99119],[151.298607,75.992233],[151.205855,75.998752],[151.18888,75.999917],[151.174143,76.000958],[151.162848,76.001735],[151.100655,76.006093],[151.085588,76.007172],[151.074247,76.007965],[151.060405,76.00895],[151.049333,76.009727],[151.033897,76.01084],[151.028527,76.011215],[151.01529,76.012157],[150.96428,76.015827],[150.951352,76.016738],[150.91887,76.019062],[150.84518,76.024317],[150.835393,76.025027],[150.808915,76.026948],[150.799435,76.027625],[150.784278,76.028717],[150.638457,76.039188],[150.610088,76.041257],[150.598685,76.042065],[150.585407,76.04304],[150.381472,76.058562],[150.142543,76.082317],[150.127755,76.083808],[149.444468,76.12678],[149.088543,76.145548],[149.068223,76.146913],[148.924357,76.156702],[148.892865,76.158873],[148.875277,76.160115],[148.84199,76.162402],[148.816857,76.164155],[148.739818,76.169462],[148.706683,76.17164],[148.657917,76.174893],[148.48538,76.186888],[148.465805,76.188282],[148.239627,76.203843],[148.139205,76.210845],[148.076457,76.215202],[148.041113,76.217683],[147.964478,76.223093],[147.952252,76.223933],[147.553813,76.251318],[147.495592,76.255208],[147.187502,76.276323],[147.17025,76.277553],[147.156507,76.278523],[147.138823,76.279767],[147.119222,76.281128],[147.09973,76.282522],[147.065062,76.284968],[146.80088,76.306797],[146.782533,76.308442],[146.486065,76.335227],[146.444077,76.339013],[146.432622,76.340045],[146.427203,76.340527],[146.407723,76.34227],[146.398523,76.343093],[146.379247,76.344787],[146.324445,76.349708],[146.307502,76.351237],[146.272153,76.354407],[146.262385,76.355272],[146.217188,76.359317],[146.196647,76.361197],[146.159517,76.364508],[145.935515,76.38467],[145.531498,76.415187],[145.518342,76.416102],[145.416025,76.421777],[145.398853,76.422582],[145.38548,76.423183],[145.358782,76.424383],[145.312205,76.42647],[145.24499,76.429412],[145.231495,76.430002],[145.219607,76.430525],[145.211885,76.430883],[145.175338,76.432505],[145.112235,76.435373],[145.077905,76.436975],[145.060812,76.437755],[145.034442,76.438915],[145.024623,76.439365],[145.00179,76.440415],[144.949858,76.442803],[144.763435,76.451398],[144.718123,76.453458],[144.688823,76.454782],[144.670675,76.455612],[144.65489,76.456318],[144.62572,76.457648],[144.592302,76.459432],[144.58306,76.459978],[144.57127,76.460687],[144.552037,76.461823],[144.430858,76.468965],[144.390907,76.471365],[144.360097,76.47325],[144.331767,76.474927],[144.143787,76.48606],[144.10865,76.488407],[143.73339,76.513312],[143.711035,76.514845],[143.69557,76.515888],[143.686093,76.516548],[143.632832,76.520168],[143.616128,76.521325],[143.37449,76.537728],[143.340415,76.540043],[143.315822,76.541752],[143.295382,76.543153],[143.283662,76.54396],[143.276012,76.54448],[143.168242,76.551727],[143.119083,76.555062],[143.113703,76.555395],[143.09777,76.556445],[142.970653,76.564918],[142.951218,76.566227],[142.936092,76.567252],[142.804932,76.576187],[142.770802,76.578465],[142.752658,76.579695],[142.68958,76.583982],[142.68151,76.584518],[142.66338,76.585728],[142.649283,76.586655],[142.625088,76.588302],[142.564158,76.59248],[142.545732,76.593725],[142.299722,76.610097],[142.272972,76.611938],[142.189723,76.617778],[141.996453,76.630597],[141.973507,76.631992],[141.837013,76.640892],[141.822647,76.641883],[141.481672,76.665183],[141.42758,76.668697],[141.274303,76.678927],[141.255025,76.680262],[141.243282,76.681085],[141.079655,76.692572],[140.74258,76.692092],[140.648647,76.68297],[140.621168,76.680232],[140.604987,76.67858],[140.588245,76.676887],[140.563247,76.67396],[140.554805,76.672898],[140.385183,76.650723],[140.183885,76.624522],[140.170112,76.62273],[140.025618,76.607988],[139.765633,76.602092],[139.69907,76.60225],[139.35812,76.603183],[139.169497,76.619093],[139.159233,76.620628],[139.143967,76.622943],[138.945213,76.664835],[138.930597,76.667287],[138.919097,76.669053],[138.89691,76.671912],[138.828188,76.675562],[138.610627,76.663608],[138.597113,76.66259],[138.176968,76.629405],[137.677853,76.590862],[137.547485,76.580427],[137.52989,76.579037],[137.493067,76.575998],[136.858182,76.524412],[136.438033,76.490462],[136.424623,76.489377],[136.36626,76.484598],[136.130193,76.464998],[136.112928,76.463558],[136.099063,76.462408],[136.002565,76.454292],[135.96633,76.45125],[135.950503,76.449883],[135.702007,76.427933],[135.646215,76.422943],[135.498358,76.40963],[135.484827,76.408423],[135.464605,76.406592],[135.195432,76.384067],[135.182225,76.382987],[135.163638,76.381478],[134.40025,76.317958],[134.346298,76.313442],[134.32924,76.312072],[133.776642,76.26555],[133.765842,76.264638],[133.750068,76.263313],[133.635538,76.253592],[133.621415,76.252383],[133.603732,76.250903],[133.589633,76.24968],[133.568502,76.24786],[133.475277,76.239963],[133.454095,76.238163],[133.444927,76.237385],[133.19841,76.21644],[133.165062,76.213683],[133.045285,76.203692],[132.894377,76.190897],[132.863095,76.188268],[132.848513,76.187037],[132.83678,76.186058],[132.771627,76.180583],[132.521708,76.159398],[132.472618,76.155238],[132.447603,76.153095],[132.333667,76.143158],[132.292543,76.139557],[132.283597,76.138795],[132.001912,76.115042],[131.986003,76.113693],[131.958357,76.110957],[131.941358,76.109147],[131.804142,76.091108],[131.738402,76.081215],[131.721373,76.07869],[131.713257,76.07747],[131.39862,76.034767],[131.367737,76.0316],[131.320992,76.026883],[131.052608,75.99869],[131.0007,75.99267],[130.948242,75.986622],[130.67983,75.955028],[130.63072,75.949172],[130.603372,75.945918],[130.391465,75.920242],[130.37845,75.918645],[130.338045,75.913733],[130.319848,75.911507],[130.153668,75.891452],[129.980533,75.869863],[129.959107,75.867132],[129.945548,75.865423],[129.935955,75.86419],[129.90766,75.86055],[129.665478,75.829548],[129.416327,75.814485],[129.402215,75.813813],[129.39313,75.813382],[129.374863,75.812538],[129.257187,75.807395],[129.237798,75.806593],[128.912818,75.792228],[128.744018,75.785487],[128.664702,75.782065],[128.62448,75.780363],[128.615385,75.779977],[128.593898,75.779062],[128.575352,75.778305],[128.562563,75.777763],[128.54794,75.77715],[128.527767,75.776313],[128.509467,75.775565],[128.165267,75.760358],[128.148993,75.75963],[128.063223,75.75591],[127.75544,75.742588],[127.719413,75.74103],[127.534695,75.732828],[127.527423,75.73252],[127.509253,75.731723],[127.425883,75.728053],[127.341887,75.724467],[127.236797,75.719942],[127.085917,75.713315],[127.078645,75.71301],[127.045885,75.711595],[126.867513,75.703815],[126.820202,75.701712],[126.801868,75.700903],[126.748965,75.698518],[126.738167,75.69803],[126.72225,75.697312],[126.691337,75.695902],[126.667952,75.694843],[126.503345,75.687477],[126.480087,75.686437],[126.25888,75.676382],[126.241302,75.675548],[126.205185,75.673887],[126.16804,75.672153],[126.096917,75.668895],[126.08133,75.668173],[126.063632,75.667383],[125.820983,75.656922],[125.769237,75.654663],[125.733045,75.653042],[125.611523,75.647252],[125.593673,75.646407],[125.369547,75.63591],[125.362483,75.635588],[125.348733,75.634937],[125.322423,75.633658],[125.204803,75.627847],[125.071053,75.622875],[125.051358,75.622117],[125.042403,75.621765],[125.001248,75.620108],[124.947572,75.617857],[124.696162,75.607548],[124.647807,75.605392],[124.637113,75.604902],[124.521685,75.599812],[124.42063,75.595475],[124.392577,75.59428],[124.385228,75.593963],[124.079517,75.58103],[123.905678,75.573103],[123.898668,75.572768],[123.879345,75.571857],[123.853225,75.570628],[123.833622,75.569747],[123.762045,75.568157],[123.576623,75.577473],[123.557032,75.57824],[123.541023,75.578868],[123.524945,75.57953],[123.478185,75.581328],[123.467422,75.581748],[123.44229,75.582707],[123.437192,75.582887],[123.241307,75.590502],[123.14073,75.594558],[122.94618,75.602483],[122.676792,75.612935],[122.638717,75.614242],[122.487108,75.61989],[122.440612,75.621667],[121.82927,75.646485],[121.819863,75.646842],[121.774612,75.648522],[121.757932,75.649225],[121.603642,75.65563],[121.596438,75.655935],[121.586847,75.656362],[121.069737,75.679787],[120.92731,75.689245],[120.90199,75.690798],[120.819342,75.694907],[120.56931,75.70308],[120.558593,75.703395],[120.374715,75.708188],[120.312312,75.7094],[119.072613,76.068123],[118.796837,76.193852],[118.368292,76.360077],[118.28635,76.445037],[118.271617,76.456698],[118.077453,76.608472],[117.917755,76.669285],[117.908575,76.672393],[117.847922,76.694122],[117.839667,76.698362],[117.83303,76.702718],[117.801697,76.72923],[117.77313,76.75323],[117.758235,76.765858],[117.71195,76.800602],[117.702043,76.805658],[117.634993,76.839935],[117.60891,76.853303],[117.603427,76.856142],[117.556318,76.885162],[117.544223,76.893447],[117.51561,76.913122],[117.493118,76.933423],[117.485342,76.941447],[117.474227,76.953077],[117.456737,76.971473],[117.44397,77.008685],[117.443023,77.014015],[117.441948,77.020505],[117.415675,77.088345],[117.361443,77.163775],[117.3397,77.179078],[117.333777,77.183295],[117.328447,77.18709],[117.240167,77.250713],[117.218053,77.263033],[117.200757,77.269418],[117.022638,77.320215],[116.964278,77.336172],[116.957078,77.33815],[116.944182,77.341915],[116.937337,77.344135],[116.91962,77.350895],[116.913948,77.353188],[116.833868,77.386105],[116.788402,77.404892],[116.762438,77.415782],[116.536498,77.533177],[116.47926,77.558388],[116.307203,77.623978],[116.288083,77.6308],[116.041015,77.718787],[116.031913,77.721968],[115.92504,77.749427],[115.863772,77.763552],[115.838648,77.769313],[115.828402,77.771667],[115.818068,77.774067],[115.74905,77.8015],[115.746127,77.809773],[115.704038,77.873943],[115.678667,77.884657],[115.42491,77.987677],[115.357468,78.015617],[115.349398,78.019618],[115.328122,78.030287],[115.269058,78.05138],[115.255192,78.054548],[115.236965,78.058562],[115.150968,78.077203],[115.136427,78.080335],[115.123767,78.083065],[115.072298,78.094193],[114.958722,78.159677],[114.947883,78.163348],[114.895502,78.18101],[114.887153,78.184023],[114.877815,78.18748],[114.765653,78.219465],[114.554403,78.236127],[114.538398,78.237345],[114.532788,78.237822],[114.52282,78.238817],[114.507975,78.24057],[114.488267,78.243215],[114.413188,78.253675],[113.93462,78.28953],[113.917963,78.290548],[113.725733,78.302905],[113.70515,78.30428],[113.686353,78.30554],[113.526807,78.316002],[113.507457,78.317227],[113.332918,78.328293],[113.318582,78.329243],[113.297643,78.330637],[112.083937,78.364928],[111.475492,78.377937],[111.26682,78.381948],[111.255492,78.38218],[111.23796,78.382525],[111.09939,78.38537],[110.680823,78.401953],[110.543227,78.407822],[110.500383,78.409408],[110.476415,78.41017],[110.448377,78.41097],[110.372662,78.412678],[110.347013,78.413142],[110.119005,78.41718],[110.097088,78.417563],[110.07071,78.418007],[109.015823,78.442198],[108.639043,78.44849],[108.616942,78.449007],[108.601785,78.44936],[108.580117,78.449868],[108.493697,78.45196],[108.209015,78.458548],[108.200438,78.458763],[108.045578,78.462525],[107.647572,78.47066],[107.632058,78.470953],[106.571197,78.46412],[106.534853,78.460065],[106.506078,78.456843],[106.396845,78.444567],[106.355948,78.439973],[106.344837,78.438707],[105.793738,78.33815],[105.763107,78.331168],[105.734002,78.32453],[105.50822,78.282248],[105.491417,78.279998],[105.474927,78.27782],[105.458507,78.275648],[105.446132,78.27399],[105.379292,78.26497],[105.323423,78.257228],[104.931648,78.241272],[104.924832,78.241245],[104.893017,78.241117],[104.758023,78.236853],[104.737668,78.235573],[104.716688,78.234182],[104.706362,78.233473],[104.652827,78.230685],[104.623367,78.229305],[104.532435,78.223553],[104.523018,78.222665],[104.511493,78.221467],[104.275528,78.191948],[104.26319,78.189898],[104.242483,78.186467],[104.131047,78.147378],[104.121902,78.143313],[104.11503,78.139417],[104.109165,78.135598],[104.09544,78.125432],[104.071212,78.106693],[104.065103,78.098627],[103.851168,78.008408],[103.790592,78.00393],[103.496447,77.992093],[103.476052,77.990918],[103.450027,77.988997],[103.334808,77.984528],[103.298645,77.983192],[102.79233,77.965272],[102.774008,77.964227],[102.72742,77.960922],[102.706958,77.95945],[102.688883,77.95811],[102.66252,77.956138],[102.540863,77.946998],[102.516688,77.945188],[102.499048,77.943827],[102.484957,77.94276],[102.419905,77.9379],[102.393493,77.935963],[102.381247,77.935083],[102.361225,77.933642],[102.271993,77.927102],[102.25427,77.925775],[102.235987,77.924422],[101.87461,77.89266],[101.854283,77.890405],[101.841327,77.888968],[101.822665,77.88694],[101.689662,77.872667],[101.665275,77.870082],[101.653945,77.868903],[100.755492,77.776137],[100.749835,77.775592],[100.66657,77.767638],[100.603878,77.761588],[100.36946,77.734063],[100.178862,77.711348],[99.992207,77.701352],[99.613472,77.702173],[99.258022,77.702673],[98.792183,77.70325],[97.643588,77.70431],[97.529715,77.704062],[97.509318,77.704012],[97.361872,77.703793],[97.336883,77.703908],[97.32222,77.704278],[97.024907,77.719337],[96.842293,77.728345],[96.807105,77.730053],[96.768398,77.731982],[96.41704,77.748798],[96.093712,77.764083],[95.690703,77.785438],[95.646477,77.788133],[95.491088,77.797605],[95.186992,77.812543],[95.094192,77.817025],[94.962447,77.823415],[94.532633,77.844212],[94.195898,77.860488],[93.719147,77.8835],[93.449198,77.89734],[93.358925,77.902008],[93.337473,77.90313],[93.263782,77.907032],[93.253573,77.907568],[93.236355,77.908503],[93.183763,77.911352],[93.173205,77.911918],[93.058687,77.917538],[92.700943,77.935253],[92.671918,77.936672],[92.656895,77.937418],[92.63419,77.938572],[92.242508,77.957363],[91.92109,77.95194],[91.906125,77.951683],[91.873995,77.951045],[91.756223,77.948643],[91.635205,77.946167],[91.35271,77.94142],[91.333032,77.941113],[91.322645,77.940935],[91.059842,77.935847],[90.707895,77.928108],[90.277412,77.92005],[90.258117,77.919748],[90.245592,77.919562],[90.234518,77.919388],[90.080478,77.917242],[89.708447,77.911627],[89.69373,77.911308],[89.559908,77.908382],[89.551337,77.908193],[89.260893,77.902667],[89.18842,77.901385],[89.156545,77.900848],[89.14769,77.900685],[88.697178,77.891152],[88.614382,77.889278],[88.586412,77.888645],[88.577922,77.88846],[87.698065,77.87388],[87.42896,77.86866],[87.313002,77.866395],[87.210432,77.864428],[87.202685,77.864277],[87.194232,77.86412],[87.002825,77.860315],[86.57038,77.851637],[86.511817,77.8505],[86.498803,77.850267],[86.44403,77.849295],[86.088878,77.843107],[85.8705,77.839375],[85.862568,77.839245],[85.486878,77.831593],[84.074457,77.803722],[83.38951,77.792077],[83.084778,77.786742],[83.071023,77.786465],[82.020143,77.764717],[82.00204,77.764193],[81.992015,77.763895],[81.834563,77.758958],[81.806683,77.758048],[81.082525,77.73614],[81.068197,77.735698],[81.053875,77.735245],[81.035377,77.734685],[81.013088,77.734035],[80.69888,77.724287],[79.938815,77.701903],[79.717813,77.696438],[79.039127,77.673445],[78.948627,77.670565],[78.931733,77.670025],[78.910723,77.669363],[78.577283,77.658743],[78.556485,77.658082],[78.543652,77.657663],[78.535645,77.6574],[78.373802,77.652268],[78.350517,77.65153],[77.372603,77.624983],[77.355922,77.624408],[76.805395,77.60352],[76.799343,77.603298],[76.76254,77.602055],[76.461732,77.593727],[76.44643,77.593362],[76.398848,77.59218],[76.200405,77.587265],[76.008913,77.582135],[75.972413,77.58111],[75.425853,77.564532],[75.384962,77.56327],[75.368268,77.562728],[74.728052,77.542317],[74.710767,77.541777],[74.634975,77.539447],[74.598302,77.538338],[74.31814,77.530013],[74.304917,77.529603],[74.230222,77.527228],[74.17687,77.525553],[74.169153,77.52531],[74.02717,77.520793],[73.783767,77.513478],[73.525288,77.51079],[73.505383,77.510685],[73.317942,77.509455],[73.293703,77.509283],[73.282687,77.509213],[73.164257,77.507483],[73.01683,77.501883],[72.491422,77.473268],[72.231312,77.465355],[72.193812,77.46425],[72.18503,77.463985],[72.123575,77.462177],[72.108543,77.461742],[72.064572,77.46046],[71.781933,77.452307],[71.764948,77.451812],[70.403748,77.410968],[70.309072,77.407915],[69.909432,77.394212],[69.81819,77.390825],[69.111708,77.36632],[67.830025,77.325832],[67.655983,77.320042],[67.549358,77.317037],[67.529492,77.316457],[66.572463,77.247635],[66.01857,77.198722],[65.969978,77.194557],[65.620352,77.164398],[65.609587,77.163417],[65.544955,77.157677],[63.793453,77.011098],[63.735993,77.008295],[63.609945,77.002388],[63.409412,76.992065],[63.37096,76.99013],[63.360622,76.989622],[63.217353,76.982502],[63.013278,76.972785],[62.766212,76.961403],[61.86285,76.915175],[61.576173,76.900527],[61.502245,76.896738],[60.952905,76.870332],[60.883697,76.867105],[60.70954,76.858992],[60.05395,76.825805],[59.92905,76.81964],[59.176233,76.781143],[59.159632,76.780297],[58.891943,76.76797],[58.669587,76.757568],[57.774345,76.713057],[57.762255,76.712425],[57.618493,76.705242],[57.607382,76.704683],[57.586928,76.703678],[57.430938,76.695887],[57.414235,76.69504],[56.68606,76.657257],[56.67365,76.656617],[56.655085,76.655637],[56.215858,76.63278],[55.717322,76.60654],[55.66778,76.603918],[55.439857,76.591958],[55.132275,76.575808],[54.837498,76.560608],[54.823275,76.55995],[53.617352,76.50303],[53.431397,76.491642],[53.254102,76.481465],[53.148242,76.476442],[52.231243,76.429922],[52.20094,76.428447],[52.127917,76.424823],[52.112495,76.424017],[51.912587,76.413362],[51.789402,76.406715],[51.45174,76.388453],[51.425367,76.38707],[51.415563,76.386567],[51.39523,76.385535],[51.049077,76.367782],[50.656443,76.347052],[50.50324,76.339083],[50.342283,76.33094],[50.179872,76.322733],[50.157138,76.32156],[49.936532,76.30995],[49.81954,76.303858],[49.802897,76.303128],[49.778547,76.302012],[49.564703,76.292208],[49.54436,76.291108],[49.522333,76.289932],[49.35554,76.280997],[49.095632,76.267573],[49.057095,76.265652],[48.976197,76.261608],[48.706367,76.248165],[48.685827,76.247127],[48.179988,76.219327],[48.173948,76.21898],[48.149702,76.217673],[48.048363,76.212497],[48.024455,76.211293],[47.87019,76.203368],[47.50709,76.184937],[47.479845,76.183485],[46.959085,76.155693],[46.942157,76.154827],[46.928037,76.154113],[46.577433,76.135713],[46.346622,76.12316],[46.326285,76.122075],[46.10358,76.109403],[46.07488,76.107742],[46.009925,76.103935],[45.989228,76.102707],[45.613548,76.080877],[45.31558,76.066148],[44.873833,76.047135],[44.830323,76.045253],[44.210807,76.011073],[44.19243,76.00994],[44.006865,75.998057],[43.988338,75.99588],[43.686317,75.956428],[43.654468,75.952328],[43.394943,75.918678],[43.067015,75.876415],[43.04821,75.873963],[43.039267,75.872813],[42.884695,75.85276],[42.866043,75.85033],[42.544907,75.80925],[42.377595,75.787798],[42.361325,75.78575],[41.066682,75.59828],[40.974477,75.585285],[40.706155,75.549852],[40.528325,75.526322],[40.079523,75.467373],[39.899773,75.443833],[39.807397,75.43171],[39.766808,75.426375],[39.630133,75.408415],[39.540252,75.396412],[39.4561,75.385135],[39.29365,75.360408],[39.283107,75.358803],[39.158613,75.33975],[39.14157,75.337163],[39.028718,75.320207],[38.928625,75.305883],[38.747337,75.280395],[38.664545,75.268523],[38.351453,75.227057],[38.08624,75.19053],[38.04929,75.1852],[37.01022,75.037278],[36.981217,75.033207],[36.701083,74.993998],[36.684445,74.99164],[36.489005,74.96191],[36.228628,74.923308],[36.218955,74.921903],[36.112205,74.90652],[36.094115,74.903912],[35.597988,74.833892],[35.532478,74.824822],[35.328155,74.795453],[34.933043,74.735517],[34.533343,74.674178],[34.312865,74.640118],[34.295313,74.637427],[34.023095,74.598327],[33.981837,74.592742],[33.416607,74.512318],[32.960997,74.445692],[32.66145,74.400637],[32.645373,74.39826],[32.441135,74.367518],[32.218777,74.335203],[32.202865,74.332817],[31.961073,74.29608],[31.954893,74.295165],[31.452202,74.220045],[31.397593,74.211723],[31.1644,74.175323],[30.805613,74.121392],[30.794407,74.119753],[30.289502,74.047723],[30.267823,74.044213],[29.90351,73.981767],[29.878912,73.977337],[28.953018,73.799442],[27.500353,73.524688],[27.489698,73.522637],[27.258918,73.477652],[27.150352,73.455585],[27.138515,73.453137],[27.122795,73.449965],[27.031602,73.431393],[27.018942,73.428732],[26.918235,73.407555],[26.82905,73.390252],[26.79737,73.38419],[26.543033,73.33454],[26.181543,73.263082],[25.967997,73.220333],[25.710683,73.169273],[25.543763,73.137093],[25.533207,73.135098],[25.524408,73.13341],[25.488072,73.12637],[25.318998,73.092272],[25.311148,73.090678],[25.195388,73.067177],[24.964813,73.021037],[24.958435,73.019742],[24.906215,73.009027],[24.791502,72.985997],[24.738072,72.975455],[24.725513,72.972987],[24.713918,72.97064],[24.556385,72.93961],[24.270045,72.881455],[24.196215,72.866907],[23.846607,72.796593],[23.51055,72.728807],[23.232787,72.672],[23.217505,72.668862],[22.99749,72.622363],[22.987262,72.620287],[22.977238,72.618247],[22.917038,72.606102],[22.908068,72.604298],[22.896898,72.602092],[22.564958,72.533902],[22.359352,72.491323],[22.224272,72.462932],[22.144153,72.446448],[22.137653,72.445203],[22.127278,72.443215],[22.109145,72.439737],[22.019288,72.422367],[21.957998,72.410457],[21.899932,72.399092],[21.757773,72.368605],[21.671938,72.34997],[21.63281,72.341578],[21.558902,72.325638],[21.475128,72.307783],[21.40231,72.29246],[21.301667,72.271185],[21.210948,72.252622],[21.198927,72.250202],[21.18171,72.246672],[21.090815,72.228222],[21.062107,72.22247],[20.973628,72.204478],[20.913797,72.192497],[20.823472,72.174617],[20.736408,72.157333],[20.681282,72.146118],[20.619612,72.133505],[20.502278,72.109258],[20.395882,72.087262],[20.272153,72.060602],[20.159165,72.035825],[20.046167,72.011103],[19.850665,71.952545],[19.759295,71.918882],[19.74067,71.911932],[19.668275,71.884968],[19.574618,71.851653],[19.24866,71.738715],[19.227575,71.731353],[19.151823,71.705168],[19.116805,71.693173],[19.066855,71.676268],[19.040275,71.667108],[18.95827,71.638773],[18.825768,71.593053],[18.804868,71.585658],[18.743503,71.564163],[18.723625,71.557063],[18.664798,71.536052],[18.645587,71.52933],[18.552148,71.496213],[18.506715,71.479723],[18.48961,71.473467],[18.411752,71.445022],[18.341887,71.418372],[18.269115,71.390215],[18.18789,71.360937],[18.111188,71.33284],[18.034,71.305513],[17.984502,71.287938],[17.95497,71.277438],[17.872365,71.248152],[17.794122,71.219478],[17.71948,71.192303],[17.633682,71.160278],[17.545603,71.127865],[17.392255,71.073393],[17.23784,71.019778],[17.205722,71.00828],[17.05278,70.928215],[16.980478,70.888575],[16.693572,70.806622],[16.571653,70.769388],[16.431532,70.721027],[16.372347,70.700148],[16.340705,70.689037],[16.289807,70.671227],[16.27741,70.666855],[16.233327,70.651477],[16.189892,70.63654],[16.030712,70.582405],[16.001207,70.572425],[15.926325,70.545972],[15.883308,70.52981],[15.845705,70.515932],[15.768015,70.486548],[15.74441,70.476937],[15.721158,70.466842],[15.697807,70.456772],[15.680388,70.449277],[15.647338,70.435122],[15.625157,70.425728],[15.607553,70.418492],[15.590133,70.411743],[15.559573,70.400282],[15.540555,70.393202],[15.519917,70.385505],[15.502682,70.37913],[15.484625,70.372525],[15.467195,70.36618],[15.450183,70.35963],[15.433458,70.353092],[15.416313,70.346183],[15.400172,70.339602],[15.382597,70.332438],[15.36557,70.325515],[15.349712,70.318933],[15.333815,70.312202],[15.31752,70.305535],[15.30035,70.298527],[15.289008,70.293908],[15.284003,70.291833],[15.267792,70.285057],[15.251553,70.27831],[15.232257,70.270177],[15.214673,70.26271],[15.198888,70.256028],[15.182857,70.249292],[15.16689,70.242468],[15.151168,70.235658],[15.134768,70.228478],[15.118165,70.22138],[15.10052,70.214548],[15.08237,70.207895],[15.065088,70.201547],[15.044372,70.194037],[15.024785,70.18706],[15.006128,70.180385],[14.987292,70.173613],[14.969463,70.167112],[14.951583,70.160547],[14.933472,70.153943],[14.914542,70.147023],[14.896507,70.140415],[14.87867,70.133797],[14.859817,70.126885],[14.840803,70.120028],[14.821808,70.113145],[14.802713,70.10634],[14.78345,70.099513],[14.764332,70.092535],[14.757312,70.089912],[14.749015,70.086843],[14.738365,70.082878],[14.731917,70.080497],[14.724842,70.077905],[14.709387,70.07219],[14.699452,70.068525],[14.691365,70.06552],[14.685335,70.063217],[14.673728,70.058742],[14.655178,70.051663],[14.646085,70.048242],[14.638933,70.045537],[14.63267,70.043175],[14.623785,70.039782],[14.616548,70.036992],[14.61149,70.035075],[14.598788,70.03027],[14.59247,70.027905],[14.580745,70.023465],[14.572798,70.02044],[14.566327,70.017978],[14.560032,70.015568],[14.550992,70.012147],[14.544675,70.009742],[14.538333,70.007365],[14.525637,70.002598],[14.513878,69.998193],[14.507538,69.995808],[14.492237,69.990052],[14.471165,69.982147],[14.452083,69.974993],[14.433735,69.968018],[14.414525,69.960767],[14.395272,69.953555],[14.376008,69.946308],[14.357557,69.939293],[14.339328,69.932368],[14.32024,69.925097],[14.300855,69.917677],[14.281788,69.910345],[14.262457,69.902955],[14.243342,69.89557],[14.219538,69.886378],[14.199765,69.878793],[14.1817,69.87169],[14.172785,69.868175],[14.162087,69.86395],[14.143367,69.856578],[14.12465,69.849252],[14.106055,69.841887],[14.087675,69.834607],[14.068205,69.826858],[14.048993,69.819075],[14.030563,69.811728],[14.01292,69.804663],[13.994323,69.797217],[13.976913,69.79025],[13.959248,69.783233],[13.940595,69.7758],[13.920155,69.767793],[13.902518,69.760818],[13.882105,69.752857],[13.863682,69.745673],[13.844423,69.737962],[13.826178,69.730608],[13.805172,69.722225],[13.7859,69.714515],[13.768603,69.707477],[13.750453,69.700113],[13.730343,69.691907],[13.711305,69.684147],[13.692482,69.677017],[13.673633,69.670008],[13.653005,69.66231],[13.63434,69.655262],[13.616382,69.648337],[13.59756,69.641128],[13.57889,69.633912],[13.557365,69.62586],[13.539668,69.619068],[13.520777,69.611988],[13.502378,69.605065],[13.483783,69.598155],[13.46555,69.590957],[13.446832,69.5834],[13.429273,69.576238],[13.411495,69.56906],[13.394232,69.562195],[13.377212,69.55541],[13.359165,69.548195],[13.341698,69.541188],[13.324865,69.534398],[13.308088,69.527645],[13.290927,69.520937],[13.273703,69.514365],[13.255682,69.50754],[13.238585,69.501042],[13.220802,69.494257],[13.201783,69.487047],[13.184602,69.480547],[13.156478,69.469873],[13.119678,69.456012],[13.095182,69.446767],[13.055647,69.431525],[13.037348,69.424468],[13.020855,69.41812],[13.00335,69.411348],[12.98607,69.404562],[12.968808,69.397637],[12.952433,69.391107],[12.934862,69.384077],[12.917485,69.377215],[12.894167,69.367822],[12.834135,69.342893],[12.817273,69.335757],[12.797577,69.327338],[12.776897,69.31846],[12.758725,69.310825],[12.741423,69.303572],[12.72267,69.295757],[12.705457,69.288462],[12.687538,69.280893],[12.67121,69.274015],[12.653505,69.26697],[12.636552,69.260312],[12.619465,69.253677],[12.60219,69.246918],[12.58343,69.239587],[12.56514,69.232545],[12.54759,69.225763],[12.529307,69.218777],[12.511745,69.212112],[12.506463,69.210123],[12.494087,69.205505],[12.473063,69.197602],[12.443485,69.186628],[12.422902,69.178965],[12.389418,69.166108],[12.3703,69.15862],[12.3517,69.15137],[12.332558,69.143877],[12.313092,69.136272],[12.295598,69.129363],[12.277435,69.122052],[12.258695,69.114423],[12.24164,69.107312],[12.224913,69.10035],[12.206912,69.092995],[12.189837,69.08605],[12.171938,69.078777],[12.153943,69.071525],[12.135808,69.064267],[12.118437,69.057357],[12.101082,69.050552],[12.082618,69.043302],[12.064902,69.036387],[12.047035,69.029438],[12.029175,69.022568],[12.01042,69.015453],[11.992518,69.008628],[11.974667,69.001797],[11.956627,68.994942],[11.937933,68.98782],[11.918343,68.980352],[11.75931,68.9186],[11.718302,68.902322],[11.649078,68.875438],[11.606913,68.858253],[11.5159,68.818595],[11.499027,68.811187],[11.482948,68.804175],[11.467022,68.797202],[11.450392,68.789988],[11.434453,68.78304],[11.418332,68.77604],[11.402052,68.768858],[11.385293,68.761447],[11.369572,68.754327],[11.35414,68.747103],[11.338708,68.739903],[11.32186,68.732458],[11.304238,68.725343],[11.280918,68.716003],[11.216923,68.690377],[10.942262,68.578203],[10.903168,68.562188],[10.863398,68.545713],[10.836708,68.534577],[10.818457,68.52673],[10.802212,68.519958],[10.785895,68.513198],[10.768667,68.50624],[10.751765,68.499573],[10.735168,68.492957],[10.71026,68.482488],[10.686827,68.472587],[10.66315,68.46261],[10.64657,68.45564],[10.630218,68.448815],[10.61454,68.442313],[10.597278,68.43518],[10.5782,68.4273],[10.544922,68.413615],[10.538412,68.411053],[10.437533,68.370775],[10.404402,68.35711],[10.38891,68.350633],[10.373457,68.344032],[10.357918,68.33742],[10.342545,68.330795],[10.326052,68.32373],[10.310555,68.317045],[10.294492,68.310148],[10.278615,68.3031],[10.263277,68.296342],[10.246985,68.289415],[10.230483,68.282768],[10.21324,68.275773],[10.196577,68.26894],[10.180273,68.262297],[10.148598,68.25237],[10.129135,68.246517],[10.096693,68.236225],[10.089652,68.234013],[10.078988,68.230597],[10.057885,68.22381],[10.038325,68.217585],[10.013857,68.209765],[9.988987,68.201857],[9.956535,68.191503],[9.93613,68.18495],[9.91981,68.178483],[9.898665,68.161878],[9.888533,68.154028],[9.87735,68.145407],[9.866307,68.136705],[9.855982,68.128393],[9.844502,68.119125],[9.832127,68.109063],[9.821917,68.100687],[9.811473,68.092207],[9.801692,68.084178],[9.791625,68.076208],[9.781057,68.067965],[9.77128,68.060113],[9.760788,68.051813],[9.749665,68.043182],[9.742043,68.037308],[9.739457,68.035353],[9.727805,68.026423],[9.71717,68.018185],[9.705415,68.009102],[9.695353,68.000803],[9.685558,67.992895],[9.675787,67.985017],[9.666095,67.977115],[9.655917,67.968832],[9.645033,67.95991],[9.63493,67.951718],[9.624635,67.943353],[9.613925,67.93464],[9.60185,67.92479],[9.591563,67.916477],[9.578752,67.906157],[9.56692,67.896677],[9.556167,67.888058],[9.54055,67.875497],[9.529728,67.866775],[9.519212,67.858085],[9.508288,67.849068],[9.497682,67.840313],[9.487638,67.832102],[9.477682,67.82375],[9.468237,67.815963],[9.456888,67.806442],[9.44271,67.794315],[9.403912,67.761412],[9.391907,67.75128],[9.367475,67.732875],[9.325325,67.701505],[9.314177,67.693148],[9.282433,67.668323],[9.249758,67.64292],[9.243747,67.638317],[9.233237,67.630335],[9.205647,67.608942],[9.170857,67.581888],[9.073207,67.506213],[8.939488,67.389445],[8.926645,67.377983],[8.897322,67.352822],[8.86126,67.32309],[8.832315,67.298957],[8.795727,67.26751],[8.762183,67.238345],[8.750107,67.22859],[8.721432,67.204922],[8.702035,67.188892],[8.691917,67.180582],[8.664355,67.158005],[8.647447,67.144302],[8.636615,67.135658],[8.624048,67.125785],[8.61087,67.114925],[8.600625,67.10615],[8.58667,67.094467],[8.573083,67.08313],[8.560608,67.07228],[8.548752,67.06227],[8.543425,67.057682],[8.508185,67.028142],[8.496398,67.018132],[8.475738,67.000667],[8.465267,66.991818],[8.452108,66.980585],[8.335368,66.93633],[8.317738,66.923695],[8.294447,66.905042],[8.267148,66.883017],[8.256982,66.874822],[8.241722,66.862527],[8.226032,66.849723],[8.198395,66.825418],[8.17534,66.804773],[8.161272,66.792108],[8.146815,66.779028],[8.135183,66.768455],[8.12499,66.759153],[8.115308,66.75025],[8.100948,66.737135],[8.084727,66.722327],[8.075058,66.713398],[8.062037,66.701482],[8.052012,66.69229],[8.040845,66.682075],[8.026913,66.66934],[7.996348,66.641192],[7.97361,66.62029],[7.945603,66.594655],[7.937248,66.58703],[7.926825,66.577638],[7.921635,66.57293],[7.887007,66.542057],[7.852302,66.511308],[7.840508,66.50086],[7.839048,66.499575],[7.812503,66.475987],[7.790987,66.456925],[7.752292,66.42332],[7.737218,66.410257],[7.726342,66.400795],[7.715222,66.39113],[7.701438,66.37913],[7.687338,66.367013],[7.677262,66.35828],[7.658687,66.341948],[7.639913,66.325527],[7.628418,66.315442],[7.617167,66.305658],[7.601917,66.29253],[7.591142,66.283187],[7.569958,66.264622],[7.555067,66.251505]]}},{"type":"Feature","properties":{"kind":"last","utc":"2026-09-09 08:13:57","cst":"2026-09-09 16:13:57","sog_kn":17.3,"cog":203.4,"heading":202.0,"status":"Under way using engine"},"geometry":{"type":"Point","coordinates":[7.555067,66.251505]}},{"type":"Feature","properties":{"kind":"hourly","idx":0,"utc":"2026-08-21 06:59:53","cst":"2026-08-21 14:59:53","lon":129.058537,"lat":35.120557,"sog_kn":0.0,"cog":279.1,"heading":36.0,"status":"Moored","seg_kn":null},"geometry":{"type":"Point","coordinates":[129.058537,35.120557]}},{"type":"Feature","properties":{"kind":"hourly","idx":1,"utc":"2026-08-21 10:08:53","cst":"2026-08-21 18:08:53","lon":129.05856,"lat":35.120563,"sog_kn":0.0,"cog":279.1,"heading":37.0,"status":"Moored","seg_kn":0.0},"geometry":{"type":"Point","coordinates":[129.05856,35.120563]}},{"type":"Feature","properties":{"kind":"hourly","idx":2,"utc":"2026-08-21 13:17:52","cst":"2026-08-21 21:17:52","lon":129.058547,"lat":35.120547,"sog_kn":0.0,"cog":279.1,"heading":37.0,"status":"Moored","seg_kn":0.0},"geometry":{"type":"Point","coordinates":[129.058547,35.120547]}},{"type":"Feature","properties":{"kind":"hourly","idx":3,"utc":"2026-08-21 13:32:52","cst":"2026-08-21 21:32:52","lon":129.058563,"lat":35.12054,"sog_kn":0.0,"cog":279.1,"heading":37.0,"status":"Moored","seg_kn":0.0},"geometry":{"type":"Point","coordinates":[129.058563,35.12054]}},{"type":"Feature","properties":{"kind":"hourly","idx":4,"utc":"2026-08-21 16:28:52","cst":"2026-08-22 00:28:52","lon":129.058555,"lat":35.120547,"sog_kn":0.0,"cog":279.1,"heading":37.0,"status":"Moored","seg_kn":0.0},"geometry":{"type":"Point","coordinates":[129.058555,35.120547]}},{"type":"Feature","properties":{"kind":"hourly","idx":5,"utc":"2026-08-21 20:09:10","cst":"2026-08-22 04:09:10","lon":129.058972,"lat":35.115497,"sog_kn":3.8,"cog":221.3,"heading":195.0,"status":"Under way using engine","seg_kn":0.08},"geometry":{"type":"Point","coordinates":[129.058972,35.115497]}},{"type":"Feature","properties":{"kind":"hourly","idx":6,"utc":"2026-08-21 21:00:32","cst":"2026-08-22 05:00:32","lon":129.105972,"lat":35.0145,"sog_kn":9.1,"cog":209.7,"heading":212.0,"status":"Under way using engine","seg_kn":7.58},"geometry":{"type":"Point","coordinates":[129.105972,35.0145]}},{"type":"Feature","properties":{"kind":"hourly","idx":7,"utc":"2026-08-21 22:00:11","cst":"2026-08-22 06:00:11","lon":128.940082,"lat":34.9875,"sog_kn":5.7,"cog":259.3,"heading":257.0,"status":"Under way using engine","seg_kn":8.37},"geometry":{"type":"Point","coordinates":[128.940082,34.9875]}},{"type":"Feature","properties":{"kind":"hourly","idx":8,"utc":"2026-08-21 23:00:51","cst":"2026-08-22 07:00:51","lon":128.80254,"lat":35.004483,"sog_kn":10.0,"cog":340.0,"heading":338.0,"status":"Under way using engine","seg_kn":6.77},"geometry":{"type":"Point","coordinates":[128.80254,35.004483]}},{"type":"Feature","properties":{"kind":"hourly","idx":9,"utc":"2026-08-21 23:44:02","cst":"2026-08-22 07:44:02","lon":128.789342,"lat":35.07657,"sog_kn":1.6,"cog":304.5,"heading":280.0,"status":"Under way using engine","seg_kn":6.08},"geometry":{"type":"Point","coordinates":[128.789342,35.07657]}},{"type":"Feature","properties":{"kind":"hourly","idx":10,"utc":"2026-08-22 02:55:11","cst":"2026-08-22 10:55:11","lon":128.787365,"lat":35.077272,"sog_kn":0.0,"cog":292.6,"heading":268.0,"status":"Moored","seg_kn":0.03},"geometry":{"type":"Point","coordinates":[128.787365,35.077272]}},{"type":"Feature","properties":{"kind":"hourly","idx":11,"utc":"2026-08-22 06:07:11","cst":"2026-08-22 14:07:11","lon":128.787378,"lat":35.077283,"sog_kn":0.0,"cog":12.9,"heading":269.0,"status":"Moored","seg_kn":0.0},"geometry":{"type":"Point","coordinates":[128.787378,35.077283]}},{"type":"Feature","properties":{"kind":"hourly","idx":12,"utc":"2026-08-22 09:19:11","cst":"2026-08-22 17:19:11","lon":128.787333,"lat":35.077293,"sog_kn":0.0,"cog":63.3,"heading":268.0,"status":"Moored","seg_kn":0.0},"geometry":{"type":"Point","coordinates":[128.787333,35.077293]}},{"type":"Feature","properties":{"kind":"hourly","idx":13,"utc":"2026-08-22 12:28:11","cst":"2026-08-22 20:28:11","lon":128.787328,"lat":35.077118,"sog_kn":0.6,"cog":143.1,"heading":269.0,"status":"Moored","seg_kn":0.0},"geometry":{"type":"Point","coordinates":[128.787328,35.077118]}},{"type":"Feature","properties":{"kind":"hourly","idx":14,"utc":"2026-08-22 13:00:07","cst":"2026-08-22 21:00:07","lon":128.786107,"lat":35.019282,"sog_kn":8.9,"cog":164.1,"heading":162.0,"status":"Under way using engine","seg_kn":6.53},"geometry":{"type":"Point","coordinates":[128.786107,35.019282]}},{"type":"Feature","properties":{"kind":"hourly","idx":15,"utc":"2026-08-22 13:59:25","cst":"2026-08-22 21:59:25","lon":128.92757,"lat":34.847757,"sog_kn":13.8,"cog":148.8,"heading":152.0,"status":"Under way using engine","seg_kn":12.58},"geometry":{"type":"Point","coordinates":[128.92757,34.847757]}},{"type":"Feature","properties":{"kind":"hourly","idx":16,"utc":"2026-08-22 14:59:57","cst":"2026-08-22 22:59:57","lon":129.172545,"lat":34.895072,"sog_kn":12.2,"cog":55.2,"heading":57.0,"status":"Under way using engine","seg_kn":12.29},"geometry":{"type":"Point","coordinates":[129.172545,34.895072]}},{"type":"Feature","properties":{"kind":"hourly","idx":17,"utc":"2026-08-22 16:00:34","cst":"2026-08-23 00:00:34","lon":129.402145,"lat":35.040318,"sog_kn":15.8,"cog":50.6,"heading":50.0,"status":"Under way using engine","seg_kn":14.13},"geometry":{"type":"Point","coordinates":[129.402145,35.040318]}},{"type":"Feature","properties":{"kind":"hourly","idx":18,"utc":"2026-08-22 16:58:48","cst":"2026-08-23 00:58:48","lon":129.58339,"lat":35.193578,"sog_kn":4.7,"cog":39.3,"heading":35.0,"status":"Under way using engine","seg_kn":13.19},"geometry":{"type":"Point","coordinates":[129.58339,35.193578]}},{"type":"Feature","properties":{"kind":"hourly","idx":19,"utc":"2026-08-22 18:00:42","cst":"2026-08-23 02:00:42","lon":129.680892,"lat":35.29347,"sog_kn":14.0,"cog":42.8,"heading":44.0,"status":"Under way using engine","seg_kn":7.43},"geometry":{"type":"Point","coordinates":[129.680892,35.29347]}},{"type":"Feature","properties":{"kind":"hourly","idx":20,"utc":"2026-08-22 19:00:19","cst":"2026-08-23 03:00:19","lon":129.872152,"lat":35.497383,"sog_kn":15.6,"cog":30.0,"heading":28.0,"status":"Under way using engine","seg_kn":15.51},"geometry":{"type":"Point","coordinates":[129.872152,35.497383]}},{"type":"Feature","properties":{"kind":"hourly","idx":21,"utc":"2026-08-22 20:00:36","cst":"2026-08-23 04:00:36","lon":130.01249,"lat":35.73808,"sog_kn":15.7,"cog":21.0,"heading":18.0,"status":"Under way using engine","seg_kn":15.92},"geometry":{"type":"Point","coordinates":[130.01249,35.73808]}},{"type":"Feature","properties":{"kind":"hourly","idx":22,"utc":"2026-08-22 21:00:07","cst":"2026-08-23 05:00:07","lon":130.132202,"lat":35.979235,"sog_kn":15.5,"cog":23.3,"heading":20.0,"status":"Under way using engine","seg_kn":15.73},"geometry":{"type":"Point","coordinates":[130.132202,35.979235]}},{"type":"Feature","properties":{"kind":"hourly","idx":23,"utc":"2026-08-22 22:00:37","cst":"2026-08-23 06:00:37","lon":130.261612,"lat":36.209777,"sog_kn":14.7,"cog":24.8,"heading":23.0,"status":"Under way using engine","seg_kn":15.07},"geometry":{"type":"Point","coordinates":[130.261612,36.209777]}},{"type":"Feature","properties":{"kind":"hourly","idx":24,"utc":"2026-08-22 23:00:31","cst":"2026-08-23 07:00:31","lon":130.410523,"lat":36.417422,"sog_kn":14.4,"cog":37.0,"heading":37.0,"status":"Under way using engine","seg_kn":14.42},"geometry":{"type":"Point","coordinates":[130.410523,36.417422]}},{"type":"Feature","properties":{"kind":"hourly","idx":25,"utc":"2026-08-23 00:00:31","cst":"2026-08-23 08:00:31","lon":130.585987,"lat":36.607003,"sog_kn":14.2,"cog":31.0,"heading":30.0,"status":"Under way using engine","seg_kn":14.19},"geometry":{"type":"Point","coordinates":[130.585987,36.607003]}},{"type":"Feature","properties":{"kind":"hourly","idx":26,"utc":"2026-08-23 01:00:18","cst":"2026-08-23 09:00:18","lon":130.754115,"lat":36.802403,"sog_kn":14.4,"cog":37.1,"heading":38.0,"status":"Under way using engine","seg_kn":14.3},"geometry":{"type":"Point","coordinates":[130.754115,36.802403]}},{"type":"Feature","properties":{"kind":"hourly","idx":27,"utc":"2026-08-23 01:59:48","cst":"2026-08-23 09:59:48","lon":130.952055,"lat":36.999035,"sog_kn":15.8,"cog":38.9,"heading":37.0,"status":"Under way using engine","seg_kn":15.28},"geometry":{"type":"Point","coordinates":[130.952055,36.999035]}},{"type":"Feature","properties":{"kind":"hourly","idx":28,"utc":"2026-08-23 03:00:00","cst":"2026-08-23 11:00:00","lon":131.161655,"lat":37.206303,"sog_kn":15.9,"cog":37.2,"heading":36.0,"status":"Under way using engine","seg_kn":15.93},"geometry":{"type":"Point","coordinates":[131.161655,37.206303]}},{"type":"Feature","properties":{"kind":"hourly","idx":29,"utc":"2026-08-23 04:00:05","cst":"2026-08-23 12:00:05","lon":131.402222,"lat":37.342427,"sog_kn":16.0,"cog":58.8,"heading":55.0,"status":"Under way using engine","seg_kn":14.08},"geometry":{"type":"Point","coordinates":[131.402222,37.342427]}},{"type":"Feature","properties":{"kind":"hourly","idx":30,"utc":"2026-08-23 05:00:23","cst":"2026-08-23 13:00:23","lon":131.691847,"lat":37.470342,"sog_kn":15.5,"cog":59.9,"heading":55.0,"status":"Under way using engine","seg_kn":15.73},"geometry":{"type":"Point","coordinates":[131.691847,37.470342]}},{"type":"Feature","properties":{"kind":"hourly","idx":31,"utc":"2026-08-23 05:53:44","cst":"2026-08-23 13:53:44","lon":131.808298,"lat":37.518455,"sog_kn":0.9,"cog":113.1,"heading":133.0,"status":"Under way using engine","seg_kn":7.03},"geometry":{"type":"Point","coordinates":[131.808298,37.518455]}},{"type":"Feature","properties":{"kind":"hourly","idx":32,"utc":"2026-08-23 07:01:53","cst":"2026-08-23 15:01:53","lon":131.908685,"lat":37.560032,"sog_kn":2.3,"cog":51.1,"heading":61.0,"status":"Under way using engine","seg_kn":4.75},"geometry":{"type":"Point","coordinates":[131.908685,37.560032]}},{"type":"Feature","properties":{"kind":"hourly","idx":33,"utc":"2026-08-23 07:59:49","cst":"2026-08-23 15:59:49","lon":132.0879,"lat":37.652305,"sog_kn":16.3,"cog":57.8,"heading":58.0,"status":"Under way using engine","seg_kn":10.53},"geometry":{"type":"Point","coordinates":[132.0879,37.652305]}},{"type":"Feature","properties":{"kind":"hourly","idx":34,"utc":"2026-08-23 09:00:13","cst":"2026-08-23 17:00:13","lon":132.385647,"lat":37.794753,"sog_kn":16.5,"cog":59.8,"heading":60.0,"status":"Under way using engine","seg_kn":16.42},"geometry":{"type":"Point","coordinates":[132.385647,37.794753]}},{"type":"Feature","properties":{"kind":"hourly","idx":35,"utc":"2026-08-23 10:00:19","cst":"2026-08-23 18:00:19","lon":132.691702,"lat":37.929073,"sog_kn":16.6,"cog":59.1,"heading":56.0,"status":"Under way using engine","seg_kn":16.57},"geometry":{"type":"Point","coordinates":[132.691702,37.929073]}},{"type":"Feature","properties":{"kind":"hourly","idx":36,"utc":"2026-08-23 11:00:19","cst":"2026-08-23 19:00:19","lon":132.992577,"lat":38.070372,"sog_kn":16.6,"cog":59.0,"heading":56.0,"status":"Under way using engine","seg_kn":16.57},"geometry":{"type":"Point","coordinates":[132.992577,38.070372]}},{"type":"Feature","properties":{"kind":"hourly","idx":37,"utc":"2026-08-23 11:59:55","cst":"2026-08-23 19:59:55","lon":133.296615,"lat":38.209523,"sog_kn":16.7,"cog":60.7,"heading":59.0,"status":"Under way using engine","seg_kn":16.72},"geometry":{"type":"Point","coordinates":[133.296615,38.209523]}},{"type":"Feature","properties":{"kind":"hourly","idx":38,"utc":"2026-08-23 13:00:01","cst":"2026-08-23 21:00:01","lon":133.604355,"lat":38.349262,"sog_kn":16.7,"cog":59.8,"heading":59.0,"status":"Under way using engine","seg_kn":16.73},"geometry":{"type":"Point","coordinates":[133.604355,38.349262]}},{"type":"Feature","properties":{"kind":"hourly","idx":39,"utc":"2026-08-23 13:59:31","cst":"2026-08-23 21:59:31","lon":133.906415,"lat":38.483522,"sog_kn":16.2,"cog":60.1,"heading":58.0,"status":"Under way using engine","seg_kn":16.47},"geometry":{"type":"Point","coordinates":[133.906415,38.483522]}},{"type":"Feature","properties":{"kind":"hourly","idx":40,"utc":"2026-08-23 15:00:01","cst":"2026-08-23 23:00:01","lon":134.209473,"lat":38.619383,"sog_kn":16.4,"cog":59.8,"heading":58.0,"status":"Under way using engine","seg_kn":16.27},"geometry":{"type":"Point","coordinates":[134.209473,38.619383]}},{"type":"Feature","properties":{"kind":"hourly","idx":41,"utc":"2026-08-23 15:59:55","cst":"2026-08-23 23:59:55","lon":134.510482,"lat":38.755563,"sog_kn":16.1,"cog":59.9,"heading":58.0,"status":"Under way using engine","seg_kn":16.33},"geometry":{"type":"Point","coordinates":[134.510482,38.755563]}},{"type":"Feature","properties":{"kind":"hourly","idx":42,"utc":"2026-08-23 16:59:43","cst":"2026-08-24 00:59:43","lon":134.803748,"lat":38.888335,"sog_kn":15.7,"cog":61.3,"heading":60.0,"status":"Under way using engine","seg_kn":15.92},"geometry":{"type":"Point","coordinates":[134.803748,38.888335]}},{"type":"Feature","properties":{"kind":"hourly","idx":43,"utc":"2026-08-23 17:59:38","cst":"2026-08-24 01:59:38","lon":135.104332,"lat":39.02119,"sog_kn":16.3,"cog":60.7,"heading":58.0,"status":"Under way using engine","seg_kn":16.17},"geometry":{"type":"Point","coordinates":[135.104332,39.02119]}},{"type":"Feature","properties":{"kind":"hourly","idx":44,"utc":"2026-08-23 18:59:37","cst":"2026-08-24 02:59:37","lon":135.410815,"lat":39.156698,"sog_kn":16.5,"cog":60.2,"heading":56.0,"status":"Under way using engine","seg_kn":16.44},"geometry":{"type":"Point","coordinates":[135.410815,39.156698]}},{"type":"Feature","properties":{"kind":"hourly","idx":45,"utc":"2026-08-23 20:00:19","cst":"2026-08-24 04:00:19","lon":135.719792,"lat":39.293683,"sog_kn":16.0,"cog":60.2,"heading":56.0,"status":"Under way using engine","seg_kn":16.37},"geometry":{"type":"Point","coordinates":[135.719792,39.293683]}},{"type":"Feature","properties":{"kind":"hourly","idx":46,"utc":"2026-08-23 21:00:13","cst":"2026-08-24 05:00:13","lon":136.014008,"lat":39.42881,"sog_kn":16.0,"cog":59.4,"heading":59.0,"status":"Under way using engine","seg_kn":15.91},"geometry":{"type":"Point","coordinates":[136.014008,39.42881]}},{"type":"Feature","properties":{"kind":"hourly","idx":47,"utc":"2026-08-23 21:59:49","cst":"2026-08-24 05:59:49","lon":136.311045,"lat":39.560575,"sog_kn":15.9,"cog":61.1,"heading":60.0,"status":"Under way using engine","seg_kn":15.98},"geometry":{"type":"Point","coordinates":[136.311045,39.560575]}},{"type":"Feature","properties":{"kind":"hourly","idx":48,"utc":"2026-08-23 23:00:19","cst":"2026-08-24 07:00:19","lon":136.613793,"lat":39.690733,"sog_kn":15.8,"cog":60.2,"heading":59.0,"status":"Under way using engine","seg_kn":15.9},"geometry":{"type":"Point","coordinates":[136.613793,39.690733]}},{"type":"Feature","properties":{"kind":"hourly","idx":49,"utc":"2026-08-23 23:59:37","cst":"2026-08-24 07:59:37","lon":136.908128,"lat":39.823722,"sog_kn":16.0,"cog":59.4,"heading":59.0,"status":"Under way using engine","seg_kn":15.94},"geometry":{"type":"Point","coordinates":[136.908128,39.823722]}},{"type":"Feature","properties":{"kind":"hourly","idx":50,"utc":"2026-08-24 01:00:07","cst":"2026-08-24 09:00:07","lon":137.21644,"lat":39.961823,"sog_kn":16.8,"cog":62.6,"heading":61.0,"status":"Under way using engine","seg_kn":16.31},"geometry":{"type":"Point","coordinates":[137.21644,39.961823]}},{"type":"Feature","properties":{"kind":"hourly","idx":51,"utc":"2026-08-24 02:00:26","cst":"2026-08-24 10:00:26","lon":137.537257,"lat":40.098185,"sog_kn":16.8,"cog":59.4,"heading":55.0,"status":"Under way using engine","seg_kn":16.78},"geometry":{"type":"Point","coordinates":[137.537257,40.098185]}},{"type":"Feature","properties":{"kind":"hourly","idx":52,"utc":"2026-08-24 03:00:19","cst":"2026-08-24 11:00:19","lon":137.850005,"lat":40.236107,"sog_kn":16.6,"cog":59.6,"heading":56.0,"status":"Under way using engine","seg_kn":16.6},"geometry":{"type":"Point","coordinates":[137.850005,40.236107]}},{"type":"Feature","properties":{"kind":"hourly","idx":53,"utc":"2026-08-24 04:00:19","cst":"2026-08-24 12:00:19","lon":138.163328,"lat":40.377318,"sog_kn":16.4,"cog":59.7,"heading":57.0,"status":"Under way using engine","seg_kn":16.66},"geometry":{"type":"Point","coordinates":[138.163328,40.377318]}},{"type":"Feature","properties":{"kind":"hourly","idx":54,"utc":"2026-08-24 05:00:19","cst":"2026-08-24 13:00:19","lon":138.475917,"lat":40.51081,"sog_kn":16.1,"cog":61.6,"heading":59.0,"status":"Under way using engine","seg_kn":16.38},"geometry":{"type":"Point","coordinates":[138.475917,40.51081]}},{"type":"Feature","properties":{"kind":"hourly","idx":55,"utc":"2026-08-24 05:59:55","cst":"2026-08-24 13:59:55","lon":138.776217,"lat":40.647733,"sog_kn":16.1,"cog":57.8,"heading":58.0,"status":"Under way using engine","seg_kn":16.08},"geometry":{"type":"Point","coordinates":[138.776217,40.647733]}},{"type":"Feature","properties":{"kind":"hourly","idx":56,"utc":"2026-08-24 07:00:07","cst":"2026-08-24 15:00:07","lon":139.090603,"lat":40.782465,"sog_kn":16.5,"cog":60.1,"heading":59.0,"status":"Under way using engine","seg_kn":16.38},"geometry":{"type":"Point","coordinates":[139.090603,40.782465]}},{"type":"Feature","properties":{"kind":"hourly","idx":57,"utc":"2026-08-24 07:59:55","cst":"2026-08-24 15:59:55","lon":139.412055,"lat":40.917682,"sog_kn":16.9,"cog":61.8,"heading":61.0,"status":"Under way using engine","seg_kn":16.76},"geometry":{"type":"Point","coordinates":[139.412055,40.917682]}},{"type":"Feature","properties":{"kind":"hourly","idx":58,"utc":"2026-08-24 08:59:50","cst":"2026-08-24 16:59:50","lon":139.732022,"lat":41.061875,"sog_kn":16.8,"cog":62.4,"heading":62.0,"status":"Under way using engine","seg_kn":16.91},"geometry":{"type":"Point","coordinates":[139.732022,41.061875]}},{"type":"Feature","properties":{"kind":"hourly","idx":59,"utc":"2026-08-24 10:00:02","cst":"2026-08-24 18:00:02","lon":140.051528,"lat":41.211988,"sog_kn":17.3,"cog":55.1,"heading":54.0,"status":"Under way using engine","seg_kn":16.97},"geometry":{"type":"Point","coordinates":[140.051528,41.211988]}},{"type":"Feature","properties":{"kind":"hourly","idx":60,"utc":"2026-08-24 11:00:19","cst":"2026-08-24 19:00:19","lon":140.37779,"lat":41.379117,"sog_kn":18.5,"cog":50.5,"heading":52.0,"status":"Under way using engine","seg_kn":17.73},"geometry":{"type":"Point","coordinates":[140.37779,41.379117]}},{"type":"Feature","properties":{"kind":"hourly","idx":61,"utc":"2026-08-24 11:59:43","cst":"2026-08-24 19:59:43","lon":140.725658,"lat":41.564712,"sog_kn":17.2,"cog":54.1,"heading":55.0,"status":"Under way using engine","seg_kn":19.41},"geometry":{"type":"Point","coordinates":[140.725658,41.564712]}},{"type":"Feature","properties":{"kind":"hourly","idx":62,"utc":"2026-08-24 12:59:55","cst":"2026-08-24 20:59:55","lon":141.096382,"lat":41.623732,"sog_kn":19.0,"cog":88.6,"heading":85.0,"status":"Under way using engine","seg_kn":16.96},"geometry":{"type":"Point","coordinates":[141.096382,41.623732]}},{"type":"Feature","properties":{"kind":"hourly","idx":63,"utc":"2026-08-24 13:59:49","cst":"2026-08-24 21:59:49","lon":141.53879,"lat":41.634935,"sog_kn":20.1,"cog":92.4,"heading":89.0,"status":"Under way using engine","seg_kn":19.9},"geometry":{"type":"Point","coordinates":[141.53879,41.634935]}},{"type":"Feature","properties":{"kind":"hourly","idx":64,"utc":"2026-08-24 14:59:43","cst":"2026-08-24 22:59:43","lon":141.930795,"lat":41.644632,"sog_kn":17.1,"cog":89.4,"heading":90.0,"status":"Under way using engine","seg_kn":17.63},"geometry":{"type":"Point","coordinates":[141.930795,41.644632]}},{"type":"Feature","properties":{"kind":"hourly","idx":65,"utc":"2026-08-24 15:59:43","cst":"2026-08-24 23:59:43","lon":142.321748,"lat":41.647855,"sog_kn":18.4,"cog":87.9,"heading":82.0,"status":"Under way using engine","seg_kn":17.54},"geometry":{"type":"Point","coordinates":[142.321748,41.647855]}},{"type":"Feature","properties":{"kind":"hourly","idx":66,"utc":"2026-08-24 16:59:43","cst":"2026-08-25 00:59:43","lon":142.727463,"lat":41.658153,"sog_kn":17.3,"cog":89.3,"heading":87.0,"status":"Under way using engine","seg_kn":18.21},"geometry":{"type":"Point","coordinates":[142.727463,41.658153]}},{"type":"Feature","properties":{"kind":"hourly","idx":67,"utc":"2026-08-24 17:59:50","cst":"2026-08-25 01:59:50","lon":143.09791,"lat":41.664947,"sog_kn":16.0,"cog":93.0,"heading":90.0,"status":"Under way using engine","seg_kn":16.59},"geometry":{"type":"Point","coordinates":[143.09791,41.664947]}},{"type":"Feature","properties":{"kind":"hourly","idx":68,"utc":"2026-08-24 18:59:31","cst":"2026-08-25 02:59:31","lon":143.434017,"lat":41.707077,"sog_kn":15.2,"cog":57.2,"heading":55.0,"status":"Under way using engine","seg_kn":15.36},"geometry":{"type":"Point","coordinates":[143.434017,41.707077]}},{"type":"Feature","properties":{"kind":"hourly","idx":69,"utc":"2026-08-24 20:00:31","cst":"2026-08-25 04:00:31","lon":143.730648,"lat":41.841722,"sog_kn":15.4,"cog":60.0,"heading":58.0,"status":"Under way using engine","seg_kn":15.29},"geometry":{"type":"Point","coordinates":[143.730648,41.841722]}},{"type":"Feature","properties":{"kind":"hourly","idx":70,"utc":"2026-08-24 21:00:25","cst":"2026-08-25 05:00:25","lon":144.017872,"lat":41.981292,"sog_kn":15.0,"cog":56.0,"heading":56.0,"status":"Under way using engine","seg_kn":15.35},"geometry":{"type":"Point","coordinates":[144.017872,41.981292]}},{"type":"Feature","properties":{"kind":"hourly","idx":71,"utc":"2026-08-24 22:01:07","cst":"2026-08-25 06:01:07","lon":144.29195,"lat":42.117555,"sog_kn":14.5,"cog":57.1,"heading":57.0,"status":"Under way using engine","seg_kn":14.54},"geometry":{"type":"Point","coordinates":[144.29195,42.117555]}},{"type":"Feature","properties":{"kind":"hourly","idx":72,"utc":"2026-08-24 23:00:13","cst":"2026-08-25 07:00:13","lon":144.5593,"lat":42.24897,"sog_kn":14.8,"cog":55.1,"heading":57.0,"status":"Under way using engine","seg_kn":14.49},"geometry":{"type":"Point","coordinates":[144.5593,42.24897]}},{"type":"Feature","properties":{"kind":"hourly","idx":73,"utc":"2026-08-25 00:02:03","cst":"2026-08-25 08:02:03","lon":144.843868,"lat":42.38861,"sog_kn":15.0,"cog":54.2,"heading":57.0,"status":"Under way using engine","seg_kn":14.71},"geometry":{"type":"Point","coordinates":[144.843868,42.38861]}},{"type":"Feature","properties":{"kind":"hourly","idx":74,"utc":"2026-08-25 00:56:26","cst":"2026-08-25 08:56:26","lon":145.096038,"lat":42.513347,"sog_kn":15.1,"cog":53.7,"heading":58.0,"status":"Under way using engine","seg_kn":14.84},"geometry":{"type":"Point","coordinates":[145.096038,42.513347]}},{"type":"Feature","properties":{"kind":"hourly","idx":75,"utc":"2026-08-25 02:00:08","cst":"2026-08-25 10:00:08","lon":145.401688,"lat":42.658772,"sog_kn":15.4,"cog":53.1,"heading":58.0,"status":"Under way using engine","seg_kn":15.15},"geometry":{"type":"Point","coordinates":[145.401688,42.658772]}},{"type":"Feature","properties":{"kind":"hourly","idx":76,"utc":"2026-08-25 03:01:58","cst":"2026-08-25 11:01:58","lon":145.705532,"lat":42.807498,"sog_kn":16.1,"cog":54.3,"heading":54.0,"status":"Under way using engine","seg_kn":15.63},"geometry":{"type":"Point","coordinates":[145.705532,42.807498]}},{"type":"Feature","properties":{"kind":"hourly","idx":77,"utc":"2026-08-25 04:00:41","cst":"2026-08-25 12:00:41","lon":145.995862,"lat":42.95463,"sog_kn":15.6,"cog":52.2,"heading":50.0,"status":"Under way using engine","seg_kn":15.87},"geometry":{"type":"Point","coordinates":[145.995862,42.95463]}},{"type":"Feature","properties":{"kind":"hourly","idx":78,"utc":"2026-08-25 04:59:46","cst":"2026-08-25 12:59:46","lon":146.28775,"lat":43.089343,"sog_kn":15.1,"cog":53.9,"heading":52.0,"status":"Under way using engine","seg_kn":15.39},"geometry":{"type":"Point","coordinates":[146.28775,43.089343]}},{"type":"Feature","properties":{"kind":"hourly","idx":79,"utc":"2026-08-25 06:02:58","cst":"2026-08-25 14:02:58","lon":146.585547,"lat":43.242992,"sog_kn":14.7,"cog":52.9,"heading":52.0,"status":"Under way using engine","seg_kn":15.17},"geometry":{"type":"Point","coordinates":[146.585547,43.242992]}},{"type":"Feature","properties":{"kind":"hourly","idx":80,"utc":"2026-08-25 06:57:16","cst":"2026-08-25 14:57:16","lon":146.84401,"lat":43.359242,"sog_kn":14.3,"cog":51.4,"heading":51.0,"status":"Under way using engine","seg_kn":14.67},"geometry":{"type":"Point","coordinates":[146.84401,43.359242]}},{"type":"Feature","properties":{"kind":"hourly","idx":81,"utc":"2026-08-25 07:54:56","cst":"2026-08-25 15:54:56","lon":147.10848,"lat":43.494115,"sog_kn":15.0,"cog":55.4,"heading":54.0,"status":"Under way using engine","seg_kn":14.66},"geometry":{"type":"Point","coordinates":[147.10848,43.494115]}},{"type":"Feature","properties":{"kind":"hourly","idx":82,"utc":"2026-08-25 08:55:06","cst":"2026-08-25 16:55:06","lon":147.401795,"lat":43.631878,"sog_kn":15.1,"cog":58.0,"heading":53.0,"status":"Under way using engine","seg_kn":15.17},"geometry":{"type":"Point","coordinates":[147.401795,43.631878]}},{"type":"Feature","properties":{"kind":"hourly","idx":83,"utc":"2026-08-25 10:01:37","cst":"2026-08-25 18:01:37","lon":147.71613,"lat":43.785125,"sog_kn":14.8,"cog":57.3,"heading":54.0,"status":"Under way using engine","seg_kn":14.84},"geometry":{"type":"Point","coordinates":[147.71613,43.785125]}},{"type":"Feature","properties":{"kind":"hourly","idx":84,"utc":"2026-08-25 10:46:03","cst":"2026-08-25 18:46:03","lon":147.92848,"lat":43.887522,"sog_kn":14.9,"cog":59.1,"heading":54.0,"status":"Under way using engine","seg_kn":14.94},"geometry":{"type":"Point","coordinates":[147.92848,43.887522]}},{"type":"Feature","properties":{"kind":"hourly","idx":85,"utc":"2026-08-25 11:56:51","cst":"2026-08-25 19:56:51","lon":148.268308,"lat":44.049775,"sog_kn":15.2,"cog":52.7,"heading":53.0,"status":"Under way using engine","seg_kn":14.93},"geometry":{"type":"Point","coordinates":[148.268308,44.049775]}},{"type":"Feature","properties":{"kind":"hourly","idx":86,"utc":"2026-08-25 12:57:29","cst":"2026-08-25 20:57:29","lon":148.56998,"lat":44.192185,"sog_kn":15.6,"cog":57.2,"heading":52.0,"status":"Under way using engine","seg_kn":15.4},"geometry":{"type":"Point","coordinates":[148.56998,44.192185]}},{"type":"Feature","properties":{"kind":"hourly","idx":87,"utc":"2026-08-25 13:59:48","cst":"2026-08-25 21:59:48","lon":148.875633,"lat":44.339223,"sog_kn":15.1,"cog":52.9,"heading":52.0,"status":"Under way using engine","seg_kn":15.24},"geometry":{"type":"Point","coordinates":[148.875633,44.339223]}},{"type":"Feature","properties":{"kind":"hourly","idx":88,"utc":"2026-08-25 15:01:45","cst":"2026-08-25 23:01:45","lon":149.18222,"lat":44.484667,"sog_kn":15.4,"cog":58.1,"heading":52.0,"status":"Under way using engine","seg_kn":15.29},"geometry":{"type":"Point","coordinates":[149.18222,44.484667]}},{"type":"Feature","properties":{"kind":"hourly","idx":89,"utc":"2026-08-25 16:02:37","cst":"2026-08-26 00:02:37","lon":149.472435,"lat":44.624882,"sog_kn":14.5,"cog":54.7,"heading":54.0,"status":"Under way using engine","seg_kn":14.79},"geometry":{"type":"Point","coordinates":[149.472435,44.624882]}},{"type":"Feature","properties":{"kind":"hourly","idx":90,"utc":"2026-08-25 16:47:03","cst":"2026-08-26 00:47:03","lon":149.683067,"lat":44.722913,"sog_kn":14.6,"cog":57.2,"heading":57.0,"status":"Under way using engine","seg_kn":14.51},"geometry":{"type":"Point","coordinates":[149.683067,44.722913]}},{"type":"Feature","properties":{"kind":"hourly","idx":91,"utc":"2026-08-25 17:57:53","cst":"2026-08-26 01:57:53","lon":150.02974,"lat":44.886375,"sog_kn":14.7,"cog":56.0,"heading":57.0,"status":"Under way using engine","seg_kn":15.02},"geometry":{"type":"Point","coordinates":[150.02974,44.886375]}},{"type":"Feature","properties":{"kind":"hourly","idx":92,"utc":"2026-08-25 19:00:30","cst":"2026-08-26 03:00:30","lon":150.330397,"lat":45.027787,"sog_kn":14.8,"cog":54.6,"heading":52.0,"status":"Under way using engine","seg_kn":14.7},"geometry":{"type":"Point","coordinates":[150.330397,45.027787]}},{"type":"Feature","properties":{"kind":"hourly","idx":93,"utc":"2026-08-25 20:00:23","cst":"2026-08-26 04:00:23","lon":150.627492,"lat":45.167223,"sog_kn":14.8,"cog":56.3,"heading":53.0,"status":"Under way using engine","seg_kn":15.15},"geometry":{"type":"Point","coordinates":[150.627492,45.167223]}},{"type":"Feature","properties":{"kind":"hourly","idx":94,"utc":"2026-08-25 20:56:15","cst":"2026-08-26 04:56:15","lon":150.897208,"lat":45.295502,"sog_kn":14.3,"cog":57.7,"heading":52.0,"status":"Under way using engine","seg_kn":14.78},"geometry":{"type":"Point","coordinates":[150.897208,45.295502]}},{"type":"Feature","properties":{"kind":"hourly","idx":95,"utc":"2026-08-25 21:54:58","cst":"2026-08-26 05:54:58","lon":151.174258,"lat":45.427338,"sog_kn":14.2,"cog":59.8,"heading":57.0,"status":"Under way using engine","seg_kn":14.42},"geometry":{"type":"Point","coordinates":[151.174258,45.427338]}},{"type":"Feature","properties":{"kind":"hourly","idx":96,"utc":"2026-08-25 22:59:31","cst":"2026-08-26 06:59:31","lon":151.480752,"lat":45.565483,"sog_kn":14.2,"cog":60.4,"heading":54.0,"status":"Under way using engine","seg_kn":14.25},"geometry":{"type":"Point","coordinates":[151.480752,45.565483]}},{"type":"Feature","properties":{"kind":"hourly","idx":97,"utc":"2026-08-26 00:02:59","cst":"2026-08-26 08:02:59","lon":151.785457,"lat":45.709648,"sog_kn":14.4,"cog":57.7,"heading":56.0,"status":"Under way using engine","seg_kn":14.6},"geometry":{"type":"Point","coordinates":[151.785457,45.709648]}},{"type":"Feature","properties":{"kind":"hourly","idx":98,"utc":"2026-08-26 01:06:35","cst":"2026-08-26 09:06:35","lon":152.092677,"lat":45.851463,"sog_kn":14.5,"cog":52.1,"heading":52.0,"status":"Under way using engine","seg_kn":14.55},"geometry":{"type":"Point","coordinates":[152.092677,45.851463]}},{"type":"Feature","properties":{"kind":"hourly","idx":99,"utc":"2026-08-26 02:03:30","cst":"2026-08-26 10:03:30","lon":152.37568,"lat":45.983958,"sog_kn":15.4,"cog":61.3,"heading":57.0,"status":"Under way using engine","seg_kn":15.02},"geometry":{"type":"Point","coordinates":[152.37568,45.983958]}},{"type":"Feature","properties":{"kind":"hourly","idx":100,"utc":"2026-08-26 03:02:54","cst":"2026-08-26 11:02:54","lon":152.684135,"lat":46.12151,"sog_kn":15.8,"cog":52.2,"heading":53.0,"status":"Under way using engine","seg_kn":15.43},"geometry":{"type":"Point","coordinates":[152.684135,46.12151]}},{"type":"Feature","properties":{"kind":"hourly","idx":101,"utc":"2026-08-26 03:57:48","cst":"2026-08-26 11:57:48","lon":152.964038,"lat":46.255767,"sog_kn":15.7,"cog":55.2,"heading":55.0,"status":"Under way using engine","seg_kn":15.47},"geometry":{"type":"Point","coordinates":[152.964038,46.255767]}},{"type":"Feature","properties":{"kind":"hourly","idx":102,"utc":"2026-08-26 04:58:10","cst":"2026-08-26 12:58:10","lon":153.281995,"lat":46.406458,"sog_kn":15.7,"cog":57.5,"heading":59.0,"status":"Under way using engine","seg_kn":15.89},"geometry":{"type":"Point","coordinates":[153.281995,46.406458]}},{"type":"Feature","properties":{"kind":"hourly","idx":103,"utc":"2026-08-26 05:59:49","cst":"2026-08-26 13:59:49","lon":153.570998,"lat":46.580275,"sog_kn":16.0,"cog":33.7,"heading":32.0,"status":"Under way using engine","seg_kn":15.44},"geometry":{"type":"Point","coordinates":[153.570998,46.580275]}},{"type":"Feature","properties":{"kind":"hourly","idx":104,"utc":"2026-08-26 07:02:29","cst":"2026-08-26 15:02:29","lon":153.791313,"lat":46.809932,"sog_kn":15.6,"cog":30.6,"heading":27.0,"status":"Under way using engine","seg_kn":15.8},"geometry":{"type":"Point","coordinates":[153.791313,46.809932]}},{"type":"Feature","properties":{"kind":"hourly","idx":105,"utc":"2026-08-26 07:56:21","cst":"2026-08-26 15:56:21","lon":153.967468,"lat":47.0096,"sog_kn":15.3,"cog":34.5,"heading":28.0,"status":"Under way using engine","seg_kn":15.59},"geometry":{"type":"Point","coordinates":[153.967468,47.0096]}},{"type":"Feature","properties":{"kind":"hourly","idx":106,"utc":"2026-08-26 09:00:40","cst":"2026-08-26 17:00:40","lon":154.183445,"lat":47.243635,"sog_kn":15.7,"cog":32.1,"heading":30.0,"status":"Under way using engine","seg_kn":15.48},"geometry":{"type":"Point","coordinates":[154.183445,47.243635]}},{"type":"Feature","properties":{"kind":"hourly","idx":107,"utc":"2026-08-26 10:01:22","cst":"2026-08-26 18:01:22","lon":154.383408,"lat":47.465117,"sog_kn":14.7,"cog":30.5,"heading":29.0,"status":"Under way using engine","seg_kn":15.41},"geometry":{"type":"Point","coordinates":[154.383408,47.465117]}},{"type":"Feature","properties":{"kind":"hourly","idx":108,"utc":"2026-08-26 11:00:43","cst":"2026-08-26 19:00:43","lon":154.57518,"lat":47.675518,"sog_kn":15.2,"cog":33.6,"heading":31.0,"status":"Under way using engine","seg_kn":14.99},"geometry":{"type":"Point","coordinates":[154.57518,47.675518]}},{"type":"Feature","properties":{"kind":"hourly","idx":109,"utc":"2026-08-26 12:00:23","cst":"2026-08-26 20:00:23","lon":154.774628,"lat":47.883632,"sog_kn":15.3,"cog":32.9,"heading":30.0,"status":"Under way using engine","seg_kn":14.95},"geometry":{"type":"Point","coordinates":[154.774628,47.883632]}},{"type":"Feature","properties":{"kind":"hourly","idx":110,"utc":"2026-08-26 12:56:15","cst":"2026-08-26 20:56:15","lon":154.953068,"lat":48.08001,"sog_kn":14.5,"cog":30.2,"heading":27.0,"status":"Under way using engine","seg_kn":14.82},"geometry":{"type":"Point","coordinates":[154.953068,48.08001]}},{"type":"Feature","properties":{"kind":"hourly","idx":111,"utc":"2026-08-26 14:02:47","cst":"2026-08-26 22:02:47","lon":155.161928,"lat":48.301067,"sog_kn":13.6,"cog":31.8,"heading":28.0,"status":"Under way using engine","seg_kn":14.15},"geometry":{"type":"Point","coordinates":[155.161928,48.301067]}},{"type":"Feature","properties":{"kind":"hourly","idx":112,"utc":"2026-08-26 15:00:16","cst":"2026-08-26 23:00:16","lon":155.334553,"lat":48.48767,"sog_kn":13.0,"cog":33.2,"heading":26.0,"status":"Under way using engine","seg_kn":13.72},"geometry":{"type":"Point","coordinates":[155.334553,48.48767]}},{"type":"Feature","properties":{"kind":"hourly","idx":113,"utc":"2026-08-26 15:58:11","cst":"2026-08-26 23:58:11","lon":155.511597,"lat":48.678695,"sog_kn":13.9,"cog":30.2,"heading":31.0,"status":"Under way using engine","seg_kn":13.94},"geometry":{"type":"Point","coordinates":[155.511597,48.678695]}},{"type":"Feature","properties":{"kind":"hourly","idx":114,"utc":"2026-08-26 16:56:30","cst":"2026-08-27 00:56:30","lon":155.693773,"lat":48.868847,"sog_kn":13.6,"cog":33.9,"heading":31.0,"status":"Under way using engine","seg_kn":13.89},"geometry":{"type":"Point","coordinates":[155.693773,48.868847]}},{"type":"Feature","properties":{"kind":"hourly","idx":115,"utc":"2026-08-26 17:57:20","cst":"2026-08-27 01:57:20","lon":155.878437,"lat":49.063577,"sog_kn":14.0,"cog":31.2,"heading":31.0,"status":"Under way using engine","seg_kn":13.58},"geometry":{"type":"Point","coordinates":[155.878437,49.063577]}},{"type":"Feature","properties":{"kind":"hourly","idx":116,"utc":"2026-08-26 19:01:53","cst":"2026-08-27 03:01:53","lon":156.083362,"lat":49.277555,"sog_kn":14.2,"cog":34.4,"heading":32.0,"status":"Under way using engine","seg_kn":14.09},"geometry":{"type":"Point","coordinates":[156.083362,49.277555]}},{"type":"Feature","properties":{"kind":"hourly","idx":117,"utc":"2026-08-26 19:56:09","cst":"2026-08-27 03:56:09","lon":156.257367,"lat":49.458903,"sog_kn":14.2,"cog":39.0,"heading":36.0,"status":"Under way using engine","seg_kn":14.2},"geometry":{"type":"Point","coordinates":[156.257367,49.458903]}},{"type":"Feature","properties":{"kind":"hourly","idx":118,"utc":"2026-08-26 21:02:45","cst":"2026-08-27 05:02:45","lon":156.474762,"lat":49.684648,"sog_kn":14.6,"cog":31.0,"heading":29.0,"status":"Under way using engine","seg_kn":14.4},"geometry":{"type":"Point","coordinates":[156.474762,49.684648]}},{"type":"Feature","properties":{"kind":"hourly","idx":119,"utc":"2026-08-26 22:00:53","cst":"2026-08-27 06:00:53","lon":156.66662,"lat":49.885665,"sog_kn":14.5,"cog":31.5,"heading":30.0,"status":"Under way using engine","seg_kn":14.63},"geometry":{"type":"Point","coordinates":[156.66662,49.885665]}},{"type":"Feature","properties":{"kind":"hourly","idx":120,"utc":"2026-08-26 23:00:56","cst":"2026-08-27 07:00:56","lon":156.861832,"lat":50.08634,"sog_kn":14.1,"cog":31.2,"heading":29.0,"status":"Under way using engine","seg_kn":14.2},"geometry":{"type":"Point","coordinates":[156.861832,50.08634]}},{"type":"Feature","properties":{"kind":"hourly","idx":121,"utc":"2026-08-26 23:49:29","cst":"2026-08-27 07:49:29","lon":157.020048,"lat":50.247347,"sog_kn":14.4,"cog":31.4,"heading":29.0,"status":"Under way using engine","seg_kn":14.12},"geometry":{"type":"Point","coordinates":[157.020048,50.247347]}},{"type":"Feature","properties":{"kind":"hourly","idx":122,"utc":"2026-08-28 07:51:06","cst":"2026-08-28 15:51:06","lon":165.666653,"lat":56.315225,"sog_kn":15.0,"cog":61.2,"heading":59.0,"status":"Under way using engine","seg_kn":14.92},"geometry":{"type":"Point","coordinates":[165.666653,56.315225]}},{"type":"Feature","properties":{"kind":"hourly","idx":123,"utc":"2026-08-28 09:13:36","cst":"2026-08-28 17:13:36","lon":166.203333,"lat":56.48473,"sog_kn":14.5,"cog":60.6,"heading":58.0,"status":"Under way using engine","seg_kn":14.93},"geometry":{"type":"Point","coordinates":[166.203333,56.48473]}},{"type":"Feature","properties":{"kind":"hourly","idx":124,"utc":"2026-08-28 10:00:40","cst":"2026-08-28 18:00:40","lon":166.510085,"lat":56.582313,"sog_kn":15.2,"cog":61.0,"heading":60.0,"status":"Under way using engine","seg_kn":14.95},"geometry":{"type":"Point","coordinates":[166.510085,56.582313]}},{"type":"Feature","properties":{"kind":"hourly","idx":125,"utc":"2026-08-28 11:00:07","cst":"2026-08-28 19:00:07","lon":166.903148,"lat":56.705387,"sog_kn":15.2,"cog":61.9,"heading":59.0,"status":"Under way using engine","seg_kn":15.07},"geometry":{"type":"Point","coordinates":[166.903148,56.705387]}},{"type":"Feature","properties":{"kind":"hourly","idx":126,"utc":"2026-08-28 11:59:39","cst":"2026-08-28 19:59:39","lon":167.301918,"lat":56.829122,"sog_kn":15.0,"cog":59.2,"heading":58.0,"status":"Under way using engine","seg_kn":15.2},"geometry":{"type":"Point","coordinates":[167.301918,56.829122]}},{"type":"Feature","properties":{"kind":"hourly","idx":127,"utc":"2026-08-28 13:02:02","cst":"2026-08-28 21:02:02","lon":167.713875,"lat":56.959122,"sog_kn":14.9,"cog":60.4,"heading":59.0,"status":"Under way using engine","seg_kn":15.01},"geometry":{"type":"Point","coordinates":[167.713875,56.959122]}},{"type":"Feature","properties":{"kind":"hourly","idx":128,"utc":"2026-08-28 14:00:00","cst":"2026-08-28 22:00:00","lon":168.098752,"lat":57.078663,"sog_kn":15.1,"cog":61.0,"heading":59.0,"status":"Under way using engine","seg_kn":14.99},"geometry":{"type":"Point","coordinates":[168.098752,57.078663]}},{"type":"Feature","properties":{"kind":"hourly","idx":129,"utc":"2026-08-28 14:59:30","cst":"2026-08-28 22:59:30","lon":168.500917,"lat":57.202742,"sog_kn":15.3,"cog":60.2,"heading":58.0,"status":"Under way using engine","seg_kn":15.2},"geometry":{"type":"Point","coordinates":[168.500917,57.202742]}},{"type":"Feature","properties":{"kind":"hourly","idx":130,"utc":"2026-08-28 16:00:07","cst":"2026-08-29 00:00:07","lon":168.915902,"lat":57.331122,"sog_kn":15.3,"cog":60.3,"heading":58.0,"status":"Under way using engine","seg_kn":15.36},"geometry":{"type":"Point","coordinates":[168.915902,57.331122]}},{"type":"Feature","properties":{"kind":"hourly","idx":131,"utc":"2026-08-28 17:03:48","cst":"2026-08-29 01:03:48","lon":169.355452,"lat":57.466538,"sog_kn":15.7,"cog":59.8,"heading":58.0,"status":"Under way using engine","seg_kn":15.43},"geometry":{"type":"Point","coordinates":[169.355452,57.466538]}},{"type":"Feature","properties":{"kind":"hourly","idx":132,"utc":"2026-08-28 17:59:29","cst":"2026-08-29 01:59:29","lon":169.742635,"lat":57.58689,"sog_kn":15.5,"cog":62.9,"heading":61.0,"status":"Under way using engine","seg_kn":15.54},"geometry":{"type":"Point","coordinates":[169.742635,57.58689]}},{"type":"Feature","properties":{"kind":"hourly","idx":133,"utc":"2026-08-28 19:00:20","cst":"2026-08-29 03:00:20","lon":170.16964,"lat":57.716868,"sog_kn":15.9,"cog":58.6,"heading":60.0,"status":"Under way using engine","seg_kn":15.56},"geometry":{"type":"Point","coordinates":[170.16964,57.716868]}},{"type":"Feature","properties":{"kind":"hourly","idx":134,"utc":"2026-08-28 20:00:19","cst":"2026-08-29 04:00:19","lon":170.59749,"lat":57.845895,"sog_kn":15.9,"cog":61.9,"heading":59.0,"status":"Under way using engine","seg_kn":15.74},"geometry":{"type":"Point","coordinates":[170.59749,57.845895]}},{"type":"Feature","properties":{"kind":"hourly","idx":135,"utc":"2026-08-28 21:03:19","cst":"2026-08-29 05:03:19","lon":171.052608,"lat":57.985037,"sog_kn":15.8,"cog":59.3,"heading":58.0,"status":"Under way using engine","seg_kn":15.95},"geometry":{"type":"Point","coordinates":[171.052608,57.985037]}},{"type":"Feature","properties":{"kind":"hourly","idx":136,"utc":"2026-08-28 21:57:45","cst":"2026-08-29 05:57:45","lon":171.451338,"lat":58.1019,"sog_kn":15.7,"cog":63.1,"heading":58.0,"status":"Under way using engine","seg_kn":15.97},"geometry":{"type":"Point","coordinates":[171.451338,58.1019]}},{"type":"Feature","properties":{"kind":"hourly","idx":137,"utc":"2026-08-28 23:00:29","cst":"2026-08-29 07:00:29","lon":171.894388,"lat":58.243113,"sog_kn":15.9,"cog":59.2,"heading":59.0,"status":"Under way using engine","seg_kn":15.68},"geometry":{"type":"Point","coordinates":[171.894388,58.243113]}},{"type":"Feature","properties":{"kind":"hourly","idx":138,"utc":"2026-08-28 23:58:57","cst":"2026-08-29 07:58:57","lon":172.329593,"lat":58.36628,"sog_kn":16.0,"cog":60.2,"heading":57.0,"status":"Under way using engine","seg_kn":16.0},"geometry":{"type":"Point","coordinates":[172.329593,58.36628]}},{"type":"Feature","properties":{"kind":"hourly","idx":139,"utc":"2026-08-29 00:59:30","cst":"2026-08-29 08:59:30","lon":172.769187,"lat":58.501095,"sog_kn":15.7,"cog":58.2,"heading":57.0,"status":"Under way using engine","seg_kn":15.87},"geometry":{"type":"Point","coordinates":[172.769187,58.501095]}},{"type":"Feature","properties":{"kind":"hourly","idx":140,"utc":"2026-08-29 02:00:49","cst":"2026-08-29 10:00:49","lon":173.21369,"lat":58.634503,"sog_kn":15.9,"cog":61.4,"heading":59.0,"status":"Under way using engine","seg_kn":15.71},"geometry":{"type":"Point","coordinates":[173.21369,58.634503]}},{"type":"Feature","properties":{"kind":"hourly","idx":141,"utc":"2026-08-29 02:59:55","cst":"2026-08-29 10:59:55","lon":173.648927,"lat":58.758235,"sog_kn":15.6,"cog":59.6,"heading":56.0,"status":"Under way using engine","seg_kn":15.71},"geometry":{"type":"Point","coordinates":[173.648927,58.758235]}},{"type":"Feature","properties":{"kind":"hourly","idx":142,"utc":"2026-08-29 04:02:18","cst":"2026-08-29 12:02:18","lon":174.09309,"lat":58.89252,"sog_kn":15.3,"cog":59.9,"heading":56.0,"status":"Under way using engine","seg_kn":15.38},"geometry":{"type":"Point","coordinates":[174.09309,58.89252]}},{"type":"Feature","properties":{"kind":"hourly","idx":143,"utc":"2026-08-29 05:01:02","cst":"2026-08-29 13:01:02","lon":174.509345,"lat":59.015022,"sog_kn":15.2,"cog":61.5,"heading":56.0,"status":"Under way using engine","seg_kn":15.16},"geometry":{"type":"Point","coordinates":[174.509345,59.015022]}},{"type":"Feature","properties":{"kind":"hourly","idx":144,"utc":"2026-08-29 06:00:20","cst":"2026-08-29 14:00:20","lon":174.93261,"lat":59.139972,"sog_kn":15.4,"cog":59.9,"heading":56.0,"status":"Under way using engine","seg_kn":15.24},"geometry":{"type":"Point","coordinates":[174.93261,59.139972]}},{"type":"Feature","properties":{"kind":"hourly","idx":145,"utc":"2026-08-29 07:00:26","cst":"2026-08-29 15:00:26","lon":175.369115,"lat":59.266917,"sog_kn":15.5,"cog":60.5,"heading":57.0,"status":"Under way using engine","seg_kn":15.41},"geometry":{"type":"Point","coordinates":[175.369115,59.266917]}},{"type":"Feature","properties":{"kind":"hourly","idx":146,"utc":"2026-08-29 07:59:43","cst":"2026-08-29 15:59:43","lon":175.797795,"lat":59.392565,"sog_kn":15.2,"cog":60.9,"heading":58.0,"status":"Under way using engine","seg_kn":15.33},"geometry":{"type":"Point","coordinates":[175.797795,59.392565]}},{"type":"Feature","properties":{"kind":"hourly","idx":147,"utc":"2026-08-29 09:00:14","cst":"2026-08-29 17:00:14","lon":176.231665,"lat":59.516283,"sog_kn":15.3,"cog":61.9,"heading":57.0,"status":"Under way using engine","seg_kn":15.05},"geometry":{"type":"Point","coordinates":[176.231665,59.516283]}},{"type":"Feature","properties":{"kind":"hourly","idx":148,"utc":"2026-08-29 09:58:39","cst":"2026-08-29 17:58:39","lon":176.657533,"lat":59.640585,"sog_kn":15.5,"cog":61.1,"heading":56.0,"status":"Under way using engine","seg_kn":15.35},"geometry":{"type":"Point","coordinates":[176.657533,59.640585]}},{"type":"Feature","properties":{"kind":"hourly","idx":149,"utc":"2026-08-29 11:00:18","cst":"2026-08-29 19:00:18","lon":177.106665,"lat":59.771288,"sog_kn":15.0,"cog":58.3,"heading":55.0,"status":"Under way using engine","seg_kn":15.28},"geometry":{"type":"Point","coordinates":[177.106665,59.771288]}},{"type":"Feature","properties":{"kind":"hourly","idx":150,"utc":"2026-08-29 11:59:57","cst":"2026-08-29 19:59:57","lon":177.541597,"lat":59.895552,"sog_kn":15.3,"cog":59.1,"heading":55.0,"status":"Under way using engine","seg_kn":15.18},"geometry":{"type":"Point","coordinates":[177.541597,59.895552]}},{"type":"Feature","properties":{"kind":"hourly","idx":151,"utc":"2026-08-29 12:58:50","cst":"2026-08-29 20:58:50","lon":177.968088,"lat":60.028917,"sog_kn":15.6,"cog":45.6,"heading":47.0,"status":"Under way using engine","seg_kn":15.4},"geometry":{"type":"Point","coordinates":[177.968088,60.028917]}},{"type":"Feature","properties":{"kind":"hourly","idx":152,"utc":"2026-08-29 13:59:07","cst":"2026-08-29 21:59:07","lon":178.365453,"lat":60.204525,"sog_kn":15.9,"cog":49.7,"heading":47.0,"status":"Under way using engine","seg_kn":15.81},"geometry":{"type":"Point","coordinates":[178.365453,60.204525]}},{"type":"Feature","properties":{"kind":"hourly","idx":153,"utc":"2026-08-29 14:59:30","cst":"2026-08-29 22:59:30","lon":178.773197,"lat":60.382942,"sog_kn":15.8,"cog":50.1,"heading":45.0,"status":"Under way using engine","seg_kn":16.08},"geometry":{"type":"Point","coordinates":[178.773197,60.382942]}},{"type":"Feature","properties":{"kind":"hourly","idx":154,"utc":"2026-08-29 16:03:06","cst":"2026-08-30 00:03:06","lon":179.197583,"lat":60.567785,"sog_kn":15.5,"cog":52.7,"heading":46.0,"status":"Under way using engine","seg_kn":15.81},"geometry":{"type":"Point","coordinates":[179.197583,60.567785]}},{"type":"Feature","properties":{"kind":"hourly","idx":155,"utc":"2026-08-29 16:57:26","cst":"2026-08-30 00:57:26","lon":179.549827,"lat":60.720113,"sog_kn":15.0,"cog":51.5,"heading":46.0,"status":"Under way using engine","seg_kn":15.27},"geometry":{"type":"Point","coordinates":[179.549827,60.720113]}},{"type":"Feature","properties":{"kind":"hourly","idx":156,"utc":"2026-08-29 18:00:23","cst":"2026-08-30 02:00:23","lon":179.955312,"lat":60.898025,"sog_kn":15.6,"cog":46.9,"heading":47.0,"status":"Under way using engine","seg_kn":15.22},"geometry":{"type":"Point","coordinates":[179.955312,60.898025]}},{"type":"Feature","properties":{"kind":"hourly","idx":157,"utc":"2026-08-29 19:04:28","cst":"2026-08-30 03:04:28","lon":-179.610962,"lat":61.079318,"sog_kn":15.9,"cog":48.3,"heading":45.0,"status":"Under way using engine","seg_kn":15.61},"geometry":{"type":"Point","coordinates":[-179.610962,61.079318]}},{"type":"Feature","properties":{"kind":"hourly","idx":158,"utc":"2026-08-29 20:00:29","cst":"2026-08-30 04:00:29","lon":-179.238387,"lat":61.241722,"sog_kn":15.4,"cog":49.7,"heading":46.0,"status":"Under way using engine","seg_kn":15.58},"geometry":{"type":"Point","coordinates":[-179.238387,61.241722]}},{"type":"Feature","properties":{"kind":"hourly","idx":159,"utc":"2026-08-29 21:01:06","cst":"2026-08-30 05:01:06","lon":-178.838708,"lat":61.412623,"sog_kn":15.4,"cog":48.2,"heading":47.0,"status":"Under way using engine","seg_kn":15.27},"geometry":{"type":"Point","coordinates":[-178.838708,61.412623]}},{"type":"Feature","properties":{"kind":"hourly","idx":160,"utc":"2026-08-29 21:59:48","cst":"2026-08-30 05:59:48","lon":-178.410593,"lat":61.586915,"sog_kn":16.5,"cog":43.9,"heading":43.0,"status":"Under way using engine","seg_kn":16.48},"geometry":{"type":"Point","coordinates":[-178.410593,61.586915]}},{"type":"Feature","properties":{"kind":"hourly","idx":161,"utc":"2026-08-29 23:00:49","cst":"2026-08-30 07:00:49","lon":-177.965813,"lat":61.777832,"sog_kn":16.4,"cog":50.2,"heading":45.0,"status":"Under way using engine","seg_kn":16.8},"geometry":{"type":"Point","coordinates":[-177.965813,61.777832]}},{"type":"Feature","properties":{"kind":"hourly","idx":162,"utc":"2026-08-29 23:59:50","cst":"2026-08-30 07:59:50","lon":-177.54035,"lat":61.955795,"sog_kn":16.5,"cog":45.3,"heading":44.0,"status":"Under way using engine","seg_kn":16.37},"geometry":{"type":"Point","coordinates":[-177.54035,61.955795]}},{"type":"Feature","properties":{"kind":"hourly","idx":163,"utc":"2026-08-30 00:54:22","cst":"2026-08-30 08:54:22","lon":-177.144762,"lat":62.11993,"sog_kn":16.4,"cog":50.9,"heading":45.0,"status":"Under way using engine","seg_kn":16.36},"geometry":{"type":"Point","coordinates":[-177.144762,62.11993]}},{"type":"Feature","properties":{"kind":"hourly","idx":164,"utc":"2026-08-30 02:03:50","cst":"2026-08-30 10:03:50","lon":-176.63147,"lat":62.327328,"sog_kn":16.1,"cog":49.3,"heading":45.0,"status":"Under way using engine","seg_kn":16.42},"geometry":{"type":"Point","coordinates":[-176.63147,62.327328]}},{"type":"Feature","properties":{"kind":"hourly","idx":165,"utc":"2026-08-30 02:57:38","cst":"2026-08-30 10:57:38","lon":-176.252737,"lat":62.487913,"sog_kn":15.8,"cog":50.1,"heading":44.0,"status":"Under way using engine","seg_kn":15.92},"geometry":{"type":"Point","coordinates":[-176.252737,62.487913]}},{"type":"Feature","properties":{"kind":"hourly","idx":166,"utc":"2026-08-30 03:58:09","cst":"2026-08-30 11:58:09","lon":-175.81641,"lat":62.66576,"sog_kn":16.1,"cog":48.0,"heading":44.0,"status":"Under way using engine","seg_kn":15.97},"geometry":{"type":"Point","coordinates":[-175.81641,62.66576]}},{"type":"Feature","properties":{"kind":"hourly","idx":167,"utc":"2026-08-30 04:59:15","cst":"2026-08-30 12:59:15","lon":-175.370747,"lat":62.846617,"sog_kn":16.3,"cog":48.7,"heading":44.0,"status":"Under way using engine","seg_kn":16.07},"geometry":{"type":"Point","coordinates":[-175.370747,62.846617]}},{"type":"Feature","properties":{"kind":"hourly","idx":168,"utc":"2026-08-30 05:56:18","cst":"2026-08-30 13:56:18","lon":-174.948465,"lat":63.016048,"sog_kn":16.2,"cog":48.1,"heading":45.0,"status":"Under way using engine","seg_kn":16.18},"geometry":{"type":"Point","coordinates":[-174.948465,63.016048]}},{"type":"Feature","properties":{"kind":"hourly","idx":169,"utc":"2026-08-30 07:02:31","cst":"2026-08-30 15:02:31","lon":-174.46137,"lat":63.21192,"sog_kn":15.7,"cog":46.0,"heading":44.0,"status":"Under way using engine","seg_kn":16.04},"geometry":{"type":"Point","coordinates":[-174.46137,63.21192]}},{"type":"Feature","properties":{"kind":"hourly","idx":170,"utc":"2026-08-30 07:59:42","cst":"2026-08-30 15:59:42","lon":-174.040465,"lat":63.378683,"sog_kn":15.9,"cog":47.9,"heading":42.0,"status":"Under way using engine","seg_kn":15.89},"geometry":{"type":"Point","coordinates":[-174.040465,63.378683]}},{"type":"Feature","properties":{"kind":"hourly","idx":171,"utc":"2026-08-30 08:59:14","cst":"2026-08-30 16:59:14","lon":-173.606193,"lat":63.553925,"sog_kn":16.1,"cog":46.2,"heading":45.0,"status":"Under way using engine","seg_kn":15.82},"geometry":{"type":"Point","coordinates":[-173.606193,63.553925]}},{"type":"Feature","properties":{"kind":"hourly","idx":172,"utc":"2026-08-30 09:59:39","cst":"2026-08-30 17:59:39","lon":-173.14564,"lat":63.728653,"sog_kn":16.3,"cog":49.7,"heading":42.0,"status":"Under way using engine","seg_kn":16.04},"geometry":{"type":"Point","coordinates":[-173.14564,63.728653]}},{"type":"Feature","properties":{"kind":"hourly","idx":173,"utc":"2026-08-30 10:59:42","cst":"2026-08-30 18:59:42","lon":-172.683917,"lat":63.911515,"sog_kn":16.8,"cog":50.6,"heading":45.0,"status":"Under way using engine","seg_kn":16.42},"geometry":{"type":"Point","coordinates":[-172.683917,63.911515]}},{"type":"Feature","properties":{"kind":"hourly","idx":174,"utc":"2026-08-30 12:00:18","cst":"2026-08-30 20:00:18","lon":-172.196717,"lat":64.097768,"sog_kn":17.1,"cog":50.5,"heading":42.0,"status":"Under way using engine","seg_kn":16.84},"geometry":{"type":"Point","coordinates":[-172.196717,64.097768]}},{"type":"Feature","properties":{"kind":"hourly","idx":175,"utc":"2026-08-30 13:00:03","cst":"2026-08-30 21:00:03","lon":-171.71617,"lat":64.286043,"sog_kn":17.0,"cog":48.5,"heading":46.0,"status":"Under way using engine","seg_kn":16.97},"geometry":{"type":"Point","coordinates":[-171.71617,64.286043]}},{"type":"Feature","properties":{"kind":"hourly","idx":176,"utc":"2026-08-30 13:59:20","cst":"2026-08-30 21:59:20","lon":-171.370465,"lat":64.52008,"sog_kn":16.6,"cog":32.6,"heading":30.0,"status":"Under way using engine","seg_kn":16.87},"geometry":{"type":"Point","coordinates":[-171.370465,64.52008]}},{"type":"Feature","properties":{"kind":"hourly","idx":177,"utc":"2026-08-30 15:01:37","cst":"2026-08-30 23:01:37","lon":-171.023133,"lat":64.76085,"sog_kn":16.2,"cog":32.3,"heading":28.0,"status":"Under way using engine","seg_kn":16.37},"geometry":{"type":"Point","coordinates":[-171.023133,64.76085]}},{"type":"Feature","properties":{"kind":"hourly","idx":178,"utc":"2026-08-30 16:00:19","cst":"2026-08-31 00:00:19","lon":-170.69615,"lat":64.984093,"sog_kn":16.2,"cog":30.9,"heading":28.0,"status":"Under way using engine","seg_kn":16.13},"geometry":{"type":"Point","coordinates":[-170.69615,64.984093]}},{"type":"Feature","properties":{"kind":"hourly","idx":179,"utc":"2026-08-30 16:58:58","cst":"2026-08-31 00:58:58","lon":-170.367027,"lat":65.205408,"sog_kn":15.8,"cog":32.6,"heading":28.0,"status":"Under way using engine","seg_kn":16.04},"geometry":{"type":"Point","coordinates":[-170.367027,65.205408]}},{"type":"Feature","properties":{"kind":"hourly","idx":180,"utc":"2026-08-30 17:57:31","cst":"2026-08-31 01:57:31","lon":-170.044608,"lat":65.423775,"sog_kn":15.5,"cog":33.8,"heading":29.0,"status":"Under way using engine","seg_kn":15.78},"geometry":{"type":"Point","coordinates":[-170.044608,65.423775]}},{"type":"Feature","properties":{"kind":"hourly","idx":181,"utc":"2026-08-30 19:01:19","cst":"2026-08-31 03:01:19","lon":-169.690982,"lat":65.658473,"sog_kn":15.8,"cog":30.7,"heading":29.0,"status":"Under way using engine","seg_kn":15.62},"geometry":{"type":"Point","coordinates":[-169.690982,65.658473]}},{"type":"Feature","properties":{"kind":"hourly","idx":182,"utc":"2026-08-30 19:59:56","cst":"2026-08-31 03:59:56","lon":-169.357567,"lat":65.876945,"sog_kn":16.0,"cog":32.7,"heading":29.0,"status":"Under way using engine","seg_kn":15.84},"geometry":{"type":"Point","coordinates":[-169.357567,65.876945]}},{"type":"Feature","properties":{"kind":"hourly","idx":183,"utc":"2026-08-30 21:00:22","cst":"2026-08-31 05:00:22","lon":-169.329203,"lat":66.125418,"sog_kn":14.5,"cog":358.1,"heading":354.0,"status":"Under way using engine","seg_kn":14.83},"geometry":{"type":"Point","coordinates":[-169.329203,66.125418]}},{"type":"Feature","properties":{"kind":"hourly","idx":184,"utc":"2026-08-30 21:59:55","cst":"2026-08-31 05:59:55","lon":-169.349075,"lat":66.362337,"sog_kn":13.9,"cog":330.4,"heading":326.0,"status":"Under way using engine","seg_kn":14.34},"geometry":{"type":"Point","coordinates":[-169.349075,66.362337]}},{"type":"Feature","properties":{"kind":"hourly","idx":185,"utc":"2026-08-30 22:59:59","cst":"2026-08-31 06:59:59","lon":-169.738185,"lat":66.53103,"sog_kn":13.7,"cog":318.0,"heading":317.0,"status":"Under way using engine","seg_kn":13.76},"geometry":{"type":"Point","coordinates":[-169.738185,66.53103]}},{"type":"Feature","properties":{"kind":"hourly","idx":186,"utc":"2026-08-31 00:00:25","cst":"2026-08-31 08:00:25","lon":-170.126837,"lat":66.701347,"sog_kn":13.6,"cog":318.4,"heading":315.0,"status":"Under way using engine","seg_kn":13.7},"geometry":{"type":"Point","coordinates":[-170.126837,66.701347]}},{"type":"Feature","properties":{"kind":"hourly","idx":187,"utc":"2026-08-31 01:00:46","cst":"2026-08-31 09:00:46","lon":-170.522525,"lat":66.86759,"sog_kn":13.2,"cog":316.5,"heading":315.0,"status":"Under way using engine","seg_kn":13.61},"geometry":{"type":"Point","coordinates":[-170.522525,66.86759]}},{"type":"Feature","properties":{"kind":"hourly","idx":188,"utc":"2026-08-31 01:58:45","cst":"2026-08-31 09:58:45","lon":-170.898615,"lat":67.01428,"sog_kn":12.4,"cog":304.3,"heading":304.0,"status":"Under way using engine","seg_kn":12.92},"geometry":{"type":"Point","coordinates":[-170.898615,67.01428]}},{"type":"Feature","properties":{"kind":"hourly","idx":189,"utc":"2026-08-31 02:59:33","cst":"2026-08-31 10:59:33","lon":-171.361548,"lat":67.132655,"sog_kn":12.6,"cog":303.1,"heading":302.0,"status":"Under way using engine","seg_kn":12.78},"geometry":{"type":"Point","coordinates":[-171.361548,67.132655]}},{"type":"Feature","properties":{"kind":"hourly","idx":190,"utc":"2026-08-31 03:59:35","cst":"2026-08-31 11:59:35","lon":-171.882402,"lat":67.214888,"sog_kn":14.8,"cog":280.0,"heading":283.0,"status":"Under way using engine","seg_kn":13.09},"geometry":{"type":"Point","coordinates":[-171.882402,67.214888]}},{"type":"Feature","properties":{"kind":"hourly","idx":191,"utc":"2026-08-31 05:04:34","cst":"2026-08-31 13:04:34","lon":-172.55924,"lat":67.265102,"sog_kn":14.7,"cog":280.2,"heading":280.0,"status":"Under way using engine","seg_kn":14.78},"geometry":{"type":"Point","coordinates":[-172.55924,67.265102]}},{"type":"Feature","properties":{"kind":"hourly","idx":192,"utc":"2026-08-31 06:46:42","cst":"2026-08-31 14:46:42","lon":-173.609648,"lat":67.362633,"sog_kn":15.3,"cog":308.5,"heading":307.0,"status":"Under way using engine","seg_kn":14.7},"geometry":{"type":"Point","coordinates":[-173.609648,67.362633]}},{"type":"Feature","properties":{"kind":"hourly","idx":193,"utc":"2026-08-31 07:52:54","cst":"2026-08-31 15:52:54","lon":-173.970003,"lat":67.53859,"sog_kn":12.2,"cog":357.8,"heading":354.0,"status":"Under way using engine","seg_kn":12.17},"geometry":{"type":"Point","coordinates":[-173.970003,67.53859]}},{"type":"Feature","properties":{"kind":"hourly","idx":194,"utc":"2026-08-31 08:42:29","cst":"2026-08-31 16:42:29","lon":-174.081608,"lat":67.695002,"sog_kn":12.1,"cog":325.5,"heading":315.0,"status":"Under way using engine","seg_kn":11.78},"geometry":{"type":"Point","coordinates":[-174.081608,67.695002]}},{"type":"Feature","properties":{"kind":"hourly","idx":195,"utc":"2026-08-31 09:55:41","cst":"2026-08-31 17:55:41","lon":-174.358018,"lat":67.909975,"sog_kn":12.8,"cog":308.3,"heading":306.0,"status":"Under way using engine","seg_kn":11.76},"geometry":{"type":"Point","coordinates":[-174.358018,67.909975]}},{"type":"Feature","properties":{"kind":"hourly","idx":196,"utc":"2026-08-31 10:59:28","cst":"2026-08-31 18:59:28","lon":-174.323253,"lat":67.78861,"sog_kn":10.2,"cog":163.3,"heading":160.0,"status":"Under way using engine","seg_kn":6.89},"geometry":{"type":"Point","coordinates":[-174.323253,67.78861]}},{"type":"Feature","properties":{"kind":"hourly","idx":197,"utc":"2026-08-31 11:49:00","cst":"2026-08-31 19:49:00","lon":-174.246848,"lat":67.709355,"sog_kn":0.9,"cog":100.4,"heading":91.0,"status":"Under way using engine","seg_kn":6.14},"geometry":{"type":"Point","coordinates":[-174.246848,67.709355]}},{"type":"Feature","properties":{"kind":"hourly","idx":198,"utc":"2026-08-31 13:00:48","cst":"2026-08-31 21:00:48","lon":-174.248403,"lat":67.711282,"sog_kn":0.4,"cog":290.8,"heading":78.0,"status":"Under way using engine","seg_kn":0.1},"geometry":{"type":"Point","coordinates":[-174.248403,67.711282]}},{"type":"Feature","properties":{"kind":"hourly","idx":199,"utc":"2026-08-31 13:35:56","cst":"2026-08-31 21:35:56","lon":-174.253727,"lat":67.714297,"sog_kn":0.3,"cog":340.2,"heading":101.0,"status":"Under way using engine","seg_kn":0.37},"geometry":{"type":"Point","coordinates":[-174.253727,67.714297]}},{"type":"Feature","properties":{"kind":"hourly","idx":200,"utc":"2026-08-31 15:19:38","cst":"2026-08-31 23:19:38","lon":-174.254548,"lat":67.725127,"sog_kn":0.3,"cog":39.5,"heading":122.0,"status":"Under way using engine","seg_kn":0.38},"geometry":{"type":"Point","coordinates":[-174.254548,67.725127]}},{"type":"Feature","properties":{"kind":"hourly","idx":201,"utc":"2026-08-31 15:59:56","cst":"2026-08-31 23:59:56","lon":-174.233843,"lat":67.726767,"sog_kn":1.2,"cog":93.7,"heading":226.0,"status":"Under way using engine","seg_kn":0.72},"geometry":{"type":"Point","coordinates":[-174.233843,67.726767]}},{"type":"Feature","properties":{"kind":"hourly","idx":202,"utc":"2026-08-31 17:01:09","cst":"2026-09-01 01:01:09","lon":-174.31122,"lat":67.71941,"sog_kn":5.0,"cog":250.9,"heading":258.0,"status":"Under way using engine","seg_kn":1.78},"geometry":{"type":"Point","coordinates":[-174.31122,67.71941]}},{"type":"Feature","properties":{"kind":"hourly","idx":203,"utc":"2026-08-31 17:59:29","cst":"2026-09-01 01:59:29","lon":-174.54849,"lat":67.672595,"sog_kn":8.8,"cog":280.4,"heading":281.0,"status":"Under way using engine","seg_kn":6.27},"geometry":{"type":"Point","coordinates":[-174.54849,67.672595]}},{"type":"Feature","properties":{"kind":"hourly","idx":204,"utc":"2026-08-31 18:59:20","cst":"2026-09-01 02:59:20","lon":-174.987145,"lat":67.766808,"sog_kn":11.8,"cog":300.9,"heading":300.0,"status":"Under way using engine","seg_kn":11.51},"geometry":{"type":"Point","coordinates":[-174.987145,67.766808]}},{"type":"Feature","properties":{"kind":"hourly","idx":205,"utc":"2026-08-31 20:04:06","cst":"2026-09-01 04:04:06","lon":-175.465965,"lat":67.878737,"sog_kn":12.9,"cog":302.2,"heading":300.0,"status":"Under way using engine","seg_kn":11.82},"geometry":{"type":"Point","coordinates":[-175.465965,67.878737]}},{"type":"Feature","properties":{"kind":"hourly","idx":206,"utc":"2026-08-31 21:01:58","cst":"2026-09-01 05:01:58","lon":-175.943838,"lat":68.01224,"sog_kn":14.6,"cog":309.3,"heading":307.0,"status":"Under way using engine","seg_kn":13.92},"geometry":{"type":"Point","coordinates":[-175.943838,68.01224]}},{"type":"Feature","properties":{"kind":"hourly","idx":207,"utc":"2026-08-31 21:58:45","cst":"2026-09-01 05:58:45","lon":-176.430502,"lat":68.151383,"sog_kn":14.4,"cog":301.7,"heading":299.0,"status":"Under way using engine","seg_kn":14.52},"geometry":{"type":"Point","coordinates":[-176.430502,68.151383]}},{"type":"Feature","properties":{"kind":"hourly","idx":208,"utc":"2026-08-31 23:00:24","cst":"2026-09-01 07:00:24","lon":-176.977885,"lat":68.295055,"sog_kn":14.7,"cog":317.8,"heading":315.0,"status":"Under way using engine","seg_kn":14.54},"geometry":{"type":"Point","coordinates":[-176.977885,68.295055]}},{"type":"Feature","properties":{"kind":"hourly","idx":209,"utc":"2026-08-31 23:54:57","cst":"2026-09-01 07:54:57","lon":-177.404837,"lat":68.450708,"sog_kn":14.5,"cog":312.0,"heading":311.0,"status":"Under way using engine","seg_kn":14.62},"geometry":{"type":"Point","coordinates":[-177.404837,68.450708]}},{"type":"Feature","properties":{"kind":"hourly","idx":210,"utc":"2026-09-01 00:55:21","cst":"2026-09-01 08:55:21","lon":-177.895003,"lat":68.61764,"sog_kn":14.6,"cog":313.1,"heading":310.0,"status":"Under way using engine","seg_kn":14.61},"geometry":{"type":"Point","coordinates":[-177.895003,68.61764]}},{"type":"Feature","properties":{"kind":"hourly","idx":211,"utc":"2026-09-01 02:00:29","cst":"2026-09-01 10:00:29","lon":-178.430825,"lat":68.79939,"sog_kn":14.8,"cog":312.3,"heading":310.0,"status":"Under way using engine","seg_kn":14.73},"geometry":{"type":"Point","coordinates":[-178.430825,68.79939]}},{"type":"Feature","properties":{"kind":"hourly","idx":212,"utc":"2026-09-01 03:00:19","cst":"2026-09-01 11:00:19","lon":-178.953068,"lat":68.949525,"sog_kn":14.3,"cog":298.7,"heading":297.0,"status":"Under way using engine","seg_kn":14.5},"geometry":{"type":"Point","coordinates":[-178.953068,68.949525]}},{"type":"Feature","properties":{"kind":"hourly","idx":213,"utc":"2026-09-01 03:58:56","cst":"2026-09-01 11:58:56","lon":-179.530548,"lat":69.068608,"sog_kn":14.9,"cog":300.1,"heading":297.0,"status":"Under way using engine","seg_kn":14.67},"geometry":{"type":"Point","coordinates":[-179.530548,69.068608]}},{"type":"Feature","properties":{"kind":"hourly","idx":214,"utc":"2026-09-01 05:00:45","cst":"2026-09-01 13:00:45","lon":179.893773,"lat":69.218927,"sog_kn":14.8,"cog":309.2,"heading":306.0,"status":"Under way using engine","seg_kn":14.81},"geometry":{"type":"Point","coordinates":[179.893773,69.218927]}},{"type":"Feature","properties":{"kind":"hourly","idx":215,"utc":"2026-09-01 06:01:14","cst":"2026-09-01 14:01:14","lon":179.358443,"lat":69.376803,"sog_kn":14.6,"cog":310.0,"heading":307.0,"status":"Under way using engine","seg_kn":14.68},"geometry":{"type":"Point","coordinates":[179.358443,69.376803]}},{"type":"Feature","properties":{"kind":"hourly","idx":216,"utc":"2026-09-01 07:00:34","cst":"2026-09-01 15:00:34","lon":178.82619,"lat":69.531735,"sog_kn":14.8,"cog":307.5,"heading":303.0,"status":"Under way using engine","seg_kn":14.73},"geometry":{"type":"Point","coordinates":[178.82619,69.531735]}},{"type":"Feature","properties":{"kind":"hourly","idx":217,"utc":"2026-09-01 07:59:46","cst":"2026-09-01 15:59:46","lon":178.18382,"lat":69.63528,"sog_kn":15.2,"cog":294.4,"heading":292.0,"status":"Under way using engine","seg_kn":15.02},"geometry":{"type":"Point","coordinates":[178.18382,69.63528]}},{"type":"Feature","properties":{"kind":"hourly","idx":218,"utc":"2026-09-01 09:00:11","cst":"2026-09-01 17:00:11","lon":177.561818,"lat":69.770832,"sog_kn":15.3,"cog":304.4,"heading":301.0,"status":"Under way using engine","seg_kn":15.19},"geometry":{"type":"Point","coordinates":[177.561818,69.770832]}},{"type":"Feature","properties":{"kind":"hourly","idx":219,"utc":"2026-09-01 10:00:34","cst":"2026-09-01 18:00:34","lon":177.00116,"lat":69.934953,"sog_kn":15.1,"cog":310.3,"heading":305.0,"status":"Under way using engine","seg_kn":15.12},"geometry":{"type":"Point","coordinates":[177.00116,69.934953]}},{"type":"Feature","properties":{"kind":"hourly","idx":220,"utc":"2026-09-01 11:00:19","cst":"2026-09-01 19:00:19","lon":176.40547,"lat":70.075125,"sog_kn":14.1,"cog":298.1,"heading":295.0,"status":"Under way using engine","seg_kn":14.91},"geometry":{"type":"Point","coordinates":[176.40547,70.075125]}},{"type":"Feature","properties":{"kind":"hourly","idx":221,"utc":"2026-09-01 12:01:10","cst":"2026-09-01 20:01:10","lon":175.681902,"lat":70.125382,"sog_kn":15.3,"cog":276.9,"heading":274.0,"status":"Under way using engine","seg_kn":14.88},"geometry":{"type":"Point","coordinates":[175.681902,70.125382]}},{"type":"Feature","properties":{"kind":"hourly","idx":222,"utc":"2026-09-01 12:57:53","cst":"2026-09-01 20:57:53","lon":174.980793,"lat":70.159538,"sog_kn":15.4,"cog":278.1,"heading":275.0,"status":"Under way using engine","seg_kn":15.28},"geometry":{"type":"Point","coordinates":[174.980793,70.159538]}},{"type":"Feature","properties":{"kind":"hourly","idx":223,"utc":"2026-09-01 13:58:58","cst":"2026-09-01 21:58:58","lon":174.221178,"lat":70.189188,"sog_kn":15.6,"cog":276.8,"heading":274.0,"status":"Under way using engine","seg_kn":15.29},"geometry":{"type":"Point","coordinates":[174.221178,70.189188]}},{"type":"Feature","properties":{"kind":"hourly","idx":224,"utc":"2026-09-01 14:59:28","cst":"2026-09-01 22:59:28","lon":173.47379,"lat":70.223063,"sog_kn":15.4,"cog":276.8,"heading":272.0,"status":"Under way using engine","seg_kn":15.2},"geometry":{"type":"Point","coordinates":[173.47379,70.223063]}},{"type":"Feature","properties":{"kind":"hourly","idx":225,"utc":"2026-09-01 15:59:17","cst":"2026-09-01 23:59:17","lon":172.728,"lat":70.254867,"sog_kn":15.5,"cog":277.8,"heading":275.0,"status":"Under way using engine","seg_kn":15.31},"geometry":{"type":"Point","coordinates":[172.728,70.254867]}},{"type":"Feature","properties":{"kind":"hourly","idx":226,"utc":"2026-09-01 16:58:28","cst":"2026-09-02 00:58:28","lon":171.972722,"lat":70.28798,"sog_kn":15.7,"cog":277.3,"heading":273.0,"status":"Under way using engine","seg_kn":15.65},"geometry":{"type":"Point","coordinates":[171.972722,70.28798]}},{"type":"Feature","properties":{"kind":"hourly","idx":227,"utc":"2026-09-01 18:00:18","cst":"2026-09-02 02:00:18","lon":171.176973,"lat":70.322407,"sog_kn":15.8,"cog":276.8,"heading":275.0,"status":"Under way using engine","seg_kn":15.75},"geometry":{"type":"Point","coordinates":[171.176973,70.322407]}},{"type":"Feature","properties":{"kind":"hourly","idx":228,"utc":"2026-09-01 19:05:51","cst":"2026-09-02 03:05:51","lon":170.317733,"lat":70.343273,"sog_kn":16.0,"cog":266.8,"heading":264.0,"status":"Under way using engine","seg_kn":15.93},"geometry":{"type":"Point","coordinates":[170.317733,70.343273]}},{"type":"Feature","properties":{"kind":"hourly","idx":229,"utc":"2026-09-01 19:56:14","cst":"2026-09-02 03:56:14","lon":169.652082,"lat":70.327752,"sog_kn":16.0,"cog":266.4,"heading":263.0,"status":"Under way using engine","seg_kn":16.05},"geometry":{"type":"Point","coordinates":[169.652082,70.327752]}},{"type":"Feature","properties":{"kind":"hourly","idx":230,"utc":"2026-09-01 20:57:09","cst":"2026-09-02 04:57:09","lon":168.85249,"lat":70.311327,"sog_kn":16.2,"cog":266.3,"heading":263.0,"status":"Under way using engine","seg_kn":15.95},"geometry":{"type":"Point","coordinates":[168.85249,70.311327]}},{"type":"Feature","properties":{"kind":"hourly","idx":231,"utc":"2026-09-01 22:00:27","cst":"2026-09-02 06:00:27","lon":168.093107,"lat":70.385455,"sog_kn":16.2,"cog":313.9,"heading":311.0,"status":"Under way using engine","seg_kn":15.13},"geometry":{"type":"Point","coordinates":[168.093107,70.385455]}},{"type":"Feature","properties":{"kind":"hourly","idx":232,"utc":"2026-09-01 22:55:21","cst":"2026-09-02 06:55:21","lon":167.480363,"lat":70.518298,"sog_kn":16.3,"cog":297.3,"heading":295.0,"status":"Under way using engine","seg_kn":16.03},"geometry":{"type":"Point","coordinates":[167.480363,70.518298]}},{"type":"Feature","properties":{"kind":"hourly","idx":233,"utc":"2026-09-01 23:58:58","cst":"2026-09-02 07:58:58","lon":166.724608,"lat":70.648647,"sog_kn":16.1,"cog":297.9,"heading":295.0,"status":"Under way using engine","seg_kn":16.03},"geometry":{"type":"Point","coordinates":[166.724608,70.648647]}},{"type":"Feature","properties":{"kind":"hourly","idx":234,"utc":"2026-09-02 00:57:03","cst":"2026-09-02 08:57:03","lon":166.008212,"lat":70.762847,"sog_kn":15.9,"cog":292.4,"heading":290.0,"status":"Under way using engine","seg_kn":16.3},"geometry":{"type":"Point","coordinates":[166.008212,70.762847]}},{"type":"Feature","properties":{"kind":"hourly","idx":235,"utc":"2026-09-02 02:00:29","cst":"2026-09-02 10:00:29","lon":165.194223,"lat":70.87433,"sog_kn":16.8,"cog":291.5,"heading":289.0,"status":"Under way using engine","seg_kn":16.45},"geometry":{"type":"Point","coordinates":[165.194223,70.87433]}},{"type":"Feature","properties":{"kind":"hourly","idx":236,"utc":"2026-09-02 02:58:34","cst":"2026-09-02 10:58:34","lon":164.563445,"lat":71.02584,"sog_kn":17.8,"cog":339.7,"heading":336.0,"status":"Under way using engine","seg_kn":15.85},"geometry":{"type":"Point","coordinates":[164.563445,71.02584]}},{"type":"Feature","properties":{"kind":"hourly","idx":237,"utc":"2026-09-02 04:01:35","cst":"2026-09-02 12:01:35","lon":164.279095,"lat":71.317928,"sog_kn":17.8,"cog":347.9,"heading":344.0,"status":"Under way using engine","seg_kn":17.5},"geometry":{"type":"Point","coordinates":[164.279095,71.317928]}},{"type":"Feature","properties":{"kind":"hourly","idx":238,"utc":"2026-09-02 04:58:36","cst":"2026-09-02 12:58:36","lon":164.232662,"lat":71.591835,"sog_kn":17.2,"cog":357.6,"heading":355.0,"status":"Under way using engine","seg_kn":17.33},"geometry":{"type":"Point","coordinates":[164.232662,71.591835]}},{"type":"Feature","properties":{"kind":"hourly","idx":239,"utc":"2026-09-02 06:18:44","cst":"2026-09-02 14:18:44","lon":163.431502,"lat":71.828147,"sog_kn":16.7,"cog":300.2,"heading":298.0,"status":"Under way using engine","seg_kn":15.51},"geometry":{"type":"Point","coordinates":[163.431502,71.828147]}},{"type":"Feature","properties":{"kind":"hourly","idx":240,"utc":"2026-09-02 06:59:39","cst":"2026-09-02 14:59:39","lon":162.913585,"lat":71.926647,"sog_kn":17.0,"cog":300.6,"heading":297.0,"status":"Under way using engine","seg_kn":16.62},"geometry":{"type":"Point","coordinates":[162.913585,71.926647]}},{"type":"Feature","properties":{"kind":"hourly","idx":241,"utc":"2026-09-02 07:59:52","cst":"2026-09-02 15:59:52","lon":162.118618,"lat":72.074733,"sog_kn":17.1,"cog":300.0,"heading":297.0,"status":"Under way using engine","seg_kn":17.16},"geometry":{"type":"Point","coordinates":[162.118618,72.074733]}},{"type":"Feature","properties":{"kind":"hourly","idx":242,"utc":"2026-09-02 08:53:16","cst":"2026-09-02 16:53:16","lon":161.511587,"lat":72.234343,"sog_kn":16.7,"cog":332.8,"heading":330.0,"status":"Under way using engine","seg_kn":16.54},"geometry":{"type":"Point","coordinates":[161.511587,72.234343]}},{"type":"Feature","properties":{"kind":"hourly","idx":243,"utc":"2026-09-02 10:02:40","cst":"2026-09-02 18:02:40","lon":161.025765,"lat":72.522865,"sog_kn":16.6,"cog":332.6,"heading":329.0,"status":"Under way using engine","seg_kn":16.81},"geometry":{"type":"Point","coordinates":[161.025765,72.522865]}},{"type":"Feature","properties":{"kind":"hourly","idx":244,"utc":"2026-09-02 10:54:34","cst":"2026-09-02 18:54:34","lon":160.675287,"lat":72.735818,"sog_kn":16.5,"cog":333.1,"heading":329.0,"status":"Under way using engine","seg_kn":16.47},"geometry":{"type":"Point","coordinates":[160.675287,72.735818]}},{"type":"Feature","properties":{"kind":"hourly","idx":245,"utc":"2026-09-02 11:54:41","cst":"2026-09-02 19:54:41","lon":160.25128,"lat":72.980007,"sog_kn":16.3,"cog":330.6,"heading":326.0,"status":"Under way using engine","seg_kn":16.44},"geometry":{"type":"Point","coordinates":[160.25128,72.980007]}},{"type":"Feature","properties":{"kind":"hourly","idx":246,"utc":"2026-09-02 13:00:26","cst":"2026-09-02 21:00:26","lon":159.780308,"lat":73.24356,"sog_kn":16.2,"cog":332.8,"heading":329.0,"status":"Under way using engine","seg_kn":16.27},"geometry":{"type":"Point","coordinates":[159.780308,73.24356]}},{"type":"Feature","properties":{"kind":"hourly","idx":247,"utc":"2026-09-02 14:02:57","cst":"2026-09-02 22:02:57","lon":159.336187,"lat":73.494712,"sog_kn":16.2,"cog":333.0,"heading":328.0,"status":"Under way using engine","seg_kn":16.22},"geometry":{"type":"Point","coordinates":[159.336187,73.494712]}},{"type":"Feature","properties":{"kind":"hourly","idx":248,"utc":"2026-09-02 14:58:45","cst":"2026-09-02 22:58:45","lon":158.924118,"lat":73.718737,"sog_kn":16.3,"cog":333.2,"heading":329.0,"status":"Under way using engine","seg_kn":16.3},"geometry":{"type":"Point","coordinates":[158.924118,73.718737]}},{"type":"Feature","properties":{"kind":"hourly","idx":249,"utc":"2026-09-02 16:00:35","cst":"2026-09-03 00:00:35","lon":158.467245,"lat":73.966163,"sog_kn":16.4,"cog":333.8,"heading":331.0,"status":"Under way using engine","seg_kn":16.21},"geometry":{"type":"Point","coordinates":[158.467245,73.966163]}},{"type":"Feature","properties":{"kind":"hourly","idx":250,"utc":"2026-09-02 17:00:34","cst":"2026-09-03 01:00:34","lon":158.017143,"lat":74.209135,"sog_kn":16.7,"cog":333.7,"heading":329.0,"status":"Under way using engine","seg_kn":16.37},"geometry":{"type":"Point","coordinates":[158.017143,74.209135]}},{"type":"Feature","properties":{"kind":"hourly","idx":251,"utc":"2026-09-02 17:54:26","cst":"2026-09-03 01:54:26","lon":157.600383,"lat":74.431562,"sog_kn":16.9,"cog":332.5,"heading":328.0,"status":"Under way using engine","seg_kn":16.67},"geometry":{"type":"Point","coordinates":[157.600383,74.431562]}},{"type":"Feature","properties":{"kind":"hourly","idx":252,"utc":"2026-09-02 18:56:22","cst":"2026-09-03 02:56:22","lon":157.119095,"lat":74.681832,"sog_kn":16.2,"cog":332.7,"heading":328.0,"status":"Under way using engine","seg_kn":16.35},"geometry":{"type":"Point","coordinates":[157.119095,74.681832]}},{"type":"Feature","properties":{"kind":"hourly","idx":253,"utc":"2026-09-02 20:04:02","cst":"2026-09-03 04:04:02","lon":156.590452,"lat":74.953407,"sog_kn":16.3,"cog":332.4,"heading":327.0,"status":"Under way using engine","seg_kn":16.23},"geometry":{"type":"Point","coordinates":[156.590452,74.953407]}},{"type":"Feature","properties":{"kind":"hourly","idx":254,"utc":"2026-09-02 21:01:09","cst":"2026-09-03 05:01:09","lon":155.912095,"lat":75.137892,"sog_kn":16.2,"cog":311.9,"heading":307.0,"status":"Under way using engine","seg_kn":16.04},"geometry":{"type":"Point","coordinates":[155.912095,75.137892]}},{"type":"Feature","properties":{"kind":"hourly","idx":255,"utc":"2026-09-02 21:57:33","cst":"2026-09-03 05:57:33","lon":155.143972,"lat":75.317415,"sog_kn":17.1,"cog":312.7,"heading":308.0,"status":"Under way using engine","seg_kn":16.97},"geometry":{"type":"Point","coordinates":[155.143972,75.317415]}},{"type":"Feature","properties":{"kind":"hourly","idx":256,"utc":"2026-09-02 23:01:28","cst":"2026-09-03 07:01:28","lon":154.282137,"lat":75.528882,"sog_kn":17.1,"cog":314.1,"heading":310.0,"status":"Under way using engine","seg_kn":17.07},"geometry":{"type":"Point","coordinates":[154.282137,75.528882]}},{"type":"Feature","properties":{"kind":"hourly","idx":257,"utc":"2026-09-02 23:46:16","cst":"2026-09-03 07:46:16","lon":153.648935,"lat":75.671892,"sog_kn":17.0,"cog":306.1,"heading":302.0,"status":"Under way using engine","seg_kn":17.1},"geometry":{"type":"Point","coordinates":[153.648935,75.671892]}},{"type":"Feature","properties":{"kind":"hourly","idx":258,"utc":"2026-09-03 01:00:29","cst":"2026-09-03 09:00:29","lon":152.565163,"lat":75.899845,"sog_kn":16.6,"cog":296.2,"heading":290.0,"status":"Under way using engine","seg_kn":17.01},"geometry":{"type":"Point","coordinates":[152.565163,75.899845]}},{"type":"Feature","properties":{"kind":"hourly","idx":259,"utc":"2026-09-03 02:00:12","cst":"2026-09-03 10:00:12","lon":151.460247,"lat":75.980843,"sog_kn":17.0,"cog":286.0,"heading":281.0,"status":"Under way using engine","seg_kn":16.91},"geometry":{"type":"Point","coordinates":[151.460247,75.980843]}},{"type":"Feature","properties":{"kind":"hourly","idx":260,"utc":"2026-09-03 02:57:17","cst":"2026-09-03 10:57:17","lon":150.381472,"lat":76.058562,"sog_kn":17.4,"cog":292.3,"heading":286.0,"status":"Under way using engine","seg_kn":17.16},"geometry":{"type":"Point","coordinates":[150.381472,76.058562]}},{"type":"Feature","properties":{"kind":"hourly","idx":261,"utc":"2026-09-03 04:04:45","cst":"2026-09-03 12:04:45","lon":149.088543,"lat":76.145548,"sog_kn":17.6,"cog":285.8,"heading":280.0,"status":"Under way using engine","seg_kn":17.22},"geometry":{"type":"Point","coordinates":[149.088543,76.145548]}},{"type":"Feature","properties":{"kind":"hourly","idx":262,"utc":"2026-09-03 04:58:09","cst":"2026-09-03 12:58:09","lon":148.041113,"lat":76.217683,"sog_kn":17.6,"cog":286.1,"heading":280.0,"status":"Under way using engine","seg_kn":17.56},"geometry":{"type":"Point","coordinates":[148.041113,76.217683]}},{"type":"Feature","properties":{"kind":"hourly","idx":263,"utc":"2026-09-03 06:01:41","cst":"2026-09-03 14:01:41","lon":146.80088,"lat":76.306797,"sog_kn":17.2,"cog":291.0,"heading":286.0,"status":"Under way using engine","seg_kn":17.45},"geometry":{"type":"Point","coordinates":[146.80088,76.306797]}},{"type":"Feature","properties":{"kind":"hourly","idx":264,"utc":"2026-09-03 07:09:26","cst":"2026-09-03 15:09:26","lon":145.531498,"lat":76.415187,"sog_kn":16.6,"cog":286.8,"heading":280.0,"status":"Under way using engine","seg_kn":16.93},"geometry":{"type":"Point","coordinates":[145.531498,76.415187]}},{"type":"Feature","properties":{"kind":"hourly","idx":265,"utc":"2026-09-03 08:00:18","cst":"2026-09-03 16:00:18","lon":144.552037,"lat":76.461823,"sog_kn":16.8,"cog":284.2,"heading":278.0,"status":"Under way using engine","seg_kn":16.6},"geometry":{"type":"Point","coordinates":[144.552037,76.461823]}},{"type":"Feature","properties":{"kind":"hourly","idx":266,"utc":"2026-09-03 09:01:45","cst":"2026-09-03 17:01:45","lon":143.37449,"lat":76.537728,"sog_kn":16.6,"cog":286.6,"heading":281.0,"status":"Under way using engine","seg_kn":16.72},"geometry":{"type":"Point","coordinates":[143.37449,76.537728]}},{"type":"Feature","properties":{"kind":"hourly","idx":267,"utc":"2026-09-03 10:01:27","cst":"2026-09-03 18:01:27","lon":142.189723,"lat":76.617778,"sog_kn":17.7,"cog":286.8,"heading":281.0,"status":"Under way using engine","seg_kn":17.28},"geometry":{"type":"Point","coordinates":[142.189723,76.617778]}},{"type":"Feature","properties":{"kind":"hourly","idx":268,"utc":"2026-09-03 10:55:33","cst":"2026-09-03 18:55:33","lon":141.079655,"lat":76.692572,"sog_kn":18.1,"cog":286.9,"heading":281.0,"status":"Under way using engine","seg_kn":17.77},"geometry":{"type":"Point","coordinates":[141.079655,76.692572]}},{"type":"Feature","properties":{"kind":"hourly","idx":269,"utc":"2026-09-03 12:05:51","cst":"2026-09-03 20:05:51","lon":139.765633,"lat":76.602092,"sog_kn":17.0,"cog":271.5,"heading":264.0,"status":"Under way using engine","seg_kn":16.23},"geometry":{"type":"Point","coordinates":[139.765633,76.602092]}},{"type":"Feature","properties":{"kind":"hourly","idx":270,"utc":"2026-09-03 12:57:55","cst":"2026-09-03 20:57:55","lon":138.828188,"lat":76.675562,"sog_kn":16.0,"cog":269.7,"heading":262.0,"status":"Under way using engine","seg_kn":15.83},"geometry":{"type":"Point","coordinates":[138.828188,76.675562]}},{"type":"Feature","properties":{"kind":"hourly","idx":271,"utc":"2026-09-03 13:59:56","cst":"2026-09-03 21:59:56","lon":137.677853,"lat":76.590862,"sog_kn":15.8,"cog":251.5,"heading":246.0,"status":"Under way using engine","seg_kn":16.21},"geometry":{"type":"Point","coordinates":[137.677853,76.590862]}},{"type":"Feature","properties":{"kind":"hourly","idx":272,"utc":"2026-09-03 15:10:12","cst":"2026-09-03 23:10:12","lon":136.438033,"lat":76.490462,"sog_kn":15.3,"cog":250.3,"heading":245.0,"status":"Under way using engine","seg_kn":15.66},"geometry":{"type":"Point","coordinates":[136.438033,76.490462]}},{"type":"Feature","properties":{"kind":"hourly","idx":273,"utc":"2026-09-03 15:56:15","cst":"2026-09-03 23:56:15","lon":135.646215,"lat":76.422943,"sog_kn":15.4,"cog":249.2,"heading":245.0,"status":"Under way using engine","seg_kn":15.44},"geometry":{"type":"Point","coordinates":[135.646215,76.422943]}},{"type":"Feature","properties":{"kind":"hourly","idx":274,"utc":"2026-09-03 17:09:02","cst":"2026-09-04 01:09:02","lon":134.40025,"lat":76.317958,"sog_kn":15.8,"cog":248.9,"heading":246.0,"status":"Under way using engine","seg_kn":15.43},"geometry":{"type":"Point","coordinates":[134.40025,76.317958]}},{"type":"Feature","properties":{"kind":"hourly","idx":275,"utc":"2026-09-03 18:02:11","cst":"2026-09-04 02:02:11","lon":133.475277,"lat":76.239963,"sog_kn":16.0,"cog":249.9,"heading":246.0,"status":"Under way using engine","seg_kn":15.78},"geometry":{"type":"Point","coordinates":[133.475277,76.239963]}},{"type":"Feature","properties":{"kind":"hourly","idx":276,"utc":"2026-09-03 19:00:42","cst":"2026-09-04 03:00:42","lon":132.447603,"lat":76.153095,"sog_kn":16.2,"cog":250.1,"heading":246.0,"status":"Under way using engine","seg_kn":16.01},"geometry":{"type":"Point","coordinates":[132.447603,76.153095]}},{"type":"Feature","properties":{"kind":"hourly","idx":277,"utc":"2026-09-03 20:02:50","cst":"2026-09-04 04:02:50","lon":131.39862,"lat":76.034767,"sog_kn":16.3,"cog":247.3,"heading":242.0,"status":"Under way using engine","seg_kn":16.15},"geometry":{"type":"Point","coordinates":[131.39862,76.034767]}},{"type":"Feature","properties":{"kind":"hourly","idx":278,"utc":"2026-09-03 21:03:33","cst":"2026-09-04 05:03:33","lon":130.391465,"lat":75.920242,"sog_kn":15.9,"cog":242.9,"heading":236.0,"status":"Under way using engine","seg_kn":15.99},"geometry":{"type":"Point","coordinates":[130.391465,75.920242]}},{"type":"Feature","properties":{"kind":"hourly","idx":279,"utc":"2026-09-03 22:01:39","cst":"2026-09-04 06:01:39","lon":129.416327,"lat":75.814485,"sog_kn":16.2,"cog":259.2,"heading":254.0,"status":"Under way using engine","seg_kn":16.15},"geometry":{"type":"Point","coordinates":[129.416327,75.814485]}},{"type":"Feature","properties":{"kind":"hourly","idx":280,"utc":"2026-09-03 22:50:48","cst":"2026-09-04 06:50:48","lon":128.509467,"lat":75.775565,"sog_kn":16.5,"cog":260.5,"heading":253.0,"status":"Under way using engine","seg_kn":16.56},"geometry":{"type":"Point","coordinates":[128.509467,75.775565]}},{"type":"Feature","properties":{"kind":"hourly","idx":281,"utc":"2026-09-04 00:00:25","cst":"2026-09-04 08:00:25","lon":127.236797,"lat":75.719942,"sog_kn":16.5,"cog":260.0,"heading":253.0,"status":"Under way using engine","seg_kn":16.47},"geometry":{"type":"Point","coordinates":[127.236797,75.719942]}},{"type":"Feature","properties":{"kind":"hourly","idx":282,"utc":"2026-09-04 00:59:43","cst":"2026-09-04 08:59:43","lon":126.16804,"lat":75.672153,"sog_kn":16.2,"cog":259.2,"heading":253.0,"status":"Under way using engine","seg_kn":16.3},"geometry":{"type":"Point","coordinates":[126.16804,75.672153]}},{"type":"Feature","properties":{"kind":"hourly","idx":283,"utc":"2026-09-04 02:01:32","cst":"2026-09-04 10:01:32","lon":125.071053,"lat":75.622875,"sog_kn":16.2,"cog":261.2,"heading":255.0,"status":"Under way using engine","seg_kn":16.1},"geometry":{"type":"Point","coordinates":[125.071053,75.622875]}},{"type":"Feature","properties":{"kind":"hourly","idx":284,"utc":"2026-09-04 02:57:10","cst":"2026-09-04 10:57:10","lon":124.079517,"lat":75.58103,"sog_kn":16.2,"cog":259.7,"heading":254.0,"status":"Under way using engine","seg_kn":16.19},"geometry":{"type":"Point","coordinates":[124.079517,75.58103]}},{"type":"Feature","properties":{"kind":"hourly","idx":285,"utc":"2026-09-04 04:00:40","cst":"2026-09-04 12:00:40","lon":122.94618,"lat":75.602483,"sog_kn":16.2,"cog":279.2,"heading":272.0,"status":"Under way using engine","seg_kn":16.04},"geometry":{"type":"Point","coordinates":[122.94618,75.602483]}},{"type":"Feature","properties":{"kind":"hourly","idx":286,"utc":"2026-09-04 05:02:21","cst":"2026-09-04 13:02:21","lon":121.82927,"lat":75.646485,"sog_kn":16.5,"cog":278.6,"heading":274.0,"status":"Under way using engine","seg_kn":16.4},"geometry":{"type":"Point","coordinates":[121.82927,75.646485]}},{"type":"Feature","properties":{"kind":"hourly","idx":287,"utc":"2026-09-04 05:58:26","cst":"2026-09-04 13:58:26","lon":120.819342,"lat":75.694907,"sog_kn":16.3,"cog":280.8,"heading":274.0,"status":"Under way using engine","seg_kn":16.35},"geometry":{"type":"Point","coordinates":[120.819342,75.694907]}},{"type":"Feature","properties":{"kind":"hourly","idx":288,"utc":"2026-09-04 08:17:20","cst":"2026-09-04 16:17:20","lon":119.072613,"lat":76.068123,"sog_kn":16.3,"cog":324.8,"heading":320.0,"status":"Under way using engine","seg_kn":14.69},"geometry":{"type":"Point","coordinates":[119.072613,76.068123]}},{"type":"Feature","properties":{"kind":"hourly","idx":289,"utc":"2026-09-04 08:49:21","cst":"2026-09-04 16:49:21","lon":118.796837,"lat":76.193852,"sog_kn":16.0,"cog":338.4,"heading":330.0,"status":"Under way using engine","seg_kn":15.98},"geometry":{"type":"Point","coordinates":[118.796837,76.193852]}},{"type":"Feature","properties":{"kind":"hourly","idx":290,"utc":"2026-09-04 09:53:56","cst":"2026-09-04 17:53:56","lon":118.271617,"lat":76.456698,"sog_kn":16.4,"cog":342.9,"heading":337.0,"status":"Under way using engine","seg_kn":16.21},"geometry":{"type":"Point","coordinates":[118.271617,76.456698]}},{"type":"Feature","properties":{"kind":"hourly","idx":291,"utc":"2026-09-04 10:59:08","cst":"2026-09-04 18:59:08","lon":117.801697,"lat":76.72923,"sog_kn":16.6,"cog":348.2,"heading":340.0,"status":"Under way using engine","seg_kn":16.22},"geometry":{"type":"Point","coordinates":[117.801697,76.72923]}},{"type":"Feature","properties":{"kind":"hourly","idx":292,"utc":"2026-09-04 12:02:50","cst":"2026-09-04 20:02:50","lon":117.44397,"lat":77.008685,"sog_kn":16.5,"cog":358.4,"heading":350.0,"status":"Under way using engine","seg_kn":16.46},"geometry":{"type":"Point","coordinates":[117.44397,77.008685]}},{"type":"Feature","properties":{"kind":"hourly","idx":293,"utc":"2026-09-04 13:00:46","cst":"2026-09-04 21:00:46","lon":117.218053,"lat":77.263033,"sog_kn":15.8,"cog":332.2,"heading":322.0,"status":"Under way using engine","seg_kn":16.12},"geometry":{"type":"Point","coordinates":[117.218053,77.263033]}},{"type":"Feature","properties":{"kind":"hourly","idx":294,"utc":"2026-09-04 14:12:31","cst":"2026-09-04 22:12:31","lon":116.536498,"lat":77.533177,"sog_kn":15.2,"cog":335.6,"heading":326.0,"status":"Under way using engine","seg_kn":15.48},"geometry":{"type":"Point","coordinates":[116.536498,77.533177]}},{"type":"Feature","properties":{"kind":"hourly","idx":295,"utc":"2026-09-04 15:03:58","cst":"2026-09-04 23:03:58","lon":116.041015,"lat":77.718787,"sog_kn":14.7,"cog":328.5,"heading":320.0,"status":"Under way using engine","seg_kn":14.97},"geometry":{"type":"Point","coordinates":[116.041015,77.718787]}},{"type":"Feature","properties":{"kind":"hourly","idx":296,"utc":"2026-09-04 15:49:53","cst":"2026-09-04 23:49:53","lon":115.678667,"lat":77.884657,"sog_kn":14.9,"cog":333.2,"heading":325.0,"status":"Under way using engine","seg_kn":14.33},"geometry":{"type":"Point","coordinates":[115.678667,77.884657]}},{"type":"Feature","properties":{"kind":"hourly","idx":297,"utc":"2026-09-04 17:04:51","cst":"2026-09-05 01:04:51","lon":114.958722,"lat":78.159677,"sog_kn":15.5,"cog":328.9,"heading":322.0,"status":"Under way using engine","seg_kn":15.04},"geometry":{"type":"Point","coordinates":[114.958722,78.159677]}},{"type":"Feature","properties":{"kind":"hourly","idx":298,"utc":"2026-09-04 18:04:26","cst":"2026-09-05 02:04:26","lon":113.93462,"lat":78.28953,"sog_kn":15.9,"cog":285.6,"heading":283.0,"status":"Under way using engine","seg_kn":14.88},"geometry":{"type":"Point","coordinates":[113.93462,78.28953]}},{"type":"Feature","properties":{"kind":"hourly","idx":299,"utc":"2026-09-04 18:34:53","cst":"2026-09-05 02:34:53","lon":113.297643,"lat":78.330637,"sog_kn":16.0,"cog":288.9,"heading":284.0,"status":"Under way using engine","seg_kn":16.02},"geometry":{"type":"Point","coordinates":[113.297643,78.330637]}},{"type":"Feature","properties":{"kind":"hourly","idx":300,"utc":"2026-09-04 19:57:16","cst":"2026-09-05 03:57:16","lon":111.475492,"lat":78.377937,"sog_kn":16.2,"cog":275.0,"heading":272.0,"status":"Under way using engine","seg_kn":16.22},"geometry":{"type":"Point","coordinates":[111.475492,78.377937]}},{"type":"Feature","properties":{"kind":"hourly","idx":301,"utc":"2026-09-04 20:59:39","cst":"2026-09-05 04:59:39","lon":110.119005,"lat":78.41718,"sog_kn":16.0,"cog":274.6,"heading":271.0,"status":"Under way using engine","seg_kn":15.92},"geometry":{"type":"Point","coordinates":[110.119005,78.41718]}},{"type":"Feature","properties":{"kind":"hourly","idx":302,"utc":"2026-09-04 22:08:44","cst":"2026-09-05 06:08:44","lon":108.639043,"lat":78.44849,"sog_kn":15.8,"cog":276.7,"heading":273.0,"status":"Under way using engine","seg_kn":15.56},"geometry":{"type":"Point","coordinates":[108.639043,78.44849]}},{"type":"Feature","properties":{"kind":"hourly","idx":303,"utc":"2026-09-04 22:55:15","cst":"2026-09-05 06:55:15","lon":107.632058,"lat":78.470953,"sog_kn":15.6,"cog":274.9,"heading":271.0,"status":"Under way using engine","seg_kn":15.7},"geometry":{"type":"Point","coordinates":[107.632058,78.470953]}},{"type":"Feature","properties":{"kind":"hourly","idx":304,"utc":"2026-09-04 23:56:10","cst":"2026-09-05 07:56:10","lon":106.344837,"lat":78.438707,"sog_kn":15.9,"cog":240.5,"heading":235.0,"status":"Under way using engine","seg_kn":15.35},"geometry":{"type":"Point","coordinates":[106.344837,78.438707]}},{"type":"Feature","properties":{"kind":"hourly","idx":305,"utc":"2026-09-05 00:58:45","cst":"2026-09-05 08:58:45","lon":105.323423,"lat":78.257228,"sog_kn":16.0,"cog":235.8,"heading":230.0,"status":"Under way using engine","seg_kn":15.82},"geometry":{"type":"Point","coordinates":[105.323423,78.257228]}},{"type":"Feature","properties":{"kind":"hourly","idx":306,"utc":"2026-09-05 02:01:28","cst":"2026-09-05 10:01:28","lon":104.131047,"lat":78.147378,"sog_kn":16.4,"cog":205.3,"heading":200.0,"status":"Under way using engine","seg_kn":15.36},"geometry":{"type":"Point","coordinates":[104.131047,78.147378]}},{"type":"Feature","properties":{"kind":"hourly","idx":307,"utc":"2026-09-05 02:59:58","cst":"2026-09-05 10:59:58","lon":103.334808,"lat":77.984528,"sog_kn":16.1,"cog":259.5,"heading":255.0,"status":"Under way using engine","seg_kn":14.26},"geometry":{"type":"Point","coordinates":[103.334808,77.984528]}},{"type":"Feature","properties":{"kind":"hourly","idx":308,"utc":"2026-09-05 03:53:02","cst":"2026-09-05 11:53:02","lon":102.235987,"lat":77.924422,"sog_kn":16.0,"cog":250.4,"heading":245.0,"status":"Under way using engine","seg_kn":16.09},"geometry":{"type":"Point","coordinates":[102.235987,77.924422]}},{"type":"Feature","properties":{"kind":"hourly","idx":309,"utc":"2026-09-05 05:11:24","cst":"2026-09-05 13:11:24","lon":100.755492,"lat":77.776137,"sog_kn":15.8,"cog":245.7,"heading":240.0,"status":"Under way using engine","seg_kn":15.86},"geometry":{"type":"Point","coordinates":[100.755492,77.776137]}},{"type":"Feature","properties":{"kind":"hourly","idx":310,"utc":"2026-09-05 05:52:17","cst":"2026-09-05 13:52:17","lon":99.992207,"lat":77.701352,"sog_kn":15.8,"cog":273.3,"heading":267.0,"status":"Under way using engine","seg_kn":15.73},"geometry":{"type":"Point","coordinates":[99.992207,77.701352]}},{"type":"Feature","properties":{"kind":"hourly","idx":311,"utc":"2026-09-05 06:50:16","cst":"2026-09-05 14:50:16","lon":98.792183,"lat":77.70325,"sog_kn":15.7,"cog":269.6,"heading":265.0,"status":"Under way using engine","seg_kn":15.88},"geometry":{"type":"Point","coordinates":[98.792183,77.70325]}},{"type":"Feature","properties":{"kind":"hourly","idx":312,"utc":"2026-09-05 07:59:43","cst":"2026-09-05 15:59:43","lon":97.361872,"lat":77.703793,"sog_kn":15.9,"cog":269.4,"heading":263.0,"status":"Under way using engine","seg_kn":15.8},"geometry":{"type":"Point","coordinates":[97.361872,77.703793]}},{"type":"Feature","properties":{"kind":"hourly","idx":313,"utc":"2026-09-05 09:01:32","cst":"2026-09-05 17:01:32","lon":96.093712,"lat":77.764083,"sog_kn":16.1,"cog":282.9,"heading":276.0,"status":"Under way using engine","seg_kn":16.09},"geometry":{"type":"Point","coordinates":[96.093712,77.764083]}},{"type":"Feature","properties":{"kind":"hourly","idx":314,"utc":"2026-09-05 09:57:16","cst":"2026-09-05 17:57:16","lon":94.962447,"lat":77.823415,"sog_kn":16.2,"cog":282.4,"heading":277.0,"status":"Under way using engine","seg_kn":15.93},"geometry":{"type":"Point","coordinates":[94.962447,77.823415]}},{"type":"Feature","properties":{"kind":"hourly","idx":315,"utc":"2026-09-05 10:56:23","cst":"2026-09-05 18:56:23","lon":93.719147,"lat":77.8835,"sog_kn":16.6,"cog":282.8,"heading":278.0,"status":"Under way using engine","seg_kn":16.36},"geometry":{"type":"Point","coordinates":[93.719147,77.8835]}},{"type":"Feature","properties":{"kind":"hourly","idx":316,"utc":"2026-09-05 12:06:34","cst":"2026-09-05 20:06:34","lon":92.242508,"lat":77.957363,"sog_kn":15.7,"cog":270.5,"heading":263.0,"status":"Under way using engine","seg_kn":16.31},"geometry":{"type":"Point","coordinates":[92.242508,77.957363]}},{"type":"Feature","properties":{"kind":"hourly","idx":317,"utc":"2026-09-05 13:01:48","cst":"2026-09-05 21:01:48","lon":91.059842,"lat":77.935847,"sog_kn":16.3,"cog":264.2,"heading":258.0,"status":"Under way using engine","seg_kn":16.17},"geometry":{"type":"Point","coordinates":[91.059842,77.935847]}},{"type":"Feature","properties":{"kind":"hourly","idx":318,"utc":"2026-09-05 14:04:40","cst":"2026-09-05 22:04:40","lon":89.708447,"lat":77.911627,"sog_kn":16.3,"cog":263.8,"heading":257.0,"status":"Under way using engine","seg_kn":16.26},"geometry":{"type":"Point","coordinates":[89.708447,77.911627]}},{"type":"Feature","properties":{"kind":"hourly","idx":319,"utc":"2026-09-05 14:57:53","cst":"2026-09-05 22:57:53","lon":88.577922,"lat":77.88846,"sog_kn":16.2,"cog":264.3,"heading":257.0,"status":"Under way using engine","seg_kn":16.12},"geometry":{"type":"Point","coordinates":[88.577922,77.88846]}},{"type":"Feature","properties":{"kind":"hourly","idx":320,"utc":"2026-09-05 16:02:11","cst":"2026-09-06 00:02:11","lon":87.210432,"lat":77.864428,"sog_kn":16.1,"cog":264.0,"heading":257.0,"status":"Under way using engine","seg_kn":16.15},"geometry":{"type":"Point","coordinates":[87.210432,77.864428]}},{"type":"Feature","properties":{"kind":"hourly","idx":321,"utc":"2026-09-05 16:55:28","cst":"2026-09-06 00:55:28","lon":86.088878,"lat":77.843107,"sog_kn":15.7,"cog":265.2,"heading":257.0,"status":"Under way using engine","seg_kn":16.02},"geometry":{"type":"Point","coordinates":[86.088878,77.843107]}},{"type":"Feature","properties":{"kind":"hourly","idx":322,"utc":"2026-09-05 19:06:51","cst":"2026-09-06 03:06:51","lon":83.38951,"lat":77.792077,"sog_kn":15.5,"cog":264.9,"heading":260.0,"status":"Under way using engine","seg_kn":15.68},"geometry":{"type":"Point","coordinates":[83.38951,77.792077]}},{"type":"Feature","properties":{"kind":"hourly","idx":323,"utc":"2026-09-05 20:14:28","cst":"2026-09-06 04:14:28","lon":82.020143,"lat":77.764717,"sog_kn":15.5,"cog":261.7,"heading":258.0,"status":"Under way using engine","seg_kn":15.51},"geometry":{"type":"Point","coordinates":[82.020143,77.764717]}},{"type":"Feature","properties":{"kind":"hourly","idx":324,"utc":"2026-09-05 21:00:51","cst":"2026-09-06 05:00:51","lon":81.082525,"lat":77.73614,"sog_kn":15.9,"cog":261.5,"heading":258.0,"status":"Under way using engine","seg_kn":15.61},"geometry":{"type":"Point","coordinates":[81.082525,77.73614]}},{"type":"Feature","properties":{"kind":"hourly","idx":325,"utc":"2026-09-05 21:56:03","cst":"2026-09-06 05:56:03","lon":79.938815,"lat":77.701903,"sog_kn":16.4,"cog":262.4,"heading":258.0,"status":"Under way using engine","seg_kn":16.03},"geometry":{"type":"Point","coordinates":[79.938815,77.701903]}},{"type":"Feature","properties":{"kind":"hourly","idx":326,"utc":"2026-09-05 23:01:20","cst":"2026-09-06 07:01:20","lon":78.577283,"lat":77.658743,"sog_kn":16.2,"cog":261.2,"heading":256.0,"status":"Under way using engine","seg_kn":16.21},"geometry":{"type":"Point","coordinates":[78.577283,77.658743]}},{"type":"Feature","properties":{"kind":"hourly","idx":327,"utc":"2026-09-05 23:58:09","cst":"2026-09-06 07:58:09","lon":77.355922,"lat":77.624408,"sog_kn":16.7,"cog":260.7,"heading":254.0,"status":"Under way using engine","seg_kn":16.72},"geometry":{"type":"Point","coordinates":[77.355922,77.624408]}},{"type":"Feature","properties":{"kind":"hourly","idx":328,"utc":"2026-09-06 01:00:38","cst":"2026-09-06 09:00:38","lon":76.008913,"lat":77.582135,"sog_kn":16.8,"cog":261.9,"heading":257.0,"status":"Under way using engine","seg_kn":16.85},"geometry":{"type":"Point","coordinates":[76.008913,77.582135]}},{"type":"Feature","properties":{"kind":"hourly","idx":329,"utc":"2026-09-06 02:00:27","cst":"2026-09-06 10:00:27","lon":74.728052,"lat":77.542317,"sog_kn":17.0,"cog":261.6,"heading":257.0,"status":"Under way using engine","seg_kn":16.79},"geometry":{"type":"Point","coordinates":[74.728052,77.542317]}},{"type":"Feature","properties":{"kind":"hourly","idx":330,"utc":"2026-09-06 02:56:10","cst":"2026-09-06 10:56:10","lon":73.505383,"lat":77.510685,"sog_kn":17.3,"cog":268.1,"heading":263.0,"status":"Under way using engine","seg_kn":17.2},"geometry":{"type":"Point","coordinates":[73.505383,77.510685]}},{"type":"Feature","properties":{"kind":"hourly","idx":331,"utc":"2026-09-06 04:00:08","cst":"2026-09-06 12:00:08","lon":72.108543,"lat":77.461742,"sog_kn":17.3,"cog":262.4,"heading":256.0,"status":"Under way using engine","seg_kn":17.27},"geometry":{"type":"Point","coordinates":[72.108543,77.461742]}},{"type":"Feature","properties":{"kind":"hourly","idx":332,"utc":"2026-09-06 05:18:11","cst":"2026-09-06 13:18:11","lon":70.403748,"lat":77.410968,"sog_kn":17.6,"cog":262.0,"heading":253.0,"status":"Under way using engine","seg_kn":17.28},"geometry":{"type":"Point","coordinates":[70.403748,77.410968]}},{"type":"Feature","properties":{"kind":"hourly","idx":333,"utc":"2026-09-06 05:44:55","cst":"2026-09-06 13:44:55","lon":69.81819,"lat":77.390825,"sog_kn":17.4,"cog":260.0,"heading":253.0,"status":"Under way using engine","seg_kn":17.42},"geometry":{"type":"Point","coordinates":[69.81819,77.390825]}},{"type":"Feature","properties":{"kind":"hourly","idx":334,"utc":"2026-09-06 07:18:39","cst":"2026-09-06 15:18:39","lon":67.830025,"lat":77.325832,"sog_kn":17.1,"cog":261.9,"heading":258.0,"status":"Under way using engine","seg_kn":16.91},"geometry":{"type":"Point","coordinates":[67.830025,77.325832]}},{"type":"Feature","properties":{"kind":"hourly","idx":335,"utc":"2026-09-06 08:19:44","cst":"2026-09-06 16:19:44","lon":66.572463,"lat":77.247635,"sog_kn":17.4,"cog":247.8,"heading":243.0,"status":"Under way using engine","seg_kn":16.96},"geometry":{"type":"Point","coordinates":[66.572463,77.247635]}},{"type":"Feature","properties":{"kind":"hourly","idx":336,"utc":"2026-09-06 09:06:33","cst":"2026-09-06 17:06:33","lon":65.620352,"lat":77.164398,"sog_kn":17.5,"cog":248.2,"heading":243.0,"status":"Under way using engine","seg_kn":17.44},"geometry":{"type":"Point","coordinates":[65.620352,77.164398]}},{"type":"Feature","properties":{"kind":"hourly","idx":337,"utc":"2026-09-06 10:56:41","cst":"2026-09-06 18:56:41","lon":63.360622,"lat":76.989622,"sog_kn":17.8,"cog":257.2,"heading":253.0,"status":"Under way using engine","seg_kn":17.49},"geometry":{"type":"Point","coordinates":[63.360622,76.989622]}},{"type":"Feature","properties":{"kind":"hourly","idx":338,"utc":"2026-09-06 12:06:47","cst":"2026-09-06 20:06:47","lon":61.86285,"lat":76.915175,"sog_kn":17.7,"cog":257.5,"heading":252.0,"status":"Under way using engine","seg_kn":17.79},"geometry":{"type":"Point","coordinates":[61.86285,76.915175]}},{"type":"Feature","properties":{"kind":"hourly","idx":339,"utc":"2026-09-06 13:01:20","cst":"2026-09-06 21:01:20","lon":60.70954,"lat":76.858992,"sog_kn":17.8,"cog":258.2,"heading":253.0,"status":"Under way using engine","seg_kn":17.67},"geometry":{"type":"Point","coordinates":[60.70954,76.858992]}},{"type":"Feature","properties":{"kind":"hourly","idx":340,"utc":"2026-09-06 14:13:38","cst":"2026-09-06 22:13:38","lon":59.176233,"lat":76.781143,"sog_kn":17.9,"cog":257.3,"heading":253.0,"status":"Under way using engine","seg_kn":17.85},"geometry":{"type":"Point","coordinates":[59.176233,76.781143]}},{"type":"Feature","properties":{"kind":"hourly","idx":341,"utc":"2026-09-06 15:20:17","cst":"2026-09-06 23:20:17","lon":57.774345,"lat":76.713057,"sog_kn":17.6,"cog":257.2,"heading":252.0,"status":"Under way using engine","seg_kn":17.76},"geometry":{"type":"Point","coordinates":[57.774345,76.713057]}},{"type":"Feature","properties":{"kind":"hourly","idx":342,"utc":"2026-09-06 16:12:38","cst":"2026-09-07 00:12:38","lon":56.68606,"lat":76.657257,"sog_kn":17.6,"cog":257.0,"heading":252.0,"status":"Under way using engine","seg_kn":17.67},"geometry":{"type":"Point","coordinates":[56.68606,76.657257]}},{"type":"Feature","properties":{"kind":"hourly","idx":343,"utc":"2026-09-06 16:59:22","cst":"2026-09-07 00:59:22","lon":55.717322,"lat":76.60654,"sog_kn":17.7,"cog":257.0,"heading":252.0,"status":"Under way using engine","seg_kn":17.7},"geometry":{"type":"Point","coordinates":[55.717322,76.60654]}},{"type":"Feature","properties":{"kind":"hourly","idx":344,"utc":"2026-09-06 17:42:27","cst":"2026-09-07 01:42:27","lon":54.823275,"lat":76.55995,"sog_kn":17.8,"cog":258.5,"heading":254.0,"status":"Under way using engine","seg_kn":17.78},"geometry":{"type":"Point","coordinates":[54.823275,76.55995]}},{"type":"Feature","properties":{"kind":"hourly","idx":345,"utc":"2026-09-06 18:58:26","cst":"2026-09-07 02:58:26","lon":53.254102,"lat":76.481465,"sog_kn":17.6,"cog":258.5,"heading":254.0,"status":"Under way using engine","seg_kn":17.74},"geometry":{"type":"Point","coordinates":[53.254102,76.481465]}},{"type":"Feature","properties":{"kind":"hourly","idx":346,"utc":"2026-09-06 19:55:03","cst":"2026-09-07 03:55:03","lon":52.112495,"lat":76.424017,"sog_kn":17.5,"cog":257.5,"heading":251.0,"status":"Under way using engine","seg_kn":17.4},"geometry":{"type":"Point","coordinates":[52.112495,76.424017]}},{"type":"Feature","properties":{"kind":"hourly","idx":347,"utc":"2026-09-06 21:06:53","cst":"2026-09-07 05:06:53","lon":50.656443,"lat":76.347052,"sog_kn":17.8,"cog":256.9,"heading":252.0,"status":"Under way using engine","seg_kn":17.62},"geometry":{"type":"Point","coordinates":[50.656443,76.347052]}},{"type":"Feature","properties":{"kind":"hourly","idx":348,"utc":"2026-09-06 22:00:39","cst":"2026-09-07 06:00:39","lon":49.564703,"lat":76.292208,"sog_kn":17.5,"cog":257.6,"heading":253.0,"status":"Under way using engine","seg_kn":17.69},"geometry":{"type":"Point","coordinates":[49.564703,76.292208]}},{"type":"Feature","properties":{"kind":"hourly","idx":349,"utc":"2026-09-06 23:09:15","cst":"2026-09-07 07:09:15","lon":48.179988,"lat":76.219327,"sog_kn":17.8,"cog":256.7,"heading":252.0,"status":"Under way using engine","seg_kn":17.69},"geometry":{"type":"Point","coordinates":[48.179988,76.219327]}},{"type":"Feature","properties":{"kind":"hourly","idx":350,"utc":"2026-09-07 00:08:42","cst":"2026-09-07 08:08:42","lon":46.959085,"lat":76.155693,"sog_kn":18.3,"cog":258.6,"heading":253.0,"status":"Under way using engine","seg_kn":18.08},"geometry":{"type":"Point","coordinates":[46.959085,76.155693]}},{"type":"Feature","properties":{"kind":"hourly","idx":351,"utc":"2026-09-07 00:55:34","cst":"2026-09-07 08:55:34","lon":45.989228,"lat":76.102707,"sog_kn":18.2,"cog":256.4,"heading":252.0,"status":"Under way using engine","seg_kn":18.33},"geometry":{"type":"Point","coordinates":[45.989228,76.102707]}},{"type":"Feature","properties":{"kind":"hourly","idx":352,"utc":"2026-09-07 01:51:46","cst":"2026-09-07 09:51:46","lon":44.830323,"lat":76.045253,"sog_kn":18.3,"cog":260.0,"heading":255.0,"status":"Under way using engine","seg_kn":18.25},"geometry":{"type":"Point","coordinates":[44.830323,76.045253]}},{"type":"Feature","properties":{"kind":"hourly","idx":353,"utc":"2026-09-07 03:04:47","cst":"2026-09-07 11:04:47","lon":43.394943,"lat":75.918678,"sog_kn":18.6,"cog":242.1,"heading":237.0,"status":"Under way using engine","seg_kn":18.25},"geometry":{"type":"Point","coordinates":[43.394943,75.918678]}},{"type":"Feature","properties":{"kind":"hourly","idx":354,"utc":"2026-09-07 03:59:45","cst":"2026-09-07 11:59:45","lon":42.377595,"lat":75.787798,"sog_kn":18.3,"cog":242.8,"heading":237.0,"status":"Under way using engine","seg_kn":18.42},"geometry":{"type":"Point","coordinates":[42.377595,75.787798]}},{"type":"Feature","properties":{"kind":"hourly","idx":355,"utc":"2026-09-07 05:14:16","cst":"2026-09-07 13:14:16","lon":41.066682,"lat":75.59828,"sog_kn":18.2,"cog":238.5,"heading":null,"status":"Under way using engine","seg_kn":18.14},"geometry":{"type":"Point","coordinates":[41.066682,75.59828]}},{"type":"Feature","properties":{"kind":"hourly","idx":356,"utc":"2026-09-07 06:09:37","cst":"2026-09-07 14:09:37","lon":40.079523,"lat":75.467373,"sog_kn":18.1,"cog":242.6,"heading":null,"status":"Under way using engine","seg_kn":18.17},"geometry":{"type":"Point","coordinates":[40.079523,75.467373]}},{"type":"Feature","properties":{"kind":"hourly","idx":357,"utc":"2026-09-07 07:02:10","cst":"2026-09-07 15:02:10","lon":39.158613,"lat":75.33975,"sog_kn":18.2,"cog":237.9,"heading":234.0,"status":"Under way using engine","seg_kn":18.16},"geometry":{"type":"Point","coordinates":[39.158613,75.33975]}},{"type":"Feature","properties":{"kind":"hourly","idx":358,"utc":"2026-09-07 08:04:15","cst":"2026-09-07 16:04:15","lon":38.08624,"lat":75.19053,"sog_kn":18.0,"cog":240.2,"heading":235.0,"status":"Under way using engine","seg_kn":18.04},"geometry":{"type":"Point","coordinates":[38.08624,75.19053]}},{"type":"Feature","properties":{"kind":"hourly","idx":359,"utc":"2026-09-07 09:07:41","cst":"2026-09-07 17:07:41","lon":37.01022,"lat":75.037278,"sog_kn":17.8,"cog":242.6,"heading":237.0,"status":"Under way using engine","seg_kn":17.95},"geometry":{"type":"Point","coordinates":[37.01022,75.037278]}},{"type":"Feature","properties":{"kind":"hourly","idx":360,"utc":"2026-09-07 10:01:22","cst":"2026-09-07 18:01:22","lon":36.112205,"lat":74.90652,"sog_kn":18.0,"cog":240.2,"heading":237.0,"status":"Under way using engine","seg_kn":17.92},"geometry":{"type":"Point","coordinates":[36.112205,74.90652]}},{"type":"Feature","properties":{"kind":"hourly","idx":361,"utc":"2026-09-07 10:48:15","cst":"2026-09-07 18:48:15","lon":35.328155,"lat":74.795453,"sog_kn":17.8,"cog":240.7,"heading":236.0,"status":"Under way using engine","seg_kn":17.91},"geometry":{"type":"Point","coordinates":[35.328155,74.795453]}},{"type":"Feature","properties":{"kind":"hourly","idx":362,"utc":"2026-09-07 12:08:09","cst":"2026-09-07 20:08:09","lon":34.023095,"lat":74.598327,"sog_kn":17.6,"cog":242.8,"heading":239.0,"status":"Under way using engine","seg_kn":17.89},"geometry":{"type":"Point","coordinates":[34.023095,74.598327]}},{"type":"Feature","properties":{"kind":"hourly","idx":363,"utc":"2026-09-07 13:12:43","cst":"2026-09-07 21:12:43","lon":32.960997,"lat":74.445692,"sog_kn":18.3,"cog":241.9,"heading":237.0,"status":"Under way using engine","seg_kn":17.96},"geometry":{"type":"Point","coordinates":[32.960997,74.445692]}},{"type":"Feature","properties":{"kind":"hourly","idx":364,"utc":"2026-09-07 13:59:16","cst":"2026-09-07 21:59:16","lon":32.202865,"lat":74.332817,"sog_kn":17.9,"cog":240.6,"heading":236.0,"status":"Under way using engine","seg_kn":18.04},"geometry":{"type":"Point","coordinates":[32.202865,74.332817]}},{"type":"Feature","properties":{"kind":"hourly","idx":365,"utc":"2026-09-07 15:03:58","cst":"2026-09-07 23:03:58","lon":31.1644,"lat":74.175323,"sog_kn":18.1,"cog":240.0,"heading":236.0,"status":"Under way using engine","seg_kn":17.97},"geometry":{"type":"Point","coordinates":[31.1644,74.175323]}},{"type":"Feature","properties":{"kind":"hourly","idx":366,"utc":"2026-09-07 16:00:05","cst":"2026-09-08 00:00:05","lon":30.267823,"lat":74.044213,"sog_kn":17.5,"cog":238.7,"heading":234.0,"status":"Under way using engine","seg_kn":17.87},"geometry":{"type":"Point","coordinates":[30.267823,74.044213]}},{"type":"Feature","properties":{"kind":"hourly","idx":367,"utc":"2026-09-07 17:33:05","cst":"2026-09-08 01:33:05","lon":28.953018,"lat":73.799442,"sog_kn":16.7,"cog":234.5,"heading":229.0,"status":"Under way using engine","seg_kn":16.99},"geometry":{"type":"Point","coordinates":[28.953018,73.799442]}},{"type":"Feature","properties":{"kind":"hourly","idx":368,"utc":"2026-09-07 19:20:34","cst":"2026-09-08 03:20:34","lon":27.500353,"lat":73.524688,"sog_kn":16.3,"cog":236.7,"heading":229.0,"status":"Under way using engine","seg_kn":16.5},"geometry":{"type":"Point","coordinates":[27.500353,73.524688]}},{"type":"Feature","properties":{"kind":"hourly","idx":369,"utc":"2026-09-07 19:57:22","cst":"2026-09-08 03:57:22","lon":27.018942,"lat":73.428732,"sog_kn":16.3,"cog":234.3,"heading":227.0,"status":"Under way using engine","seg_kn":16.37},"geometry":{"type":"Point","coordinates":[27.018942,73.428732]}},{"type":"Feature","properties":{"kind":"hourly","idx":370,"utc":"2026-09-07 21:01:32","cst":"2026-09-08 05:01:32","lon":26.181543,"lat":73.263082,"sog_kn":16.1,"cog":235.8,"heading":229.0,"status":"Under way using engine","seg_kn":16.37},"geometry":{"type":"Point","coordinates":[26.181543,73.263082]}},{"type":"Feature","properties":{"kind":"hourly","idx":371,"utc":"2026-09-07 21:55:29","cst":"2026-09-08 05:55:29","lon":25.488072,"lat":73.12637,"sog_kn":16.0,"cog":235.0,"heading":229.0,"status":"Under way using engine","seg_kn":16.2},"geometry":{"type":"Point","coordinates":[25.488072,73.12637]}},{"type":"Feature","properties":{"kind":"hourly","idx":372,"utc":"2026-09-07 22:56:09","cst":"2026-09-08 06:56:09","lon":24.713918,"lat":72.97064,"sog_kn":16.2,"cog":237.9,"heading":231.0,"status":"Under way using engine","seg_kn":16.28},"geometry":{"type":"Point","coordinates":[24.713918,72.97064]}},{"type":"Feature","properties":{"kind":"hourly","idx":373,"utc":"2026-09-08 00:04:24","cst":"2026-09-08 08:04:24","lon":23.846607,"lat":72.796593,"sog_kn":16.9,"cog":236.7,"heading":230.0,"status":"Under way using engine","seg_kn":16.31},"geometry":{"type":"Point","coordinates":[23.846607,72.796593]}},{"type":"Feature","properties":{"kind":"hourly","idx":374,"utc":"2026-09-08 00:54:12","cst":"2026-09-08 08:54:12","lon":23.217505,"lat":72.668862,"sog_kn":16.4,"cog":233.4,"heading":229.0,"status":"Under way using engine","seg_kn":16.37},"geometry":{"type":"Point","coordinates":[23.217505,72.668862]}},{"type":"Feature","properties":{"kind":"hourly","idx":375,"utc":"2026-09-08 02:02:41","cst":"2026-09-08 10:02:41","lon":22.359352,"lat":72.491323,"sog_kn":16.7,"cog":234.6,"heading":230.0,"status":"Under way using engine","seg_kn":16.43},"geometry":{"type":"Point","coordinates":[22.359352,72.491323]}},{"type":"Feature","properties":{"kind":"hourly","idx":376,"utc":"2026-09-08 02:59:36","cst":"2026-09-08 10:59:36","lon":21.63281,"lat":72.341578,"sog_kn":16.7,"cog":235.3,"heading":230.0,"status":"Under way using engine","seg_kn":16.82},"geometry":{"type":"Point","coordinates":[21.63281,72.341578]}},{"type":"Feature","properties":{"kind":"hourly","idx":377,"utc":"2026-09-08 04:02:19","cst":"2026-09-08 12:02:19","lon":20.823472,"lat":72.174617,"sog_kn":17.3,"cog":238.9,"heading":232.0,"status":"Under way using engine","seg_kn":17.11},"geometry":{"type":"Point","coordinates":[20.823472,72.174617]}},{"type":"Feature","properties":{"kind":"hourly","idx":378,"utc":"2026-09-08 05:03:23","cst":"2026-09-08 13:03:23","lon":20.046167,"lat":72.011103,"sog_kn":17.1,"cog":234.1,"heading":228.0,"status":"Under way using engine","seg_kn":17.08},"geometry":{"type":"Point","coordinates":[20.046167,72.011103]}},{"type":"Feature","properties":{"kind":"hourly","idx":379,"utc":"2026-09-08 05:49:24","cst":"2026-09-08 13:49:24","lon":19.574618,"lat":71.851653,"sog_kn":17.1,"cog":221.1,"heading":216.0,"status":"Under way using engine","seg_kn":16.94},"geometry":{"type":"Point","coordinates":[19.574618,71.851653]}},{"type":"Feature","properties":{"kind":"hourly","idx":380,"utc":"2026-09-08 07:05:01","cst":"2026-09-08 15:05:01","lon":18.825768,"lat":71.593053,"sog_kn":15.6,"cog":221.3,"heading":216.0,"status":"Under way using engine","seg_kn":16.64},"geometry":{"type":"Point","coordinates":[18.825768,71.593053]}},{"type":"Feature","properties":{"kind":"hourly","idx":381,"utc":"2026-09-08 08:01:07","cst":"2026-09-08 16:01:07","lon":18.341887,"lat":71.418372,"sog_kn":14.6,"cog":218.6,"heading":216.0,"status":"Under way using engine","seg_kn":14.93},"geometry":{"type":"Point","coordinates":[18.341887,71.418372]}},{"type":"Feature","properties":{"kind":"hourly","idx":382,"utc":"2026-09-08 08:55:46","cst":"2026-09-08 16:55:46","lon":17.872365,"lat":71.248152,"sog_kn":15.1,"cog":222.1,"heading":218.0,"status":"Under way using engine","seg_kn":14.97},"geometry":{"type":"Point","coordinates":[17.872365,71.248152]}},{"type":"Feature","properties":{"kind":"hourly","idx":383,"utc":"2026-09-08 09:51:30","cst":"2026-09-08 17:51:30","lon":17.392255,"lat":71.073393,"sog_kn":15.2,"cog":222.4,"heading":222.0,"status":"Under way using engine","seg_kn":15.1},"geometry":{"type":"Point","coordinates":[17.392255,71.073393]}},{"type":"Feature","properties":{"kind":"hourly","idx":384,"utc":"2026-09-08 11:12:52","cst":"2026-09-08 19:12:52","lon":16.693572,"lat":70.806622,"sog_kn":16.3,"cog":228.3,"heading":225.0,"status":"Under way using engine","seg_kn":15.54},"geometry":{"type":"Point","coordinates":[16.693572,70.806622]}},{"type":"Feature","properties":{"kind":"hourly","idx":385,"utc":"2026-09-08 12:00:15","cst":"2026-09-08 20:00:15","lon":16.233327,"lat":70.651477,"sog_kn":16.6,"cog":223.6,"heading":220.0,"status":"Under way using engine","seg_kn":16.51},"geometry":{"type":"Point","coordinates":[16.233327,70.651477]}},{"type":"Feature","properties":{"kind":"hourly","idx":386,"utc":"2026-09-08 12:59:21","cst":"2026-09-08 20:59:21","lon":15.680388,"lat":70.449277,"sog_kn":16.3,"cog":217.2,"heading":213.0,"status":"Under way using engine","seg_kn":16.67},"geometry":{"type":"Point","coordinates":[15.680388,70.449277]}},{"type":"Feature","properties":{"kind":"hourly","idx":387,"utc":"2026-09-08 13:59:27","cst":"2026-09-08 21:59:27","lon":15.182857,"lat":70.249292,"sog_kn":15.6,"cog":218.3,"heading":215.0,"status":"Under way using engine","seg_kn":15.63},"geometry":{"type":"Point","coordinates":[15.182857,70.249292]}},{"type":"Feature","properties":{"kind":"hourly","idx":388,"utc":"2026-09-08 14:59:32","cst":"2026-09-08 22:59:32","lon":14.655178,"lat":70.051663,"sog_kn":16.6,"cog":221.3,"heading":219.0,"status":"Under way using engine","seg_kn":15.99},"geometry":{"type":"Point","coordinates":[14.655178,70.051663]}},{"type":"Feature","properties":{"kind":"hourly","idx":389,"utc":"2026-09-08 16:00:08","cst":"2026-09-09 00:00:08","lon":14.106055,"lat":69.841887,"sog_kn":16.7,"cog":221.3,"heading":219.0,"status":"Under way using engine","seg_kn":16.76},"geometry":{"type":"Point","coordinates":[14.106055,69.841887]}},{"type":"Feature","properties":{"kind":"hourly","idx":390,"utc":"2026-09-08 16:59:57","cst":"2026-09-09 00:59:57","lon":13.57889,"lat":69.633912,"sog_kn":16.7,"cog":222.4,"heading":220.0,"status":"Under way using engine","seg_kn":16.67},"geometry":{"type":"Point","coordinates":[13.57889,69.633912]}},{"type":"Feature","properties":{"kind":"hourly","idx":391,"utc":"2026-09-08 18:00:58","cst":"2026-09-09 02:00:58","lon":13.055647,"lat":69.431525,"sog_kn":15.6,"cog":222.1,"heading":218.0,"status":"Under way using engine","seg_kn":16.11},"geometry":{"type":"Point","coordinates":[13.055647,69.431525]}},{"type":"Feature","properties":{"kind":"hourly","idx":392,"utc":"2026-09-08 19:00:15","cst":"2026-09-09 03:00:15","lon":12.56514,"lat":69.232545,"sog_kn":16.2,"cog":222.9,"heading":221.0,"status":"Under way using engine","seg_kn":16.03},"geometry":{"type":"Point","coordinates":[12.56514,69.232545]}},{"type":"Feature","properties":{"kind":"hourly","idx":393,"utc":"2026-09-08 19:59:39","cst":"2026-09-09 03:59:39","lon":12.047035,"lat":69.029438,"sog_kn":16.7,"cog":222.0,"heading":219.0,"status":"Under way using engine","seg_kn":16.64},"geometry":{"type":"Point","coordinates":[12.047035,69.029438]}},{"type":"Feature","properties":{"kind":"hourly","idx":394,"utc":"2026-09-08 21:01:14","cst":"2026-09-09 05:01:14","lon":11.5159,"lat":68.818595,"sog_kn":16.9,"cog":219.2,"heading":216.0,"status":"Under way using engine","seg_kn":16.64},"geometry":{"type":"Point","coordinates":[11.5159,68.818595]}},{"type":"Feature","properties":{"kind":"hourly","idx":395,"utc":"2026-09-08 22:12:15","cst":"2026-09-09 06:12:15","lon":10.942262,"lat":68.578203,"sog_kn":15.6,"cog":220.8,"heading":218.0,"status":"Under way using engine","seg_kn":16.14},"geometry":{"type":"Point","coordinates":[10.942262,68.578203]}},{"type":"Feature","properties":{"kind":"hourly","idx":396,"utc":"2026-09-08 22:57:57","cst":"2026-09-09 06:57:57","lon":10.5782,"lat":68.4273,"sog_kn":15.7,"cog":220.8,"heading":217.0,"status":"Under way using engine","seg_kn":15.88},"geometry":{"type":"Point","coordinates":[10.5782,68.4273]}},{"type":"Feature","properties":{"kind":"hourly","idx":397,"utc":"2026-09-09 00:00:09","cst":"2026-09-09 08:00:09","lon":10.078988,"lat":68.230597,"sog_kn":15.9,"cog":229.2,"heading":225.0,"status":"Under way using engine","seg_kn":15.61},"geometry":{"type":"Point","coordinates":[10.078988,68.230597]}},{"type":"Feature","properties":{"kind":"hourly","idx":398,"utc":"2026-09-09 00:59:03","cst":"2026-09-09 08:59:03","lon":9.71717,"lat":68.018185,"sog_kn":15.9,"cog":202.5,"heading":203.0,"status":"Under way using engine","seg_kn":15.39},"geometry":{"type":"Point","coordinates":[9.71717,68.018185]}},{"type":"Feature","properties":{"kind":"hourly","idx":399,"utc":"2026-09-09 02:04:09","cst":"2026-09-09 10:04:09","lon":9.403912,"lat":67.761412,"sog_kn":15.6,"cog":203.6,"heading":202.0,"status":"Under way using engine","seg_kn":15.64},"geometry":{"type":"Point","coordinates":[9.403912,67.761412]}},{"type":"Feature","properties":{"kind":"hourly","idx":400,"utc":"2026-09-09 02:50:56","cst":"2026-09-09 10:50:56","lon":9.170857,"lat":67.581888,"sog_kn":15.5,"cog":206.2,"heading":204.0,"status":"Under way using engine","seg_kn":15.41},"geometry":{"type":"Point","coordinates":[9.170857,67.581888]}},{"type":"Feature","properties":{"kind":"hourly","idx":401,"utc":"2026-09-09 04:01:33","cst":"2026-09-09 12:01:33","lon":8.832315,"lat":67.298957,"sog_kn":15.8,"cog":204.0,"heading":202.0,"status":"Under way using engine","seg_kn":15.88},"geometry":{"type":"Point","coordinates":[8.832315,67.298957]}},{"type":"Feature","properties":{"kind":"hourly","idx":402,"utc":"2026-09-09 05:00:45","cst":"2026-09-09 13:00:45","lon":8.543425,"lat":67.057682,"sog_kn":16.1,"cog":206.0,"heading":null,"status":"Under way using engine","seg_kn":16.19},"geometry":{"type":"Point","coordinates":[8.543425,67.057682]}},{"type":"Feature","properties":{"kind":"hourly","idx":403,"utc":"2026-09-09 06:00:27","cst":"2026-09-09 14:00:27","lon":8.198395,"lat":66.825418,"sog_kn":16.3,"cog":203.4,"heading":202.0,"status":"Under way using engine","seg_kn":16.21},"geometry":{"type":"Point","coordinates":[8.198395,66.825418]}},{"type":"Feature","properties":{"kind":"hourly","idx":404,"utc":"2026-09-09 06:59:54","cst":"2026-09-09 14:59:54","lon":7.921635,"lat":66.57293,"sog_kn":16.4,"cog":205.6,"heading":null,"status":"Under way using engine","seg_kn":16.68},"geometry":{"type":"Point","coordinates":[7.921635,66.57293]}},{"type":"Feature","properties":{"kind":"hourly","idx":405,"utc":"2026-09-09 07:59:26","cst":"2026-09-09 15:59:26","lon":7.628418,"lat":66.315442,"sog_kn":17.6,"cog":203.4,"heading":202.0,"status":"Under way using engine","seg_kn":17.12},"geometry":{"type":"Point","coordinates":[7.628418,66.315442]}}]}