Longitude(deg-minute),Latitude(deg-minute),Longitude,Latitude,Ship speed(kn),Ship course,Ship heading,Ship Turning Rate£¨deg/second£©,Navigation status,Last update£¨CST£©,Last update£¨UTC£©
136-51.635E,39-48.127N,136.860577,39.802113,016.1,59.6,59,0,Under way using engine,2026-08-24 07:50:07,2026-08-23 23:50:07
136-51.936E,39-48.265N,136.865602,39.804415,016.1,59.5,59,0,Under way using engine,2026-08-24 07:51:07,2026-08-23 23:51:07
136-52.238E,39-48.401N,136.870632,39.806688,016.1,59.5,59,0,Under way using engine,2026-08-24 07:52:07,2026-08-23 23:52:07
136-52.569E,39-48.551N,136.876157,39.809188,016.1,59.5,59,0,Under way using engine,2026-08-24 07:53:13,2026-08-23 23:53:13
136-52.871E,39-48.687N,136.881183,39.811445,016.1,59,59,0,Under way using engine,2026-08-24 07:54:13,2026-08-23 23:54:13
136-53.196E,39-48.837N,136.886593,39.813948,016.1,59.2,59,0,Under way using engine,2026-08-24 07:55:18,2026-08-23 23:55:18
136-53.525E,39-48.986N,136.89209,39.81644,016.0,59.7,59,0,Under way using engine,2026-08-24 07:56:25,2026-08-23 23:56:25
136-53.831E,39-49.124N,136.897185,39.818738,016.0,59.5,59,0,Under way using engine,2026-08-24 07:57:25,2026-08-23 23:57:25
136-54.160E,39-49.274N,136.902663,39.821225,016.0,59.5,59,0,Under way using engine,2026-08-24 07:58:31,2026-08-23 23:58:31
136-54.488E,39-49.423N,136.908128,39.823722,016.0,59.4,59,0,Under way using engine,2026-08-24 07:59:37,2026-08-23 23:59:37
136-54.816E,39-49.572N,136.913608,39.826208,016.0,59,59,0,Under way using engine,2026-08-24 08:00:43,2026-08-24 00:00:43
136-55.140E,39-49.721N,136.918998,39.828688,016.0,59.3,59,0,Under way using engine,2026-08-24 08:01:48,2026-08-24 00:01:48
136-55.468E,39-49.871N,136.924472,39.831182,016.0,59.3,59,0,Under way using engine,2026-08-24 08:02:55,2026-08-24 00:02:55
136-55.773E,39-50.010N,136.929548,39.833498,016.0,59.3,59,0,Under way using engine,2026-08-24 08:03:55,2026-08-24 00:03:55
136-56.101E,39-50.161N,136.935013,39.836012,015.9,59,59,0,Under way using engine,2026-08-24 08:05:01,2026-08-24 00:05:01
136-56.428E,39-50.313N,136.94047,39.838543,016.0,58.8,59,0,Under way using engine,2026-08-24 08:06:07,2026-08-24 00:06:07
136-56.761E,39-50.466N,136.946017,39.841095,016.1,59,59,0,Under way using engine,2026-08-24 08:07:14,2026-08-24 00:07:14
136-57.083E,39-50.615N,136.951388,39.843585,016.0,58.9,59,0,Under way using engine,2026-08-24 08:08:19,2026-08-24 00:08:19
136-57.407E,39-50.764N,136.956777,39.84607,016.0,59,59,0,Under way using engine,2026-08-24 08:09:24,2026-08-24 00:09:24
136-57.740E,39-50.917N,136.96234,39.848623,016.1,58.8,59,0,Under way using engine,2026-08-24 08:10:31,2026-08-24 00:10:31
136-58.041E,39-51.056N,136.967347,39.850933,016.1,59.2,59,0,Under way using engine,2026-08-24 08:11:31,2026-08-24 00:11:31
136-58.348E,39-51.196N,136.972467,39.853263,016.1,59.3,59,0,Under way using engine,2026-08-24 08:12:31,2026-08-24 00:12:31
136-58.672E,39-51.347N,136.977863,39.85578,016.1,59.2,59,0,Under way using engine,2026-08-24 08:13:37,2026-08-24 00:13:37
136-59.001E,39-51.499N,136.98335,39.858315,016.1,58.9,59,0,Under way using engine,2026-08-24 08:14:43,2026-08-24 00:14:43
136-59.305E,39-51.640N,136.988412,39.86067,016.0,59.3,59,0,Under way using engine,2026-08-24 08:15:43,2026-08-24 00:15:43
136-59.623E,39-51.789N,136.99372,39.863145,016.1,58.9,59,0,Under way using engine,2026-08-24 08:16:48,2026-08-24 00:16:48
136-59.926E,39-51.930N,136.99877,39.865502,016.1,59,59,0,Under way using engine,2026-08-24 08:17:48,2026-08-24 00:17:48
137-0.256E,39-52.084N,137.00426,39.868063,016.1,59.1,59,0,Under way using engine,2026-08-24 08:18:55,2026-08-24 00:18:55
137-0.584E,39-52.237N,137.00973,39.870622,016.1,58.9,59,0,Under way using engine,2026-08-24 08:20:01,2026-08-24 00:20:01
137-0.912E,39-52.392N,137.015202,39.873208,016.1,58.1,59,0,Under way using engine,2026-08-24 08:21:07,2026-08-24 00:21:07
137-1.246E,39-52.550N,137.02077,39.875838,016.1,58.1,59,0,Under way using engine,2026-08-24 08:22:13,2026-08-24 00:22:13
137-1.569E,39-52.704N,137.026147,39.8784,016.1,57.8,59,0,Under way using engine,2026-08-24 08:23:19,2026-08-24 00:23:19
137-1.896E,39-52.861N,137.031598,39.881012,016.1,57.7,59,0,Under way using engine,2026-08-24 08:24:25,2026-08-24 00:24:25
137-2.220E,39-53.014N,137.037002,39.88356,016.1,58.6,59,0,Under way using engine,2026-08-24 08:25:31,2026-08-24 00:25:31
137-2.524E,39-53.159N,137.042063,39.885988,016.2,58.6,59,0,Under way using engine,2026-08-24 08:26:31,2026-08-24 00:26:31
137-2.853E,39-53.316N,137.047545,39.888603,016.2,58.6,59,0,Under way using engine,2026-08-24 08:27:37,2026-08-24 00:27:37
137-3.177E,39-53.471N,137.05295,39.891185,016.2,58,59,0,Under way using engine,2026-08-24 08:28:42,2026-08-24 00:28:42
137-3.506E,39-53.628N,137.05843,39.893808,016.3,58.1,59,0,Under way using engine,2026-08-24 08:29:48,2026-08-24 00:29:48
137-3.810E,39-53.774N,137.063507,39.89623,016.3,58.6,59,0,Under way using engine,2026-08-24 08:30:48,2026-08-24 00:30:48
137-4.166E,39-53.943N,137.069432,39.899057,016.3,58.5,59,0,Under way using engine,2026-08-24 08:32:01,2026-08-24 00:32:01
137-4.467E,39-54.086N,137.074455,39.901435,016.3,58.3,59,0,Under way using engine,2026-08-24 08:33:00,2026-08-24 00:33:00
137-4.773E,39-54.232N,137.079557,39.903867,016.3,58.6,59,0,Under way using engine,2026-08-24 08:34:00,2026-08-24 00:34:00
137-5.105E,39-54.390N,137.08509,39.9065,016.4,58.6,60,0,Under way using engine,2026-08-24 08:35:07,2026-08-24 00:35:07
137-5.412E,39-54.528N,137.0902,39.908805,016.3,60.1,61,0,Under way using engine,2026-08-24 08:36:07,2026-08-24 00:36:07
137-5.720E,39-54.664N,137.095337,39.911065,016.4,60.2,61,0,Under way using engine,2026-08-24 08:37:07,2026-08-24 00:37:07
137-6.030E,39-54.798N,137.100502,39.913292,016.3,60.2,61,0,Under way using engine,2026-08-24 08:38:07,2026-08-24 00:38:07
137-6.345E,39-54.932N,137.105748,39.915538,016.3,60.4,61,0,Under way using engine,2026-08-24 08:39:07,2026-08-24 00:39:07
137-6.650E,39-55.064N,137.11084,39.917735,016.4,60.9,61,0,Under way using engine,2026-08-24 08:40:07,2026-08-24 00:40:07
137-6.962E,39-55.197N,137.11603,39.919955,016.4,60.6,61,0,Under way using engine,2026-08-24 08:41:07,2026-08-24 00:41:07
137-7.272E,39-55.332N,137.121198,39.922198,016.4,61,61,0,Under way using engine,2026-08-24 08:42:07,2026-08-24 00:42:07
137-7.583E,39-55.466N,137.126388,39.924425,016.5,60.9,61,0,Under way using engine,2026-08-24 08:43:07,2026-08-24 00:43:07
137-7.901E,39-55.602N,137.131687,39.926695,016.5,61.3,61,0,Under way using engine,2026-08-24 08:44:07,2026-08-24 00:44:07
137-8.210E,39-55.734N,137.136835,39.928893,016.5,60.7,61,0,Under way using engine,2026-08-24 08:45:07,2026-08-24 00:45:07
137-8.524E,39-55.866N,137.142067,39.931105,016.5,61.4,61,0,Under way using engine,2026-08-24 08:46:07,2026-08-24 00:46:07
137-8.835E,39-55.997N,137.147245,39.933275,016.5,60.7,61,0,Under way using engine,2026-08-24 08:47:07,2026-08-24 00:47:07
137-9.153E,39-56.131N,137.152557,39.93551,016.5,61.2,61,0,Under way using engine,2026-08-24 08:48:07,2026-08-24 00:48:07
137-9.468E,39-56.263N,137.157807,39.937712,016.5,61.3,61,0,Under way using engine,2026-08-24 08:49:07,2026-08-24 00:49:07
137-9.786E,39-56.394N,137.163097,39.939902,016.6,61.6,61,0,Under way using engine,2026-08-24 08:50:07,2026-08-24 00:50:07
137-10.104E,39-56.526N,137.168408,39.9421,016.6,61.8,61,0,Under way using engine,2026-08-24 08:51:07,2026-08-24 00:51:07
137-10.415E,39-56.657N,137.173583,39.944277,016.6,61.1,61,0,Under way using engine,2026-08-24 08:52:07,2026-08-24 00:52:07
137-10.739E,39-56.790N,137.178978,39.946505,016.7,61.6,61,0,Under way using engine,2026-08-24 08:53:07,2026-08-24 00:53:07
137-11.054E,39-56.920N,137.184232,39.94866,016.7,61.9,61,0,Under way using engine,2026-08-24 08:54:07,2026-08-24 00:54:07
137-11.373E,39-57.051N,137.189555,39.950855,016.7,61.8,61,0,Under way using engine,2026-08-24 08:55:07,2026-08-24 00:55:07
137-11.699E,39-57.186N,137.194977,39.953092,016.7,61.9,61,0,Under way using engine,2026-08-24 08:56:07,2026-08-24 00:56:07
137-12.013E,39-57.315N,137.20022,39.955247,016.8,62.1,61,0,Under way using engine,2026-08-24 08:57:07,2026-08-24 00:57:07
137-12.346E,39-57.450N,137.205773,39.9575,016.8,62.4,61,0,Under way using engine,2026-08-24 08:58:07,2026-08-24 00:58:07
137-12.664E,39-57.578N,137.21106,39.959635,016.7,62.3,61,0,Under way using engine,2026-08-24 08:59:07,2026-08-24 00:59:07
137-12.986E,39-57.709N,137.21644,39.961823,016.8,62.6,61,0,Under way using engine,2026-08-24 09:00:07,2026-08-24 01:00:07
137-13.315E,39-57.842N,137.221917,39.96403,016.8,62.2,61,0,Under way using engine,2026-08-24 09:01:07,2026-08-24 01:01:07
137-13.632E,39-57.971N,137.227208,39.966175,016.7,62.1,61,0,Under way using engine,2026-08-24 09:02:07,2026-08-24 01:02:07
137-13.959E,39-58.104N,137.232642,39.968397,016.7,62.1,61,0,Under way using engine,2026-08-24 09:03:07,2026-08-24 01:03:07
137-14.274E,39-58.231N,137.237893,39.970523,016.7,61.9,61,0,Under way using engine,2026-08-24 09:04:07,2026-08-24 01:04:07
137-14.595E,39-58.361N,137.243255,39.972685,016.7,62.4,61,0,Under way using engine,2026-08-24 09:05:07,2026-08-24 01:05:07
137-14.922E,39-58.493N,137.248707,39.974885,016.6,62.3,61,0,Under way using engine,2026-08-24 09:06:07,2026-08-24 01:06:07
137-15.237E,39-58.621N,137.253948,39.977015,016.6,61.5,60,0,Under way using engine,2026-08-24 09:07:07,2026-08-24 01:07:07
137-15.554E,39-58.755N,137.259238,39.979243,016.6,61,60,0,Under way using engine,2026-08-24 09:08:07,2026-08-24 01:08:07
137-15.871E,39-58.889N,137.264518,39.981475,016.7,61.4,60,0,Under way using engine,2026-08-24 09:09:07,2026-08-24 01:09:07
137-16.190E,39-59.023N,137.269837,39.98371,016.7,61.1,60,0,Under way using engine,2026-08-24 09:10:07,2026-08-24 01:10:07
137-16.514E,39-59.159N,137.275233,39.985978,016.7,61.6,60,0,Under way using engine,2026-08-24 09:11:07,2026-08-24 01:11:07
137-16.828E,39-59.291N,137.28047,39.98818,016.7,61.8,60,0,Under way using engine,2026-08-24 09:12:07,2026-08-24 01:12:07
137-17.148E,39-59.424N,137.285797,39.990403,016.7,61.8,60,0,Under way using engine,2026-08-24 09:13:07,2026-08-24 01:13:07
137-17.466E,39-59.556N,137.291105,39.992593,016.6,61.9,60,0,Under way using engine,2026-08-24 09:14:07,2026-08-24 01:14:07
137-17.785E,39-59.691N,137.296413,39.994853,016.7,60.6,59,0,Under way using engine,2026-08-24 09:15:07,2026-08-24 01:15:07
137-18.102E,39-59.828N,137.3017,39.997125,016.7,60.7,59,0,Under way using engine,2026-08-24 09:16:07,2026-08-24 01:16:07
137-18.420E,39-59.963N,137.306993,39.999385,016.8,60.2,59,0,Under way using engine,2026-08-24 09:17:07,2026-08-24 01:17:07
137-18.736E,40-0.100N,137.312273,40.001673,016.7,60.5,59,0,Under way using engine,2026-08-24 09:18:07,2026-08-24 01:18:07
137-19.053E,40-0.237N,137.317547,40.003958,016.7,60.8,59,0,Under way using engine,2026-08-24 09:19:07,2026-08-24 01:19:07
137-19.369E,40-0.373N,137.322815,40.006218,016.7,60.7,59,0,Under way using engine,2026-08-24 09:20:07,2026-08-24 01:20:07
137-19.693E,40-0.511N,137.328223,40.008522,016.7,60.7,59,0,Under way using engine,2026-08-24 09:21:07,2026-08-24 01:21:07
137-20.003E,40-0.645N,137.33339,40.010743,016.7,60.2,59,0,Under way using engine,2026-08-24 09:22:07,2026-08-24 01:22:07
137-20.321E,40-0.781N,137.338675,40.013022,016.6,61.1,59,0,Under way using engine,2026-08-24 09:23:07,2026-08-24 01:23:07
137-20.637E,40-0.917N,137.343948,40.015285,016.7,61.2,59,0,Under way using engine,2026-08-24 09:24:07,2026-08-24 01:24:07
137-20.954E,40-1.052N,137.349233,40.017527,016.7,60.8,59,0,Under way using engine,2026-08-24 09:25:07,2026-08-24 01:25:07
137-21.274E,40-1.187N,137.35457,40.019787,016.7,61.3,59,0,Under way using engine,2026-08-24 09:26:07,2026-08-24 01:26:07
137-21.592E,40-1.323N,137.359862,40.022058,016.7,61.4,59,0,Under way using engine,2026-08-24 09:27:07,2026-08-24 01:27:07
137-21.942E,40-1.472N,137.365702,40.02454,016.7,61.5,59,0,Under way using engine,2026-08-24 09:28:13,2026-08-24 01:28:13
137-22.254E,40-1.605N,137.370903,40.026748,016.6,61,59,0,Under way using engine,2026-08-24 09:29:12,2026-08-24 01:29:12
137-22.571E,40-1.740N,137.376178,40.029002,016.7,60.3,59,0,Under way using engine,2026-08-24 09:30:12,2026-08-24 01:30:12
137-22.893E,40-1.877N,137.381553,40.031285,016.7,60.2,59,0,Under way using engine,2026-08-24 09:31:12,2026-08-24 01:31:12
137-23.205E,40-2.009N,137.386748,40.033487,016.7,60.8,59,0,Under way using engine,2026-08-24 09:32:12,2026-08-24 01:32:12
137-23.528E,40-2.147N,137.392125,40.035777,016.7,60.9,58,0,Under way using engine,2026-08-24 09:33:12,2026-08-24 01:33:12
137-23.840E,40-2.281N,137.397333,40.038022,016.8,60.6,58,0,Under way using engine,2026-08-24 09:34:13,2026-08-24 01:34:13
137-24.161E,40-2.422N,137.402687,40.040367,016.7,60.3,58,0,Under way using engine,2026-08-24 09:35:13,2026-08-24 01:35:13
137-24.480E,40-2.561N,137.408005,40.042677,016.8,60.4,58,0,Under way using engine,2026-08-24 09:36:13,2026-08-24 01:36:13
137-24.792E,40-2.697N,137.413205,40.044953,016.8,60.3,58,0,Under way using engine,2026-08-24 09:37:13,2026-08-24 01:37:13
137-25.117E,40-2.838N,137.418615,40.047295,016.8,60.2,58,0,Under way using engine,2026-08-24 09:38:13,2026-08-24 01:38:13
137-25.434E,40-2.976N,137.4239,40.049595,016.7,60.8,58,0,Under way using engine,2026-08-24 09:39:13,2026-08-24 01:39:13
137-25.752E,40-3.113N,137.429195,40.051878,016.8,61,58,0,Under way using engine,2026-08-24 09:40:13,2026-08-24 01:40:13
137-26.072E,40-3.250N,137.434527,40.054165,016.8,60.8,58,0,Under way using engine,2026-08-24 09:41:13,2026-08-24 01:41:13
137-26.394E,40-3.386N,137.439892,40.056432,016.8,61.1,58,0,Under way using engine,2026-08-24 09:42:13,2026-08-24 01:42:13
137-26.713E,40-3.522N,137.445223,40.058708,016.8,60.7,58,0,Under way using engine,2026-08-24 09:43:12,2026-08-24 01:43:12
137-27.032E,40-3.656N,137.450528,40.060938,016.9,60.9,58,0,Under way using engine,2026-08-24 09:44:13,2026-08-24 01:44:13
137-27.353E,40-3.794N,137.455888,40.06323,016.9,61.3,58,0,Under way using engine,2026-08-24 09:45:12,2026-08-24 01:45:12
137-27.676E,40-3.930N,137.461263,40.065507,016.9,61.8,58,0,Under way using engine,2026-08-24 09:46:12,2026-08-24 01:46:12
137-28.001E,40-4.066N,137.466675,40.067768,017.0,61.4,58,0,Under way using engine,2026-08-24 09:47:12,2026-08-24 01:47:12
137-28.400E,40-4.234N,137.473327,40.070563,017.0,61.5,58,0,Under way using engine,2026-08-24 09:48:25,2026-08-24 01:48:25
137-28.720E,40-4.366N,137.47866,40.072772,016.9,61.7,58,0,Under way using engine,2026-08-24 09:49:25,2026-08-24 01:49:25
137-29.043E,40-4.500N,137.484055,40.074992,016.9,61.6,58,0,Under way using engine,2026-08-24 09:50:25,2026-08-24 01:50:25
137-29.373E,40-4.635N,137.489558,40.077253,016.9,61.8,58,0,Under way using engine,2026-08-24 09:51:25,2026-08-24 01:51:25
137-29.693E,40-4.766N,137.494878,40.07943,016.8,62.4,58,0,Under way using engine,2026-08-24 09:52:25,2026-08-24 01:52:25
137-30.013E,40-4.902N,137.500217,40.0817,016.9,60.5,56,0,Under way using engine,2026-08-24 09:53:25,2026-08-24 01:53:25
137-30.328E,40-5.038N,137.50547,40.083965,016.8,61,56,0,Under way using engine,2026-08-24 09:54:25,2026-08-24 01:54:25
137-30.651E,40-5.179N,137.510847,40.086322,016.8,60.3,56,0,Under way using engine,2026-08-24 09:55:25,2026-08-24 01:55:25
137-30.968E,40-5.318N,137.51614,40.088633,016.8,59.2,55,0,Under way using engine,2026-08-24 09:56:25,2026-08-24 01:56:25
137-31.279E,40-5.458N,137.52132,40.090963,016.8,59.3,55,0,Under way using engine,2026-08-24 09:57:25,2026-08-24 01:57:25
137-31.599E,40-5.603N,137.526648,40.093383,016.8,59.4,55,0,Under way using engine,2026-08-24 09:58:25,2026-08-24 01:58:25
137-31.916E,40-5.746N,137.53193,40.095767,016.8,59.6,55,0,Under way using engine,2026-08-24 09:59:26,2026-08-24 01:59:26
137-32.235E,40-5.891N,137.537257,40.098185,016.8,59.4,55,0,Under way using engine,2026-08-24 10:00:26,2026-08-24 02:00:26
137-32.553E,40-6.032N,137.542543,40.100525,016.7,59.4,55,0,Under way using engine,2026-08-24 10:01:26,2026-08-24 02:01:26
137-32.861E,40-6.171N,137.547683,40.102853,016.7,59.8,55,0,Under way using engine,2026-08-24 10:02:26,2026-08-24 02:02:26
137-33.182E,40-6.316N,137.553037,40.10527,016.7,59.7,55,0,Under way using engine,2026-08-24 10:03:26,2026-08-24 02:03:26
137-33.493E,40-6.453N,137.558215,40.107552,016.8,59.9,55,0,Under way using engine,2026-08-24 10:04:26,2026-08-24 02:04:26
137-33.813E,40-6.597N,137.563547,40.109952,016.7,59.8,55,0,Under way using engine,2026-08-24 10:05:26,2026-08-24 02:05:26
137-34.123E,40-6.734N,137.568722,40.112237,016.7,59.8,55,0,Under way using engine,2026-08-24 10:06:25,2026-08-24 02:06:25
137-34.470E,40-6.890N,137.574492,40.114825,016.7,59.7,55,0,Under way using engine,2026-08-24 10:07:31,2026-08-24 02:07:31
137-34.785E,40-7.029N,137.57975,40.117148,016.8,59.9,55,0,Under way using engine,2026-08-24 10:08:31,2026-08-24 02:08:31
137-35.095E,40-7.169N,137.584912,40.119477,016.8,60,56,0,Under way using engine,2026-08-24 10:09:31,2026-08-24 02:09:31
137-35.417E,40-7.310N,137.590288,40.12183,016.8,60.1,56,0,Under way using engine,2026-08-24 10:10:32,2026-08-24 02:10:32
137-35.739E,40-7.452N,137.595645,40.124203,016.7,60.3,56,0,Under way using engine,2026-08-24 10:11:32,2026-08-24 02:11:32
137-36.051E,40-7.586N,137.600847,40.12644,016.7,60.4,56,0,Under way using engine,2026-08-24 10:12:32,2026-08-24 02:12:32
137-36.369E,40-7.726N,137.606157,40.12877,016.6,60.2,56,0,Under way using engine,2026-08-24 10:13:32,2026-08-24 02:13:32
137-36.680E,40-7.859N,137.611333,40.130985,016.6,59.9,56,0,Under way using engine,2026-08-24 10:14:31,2026-08-24 02:14:31
137-37.022E,40-8.011N,137.61703,40.133512,016.4,59.9,56,0,Under way using engine,2026-08-24 10:15:37,2026-08-24 02:15:37
137-37.340E,40-8.148N,137.622335,40.135803,016.4,59.7,56,0,Under way using engine,2026-08-24 10:16:37,2026-08-24 02:16:37
137-37.644E,40-8.283N,137.627397,40.138058,016.5,59.9,56,0,Under way using engine,2026-08-24 10:17:37,2026-08-24 02:17:37
137-37.961E,40-8.423N,137.63269,40.140385,016.4,59.9,56,0,Under way using engine,2026-08-24 10:18:37,2026-08-24 02:18:37
137-38.390E,40-8.612N,137.63983,40.143537,016.4,59.9,56,0,Under way using engine,2026-08-24 10:20:01,2026-08-24 02:20:01
137-38.698E,40-8.749N,137.644962,40.145817,016.4,59.5,56,0,Under way using engine,2026-08-24 10:21:01,2026-08-24 02:21:01
137-39.343E,40-9.036N,137.65571,40.150602,016.5,59.7,56,0,Under way using engine,2026-08-24 10:23:07,2026-08-24 02:23:07
137-41.059E,40-9.798N,137.68431,40.163292,016.5,59.9,56,0,Under way using engine,2026-08-24 10:28:37,2026-08-24 02:28:37
137-42.371E,40-10.369N,137.70618,40.172822,016.5,60.2,56,0,Under way using engine,2026-08-24 10:32:49,2026-08-24 02:32:49
137-42.690E,40-10.508N,137.711497,40.175135,016.5,60.3,56,0,Under way using engine,2026-08-24 10:33:49,2026-08-24 02:33:49
137-43.098E,40-10.684N,137.718297,40.178062,016.5,60.5,56,0,Under way using engine,2026-08-24 10:35:07,2026-08-24 02:35:07
137-43.474E,40-10.846N,137.72457,40.180773,016.5,60.2,56,0,Under way using engine,2026-08-24 10:36:19,2026-08-24 02:36:19
137-43.788E,40-10.982N,137.729805,40.183037,016.5,60.3,56,0,Under way using engine,2026-08-24 10:37:19,2026-08-24 02:37:19
137-44.094E,40-11.119N,137.7349,40.185322,016.5,60,56,0,Under way using engine,2026-08-24 10:38:19,2026-08-24 02:38:19
137-44.409E,40-11.256N,137.740142,40.187597,016.5,60.6,56,0,Under way using engine,2026-08-24 10:39:19,2026-08-24 02:39:19
137-44.726E,40-11.395N,137.745437,40.18991,016.6,60.6,56,0,Under way using engine,2026-08-24 10:40:19,2026-08-24 02:40:19
137-45.036E,40-11.528N,137.750592,40.192137,016.5,60.6,56,0,Under way using engine,2026-08-24 10:41:19,2026-08-24 02:41:19
137-45.353E,40-11.668N,137.75589,40.19447,016.5,60.4,56,0,Under way using engine,2026-08-24 10:42:19,2026-08-24 02:42:19
137-45.661E,40-11.804N,137.761017,40.19673,016.5,59.8,56,0,Under way using engine,2026-08-24 10:43:19,2026-08-24 02:43:19
137-45.978E,40-11.942N,137.766293,40.199037,016.5,60.3,56,0,Under way using engine,2026-08-24 10:44:19,2026-08-24 02:44:19
137-46.290E,40-12.078N,137.771502,40.201292,016.5,60.4,56,0,Under way using engine,2026-08-24 10:45:19,2026-08-24 02:45:19
137-46.603E,40-12.216N,137.776722,40.203595,016.6,60.4,56,0,Under way using engine,2026-08-24 10:46:19,2026-08-24 02:46:19
137-46.918E,40-12.352N,137.781962,40.205873,016.6,60.3,56,0,Under way using engine,2026-08-24 10:47:19,2026-08-24 02:47:19
137-47.233E,40-12.489N,137.78722,40.208158,016.6,60.2,56,0,Under way using engine,2026-08-24 10:48:19,2026-08-24 02:48:19
137-47.548E,40-12.627N,137.792473,40.210452,016.6,60.5,56,0,Under way using engine,2026-08-24 10:49:19,2026-08-24 02:49:19
137-47.868E,40-12.769N,137.797803,40.212812,016.7,59.6,56,0,Under way using engine,2026-08-24 10:50:19,2026-08-24 02:50:19
137-48.180E,40-12.905N,137.802992,40.215087,016.7,60.3,56,0,Under way using engine,2026-08-24 10:51:19,2026-08-24 02:51:19
137-48.495E,40-13.045N,137.808247,40.217418,016.7,60.4,56,0,Under way using engine,2026-08-24 10:52:19,2026-08-24 02:52:19
137-48.810E,40-13.184N,137.813502,40.219725,016.6,59.4,56,0,Under way using engine,2026-08-24 10:53:19,2026-08-24 02:53:19
137-49.124E,40-13.323N,137.81873,40.222053,016.6,59.9,56,0,Under way using engine,2026-08-24 10:54:19,2026-08-24 02:54:19
137-49.438E,40-13.460N,137.823963,40.224337,016.7,59.3,56,0,Under way using engine,2026-08-24 10:55:19,2026-08-24 02:55:19
137-49.751E,40-13.603N,137.829177,40.226722,016.6,59.4,56,0,Under way using engine,2026-08-24 10:56:19,2026-08-24 02:56:19
137-50.063E,40-13.745N,137.834387,40.229088,016.6,59.7,56,0,Under way using engine,2026-08-24 10:57:19,2026-08-24 02:57:19
137-50.379E,40-13.886N,137.839642,40.231428,016.6,59.6,56,0,Under way using engine,2026-08-24 10:58:19,2026-08-24 02:58:19
137-50.692E,40-14.028N,137.844865,40.2338,016.7,59.6,56,0,Under way using engine,2026-08-24 10:59:19,2026-08-24 02:59:19
137-51.000E,40-14.166N,137.850005,40.236107,016.6,59.6,56,0,Under way using engine,2026-08-24 11:00:19,2026-08-24 03:00:19
137-51.315E,40-14.309N,137.855252,40.23848,016.6,59.3,56,0,Under way using engine,2026-08-24 11:01:19,2026-08-24 03:01:19
137-51.631E,40-14.451N,137.860515,40.240855,016.6,59.2,56,0,Under way using engine,2026-08-24 11:02:19,2026-08-24 03:02:19
137-51.938E,40-14.590N,137.865635,40.243163,016.6,59.2,56,0,Under way using engine,2026-08-24 11:03:19,2026-08-24 03:03:19
137-52.255E,40-14.733N,137.870915,40.245542,016.6,59.3,56,0,Under way using engine,2026-08-24 11:04:19,2026-08-24 03:04:19
137-52.562E,40-14.873N,137.876032,40.24788,016.6,59.3,56,0,Under way using engine,2026-08-24 11:05:19,2026-08-24 03:05:19
137-52.873E,40-15.015N,137.881223,40.25025,016.6,59.4,56,0,Under way using engine,2026-08-24 11:06:19,2026-08-24 03:06:19
137-53.192E,40-15.157N,137.886533,40.252612,016.6,59.5,56,0,Under way using engine,2026-08-24 11:07:19,2026-08-24 03:07:19
137-53.504E,40-15.298N,137.89173,40.254973,016.6,59.6,56,0,Under way using engine,2026-08-24 11:08:19,2026-08-24 03:08:19
137-53.816E,40-15.440N,137.896937,40.257335,016.6,59.4,56,0,Under way using engine,2026-08-24 11:09:19,2026-08-24 03:09:19
137-54.124E,40-15.580N,137.902072,40.259662,016.7,59.4,56,0,Under way using engine,2026-08-24 11:10:19,2026-08-24 03:10:19
137-54.442E,40-15.724N,137.907368,40.262067,016.7,59.3,56,0,Under way using engine,2026-08-24 11:11:19,2026-08-24 03:11:19
137-54.757E,40-15.865N,137.91261,40.264412,016.7,59.4,56,0,Under way using engine,2026-08-24 11:12:19,2026-08-24 03:12:19
137-55.070E,40-16.008N,137.917838,40.266808,016.7,59.2,56,0,Under way using engine,2026-08-24 11:13:19,2026-08-24 03:13:19
137-55.384E,40-16.150N,137.923067,40.269172,016.7,59.4,56,0,Under way using engine,2026-08-24 11:14:19,2026-08-24 03:14:19
137-55.694E,40-16.292N,137.928225,40.271532,016.7,59.6,56,0,Under way using engine,2026-08-24 11:15:19,2026-08-24 03:15:19
137-56.005E,40-16.434N,137.93342,40.273898,016.6,59.3,56,0,Under way using engine,2026-08-24 11:16:18,2026-08-24 03:16:18
137-56.324E,40-16.580N,137.938727,40.276325,016.7,59.6,56,0,Under way using engine,2026-08-24 11:17:18,2026-08-24 03:17:18
137-56.631E,40-16.718N,137.943857,40.278627,016.6,59,56,0,Under way using engine,2026-08-24 11:18:18,2026-08-24 03:18:18
137-56.948E,40-16.863N,137.949128,40.281047,016.7,58.9,56,0,Under way using engine,2026-08-24 11:19:18,2026-08-24 03:19:18
137-57.260E,40-17.004N,137.954333,40.283393,016.6,59.1,56,0,Under way using engine,2026-08-24 11:20:19,2026-08-24 03:20:19
137-57.573E,40-17.145N,137.95955,40.285755,016.7,59.4,56,0,Under way using engine,2026-08-24 11:21:19,2026-08-24 03:21:19
137-57.891E,40-17.288N,137.964853,40.288137,016.7,59.4,56,0,Under way using engine,2026-08-24 11:22:19,2026-08-24 03:22:19
137-58.201E,40-17.427N,137.97001,40.290453,016.7,59.8,56,0,Under way using engine,2026-08-24 11:23:19,2026-08-24 03:23:19
137-58.521E,40-17.571N,137.975343,40.292855,016.6,60,56,0,Under way using engine,2026-08-24 11:24:19,2026-08-24 03:24:19
137-58.826E,40-17.710N,137.98044,40.29516,016.6,58.6,56,0,Under way using engine,2026-08-24 11:25:19,2026-08-24 03:25:19
137-59.139E,40-17.852N,137.985647,40.297538,016.6,59.8,56,0,Under way using engine,2026-08-24 11:26:19,2026-08-24 03:26:19
137-59.451E,40-17.993N,137.990842,40.299885,016.6,59.7,56,0,Under way using engine,2026-08-24 11:27:19,2026-08-24 03:27:19
137-59.763E,40-18.135N,137.996045,40.302255,016.6,59.3,56,0,Under way using engine,2026-08-24 11:28:19,2026-08-24 03:28:19
138-0.074E,40-18.276N,138.001227,40.304597,016.6,59.3,56,0,Under way using engine,2026-08-24 11:29:19,2026-08-24 03:29:19
138-0.381E,40-18.414N,138.006345,40.306905,016.6,59.5,56,0,Under way using engine,2026-08-24 11:30:19,2026-08-24 03:30:19
138-0.697E,40-18.558N,138.011623,40.3093,016.5,59.6,56,0,Under way using engine,2026-08-24 11:31:19,2026-08-24 03:31:19
138-1.003E,40-18.698N,138.01672,40.31163,016.6,58.6,56,0,Under way using engine,2026-08-24 11:32:19,2026-08-24 03:32:19
138-1.320E,40-18.841N,138.021998,40.314015,016.5,59,56,0,Under way using engine,2026-08-24 11:33:19,2026-08-24 03:33:19
138-1.632E,40-18.985N,138.027197,40.316412,016.7,59.6,56,0,Under way using engine,2026-08-24 11:34:19,2026-08-24 03:34:19
138-1.945E,40-19.125N,138.032423,40.318757,016.7,58.9,56,0,Under way using engine,2026-08-24 11:35:19,2026-08-24 03:35:19
138-2.258E,40-19.268N,138.037637,40.321135,016.6,58.9,56,0,Under way using engine,2026-08-24 11:36:19,2026-08-24 03:36:19
138-2.565E,40-19.408N,138.042757,40.323468,016.8,59.2,56,0,Under way using engine,2026-08-24 11:37:19,2026-08-24 03:37:19
138-2.880E,40-19.553N,138.048003,40.325882,016.8,59.4,56,0,Under way using engine,2026-08-24 11:38:19,2026-08-24 03:38:19
138-3.201E,40-19.698N,138.053358,40.328307,016.8,59.6,57,0,Under way using engine,2026-08-24 11:39:19,2026-08-24 03:39:19
138-3.513E,40-19.838N,138.058542,40.330637,016.8,58.8,56,0,Under way using engine,2026-08-24 11:40:19,2026-08-24 03:40:19
138-3.831E,40-19.985N,138.063843,40.333082,016.7,58.6,56,0,Under way using engine,2026-08-24 11:41:19,2026-08-24 03:41:19
138-4.144E,40-20.130N,138.069073,40.335495,016.7,58.3,56,0,Under way using engine,2026-08-24 11:42:19,2026-08-24 03:42:19
138-4.459E,40-20.271N,138.07431,40.337842,016.7,60.1,58,0,Under way using engine,2026-08-24 11:43:19,2026-08-24 03:43:19
138-4.778E,40-20.408N,138.07963,40.34013,016.7,60.6,58,0,Under way using engine,2026-08-24 11:44:19,2026-08-24 03:44:19
138-5.095E,40-20.546N,138.084922,40.342438,016.7,60.3,57,0,Under way using engine,2026-08-24 11:45:19,2026-08-24 03:45:19
138-5.411E,40-20.685N,138.090178,40.344745,016.7,60.2,57,0,Under way using engine,2026-08-24 11:46:19,2026-08-24 03:46:19
138-5.726E,40-20.825N,138.095428,40.347083,016.7,59.3,57,0,Under way using engine,2026-08-24 11:47:19,2026-08-24 03:47:19
138-6.042E,40-20.966N,138.100692,40.349432,016.7,59.6,57,0,Under way using engine,2026-08-24 11:48:19,2026-08-24 03:48:19
138-6.358E,40-21.107N,138.105963,40.351775,016.6,59.7,57,0,Under way using engine,2026-08-24 11:49:19,2026-08-24 03:49:19
138-6.665E,40-21.244N,138.111083,40.354073,016.6,59.5,57,0,Under way using engine,2026-08-24 11:50:18,2026-08-24 03:50:18
138-6.984E,40-21.389N,138.116397,40.356482,016.7,59.4,57,0,Under way using engine,2026-08-24 11:51:18,2026-08-24 03:51:18
138-7.295E,40-21.526N,138.12158,40.35876,016.6,59.7,57,0,Under way using engine,2026-08-24 11:52:18,2026-08-24 03:52:18
138-7.612E,40-21.668N,138.126863,40.361138,016.5,59.5,57,0,Under way using engine,2026-08-24 11:53:18,2026-08-24 03:53:18
138-7.919E,40-21.806N,138.131983,40.363425,016.5,59.8,57,0,Under way using engine,2026-08-24 11:54:18,2026-08-24 03:54:18
138-8.232E,40-21.944N,138.137208,40.36573,016.5,59.9,57,0,Under way using engine,2026-08-24 11:55:18,2026-08-24 03:55:18
138-8.557E,40-22.087N,138.14261,40.368115,016.6,59.5,57,0,Under way using engine,2026-08-24 11:56:19,2026-08-24 03:56:19
138-8.865E,40-22.224N,138.147745,40.370393,016.5,59.4,57,0,Under way using engine,2026-08-24 11:57:19,2026-08-24 03:57:19
138-9.182E,40-22.365N,138.153037,40.372745,016.5,59.4,57,0,Under way using engine,2026-08-24 11:58:19,2026-08-24 03:58:19
138-9.489E,40-22.502N,138.15815,40.375033,016.5,60.1,57,0,Under way using engine,2026-08-24 11:59:19,2026-08-24 03:59:19
138-9.800E,40-22.639N,138.163328,40.377318,016.4,59.7,57,0,Under way using engine,2026-08-24 12:00:19,2026-08-24 04:00:19
138-10.106E,40-22.773N,138.168427,40.379558,016.4,59.8,57,0,Under way using engine,2026-08-24 12:01:19,2026-08-24 04:01:19
138-10.421E,40-22.915N,138.173688,40.381917,016.4,59.5,57,0,Under way using engine,2026-08-24 12:02:19,2026-08-24 04:02:19
138-10.733E,40-23.055N,138.17888,40.384242,016.5,59.9,57,0,Under way using engine,2026-08-24 12:03:19,2026-08-24 04:03:19
138-11.042E,40-23.191N,138.184037,40.38651,016.5,59.9,57,0,Under way using engine,2026-08-24 12:04:19,2026-08-24 04:04:19
138-11.358E,40-23.331N,138.189298,40.388843,016.5,59.7,57,0,Under way using engine,2026-08-24 12:05:19,2026-08-24 04:05:19
138-11.666E,40-23.468N,138.19444,40.391132,016.6,60.1,57,0,Under way using engine,2026-08-24 12:06:18,2026-08-24 04:06:18
138-11.979E,40-23.607N,138.199647,40.393448,016.5,59.8,57,0,Under way using engine,2026-08-24 12:07:18,2026-08-24 04:07:18
138-12.296E,40-23.748N,138.204933,40.395795,016.5,59.3,57,0,Under way using engine,2026-08-24 12:08:18,2026-08-24 04:08:18
138-12.602E,40-23.885N,138.210037,40.398075,016.5,59.6,57,0,Under way using engine,2026-08-24 12:09:18,2026-08-24 04:09:18
138-12.913E,40-24.023N,138.215222,40.400375,016.5,59.7,57,0,Under way using engine,2026-08-24 12:10:18,2026-08-24 04:10:18
138-13.225E,40-24.161N,138.220417,40.40268,016.5,59.4,57,0,Under way using engine,2026-08-24 12:11:18,2026-08-24 04:11:18
138-13.542E,40-24.303N,138.2257,40.405045,016.5,59.4,57,0,Under way using engine,2026-08-24 12:12:20,2026-08-24 04:12:20
138-13.861E,40-24.444N,138.23102,40.407408,016.6,59.3,57,0,Under way using engine,2026-08-24 12:13:20,2026-08-24 04:13:20
138-14.167E,40-24.581N,138.236113,40.409675,016.5,59.7,57,0,Under way using engine,2026-08-24 12:14:20,2026-08-24 04:14:20
138-14.484E,40-24.722N,138.2414,40.412033,016.5,59.9,57,0,Under way using engine,2026-08-24 12:15:20,2026-08-24 04:15:20
138-14.790E,40-24.858N,138.246508,40.414307,016.4,59.5,57,0,Under way using engine,2026-08-24 12:16:20,2026-08-24 04:16:20
138-15.108E,40-24.999N,138.251792,40.416647,016.4,59.6,57,0,Under way using engine,2026-08-24 12:17:20,2026-08-24 04:17:20
138-15.417E,40-25.137N,138.256948,40.418958,016.3,59.5,57,0,Under way using engine,2026-08-24 12:18:19,2026-08-24 04:18:19
138-15.724E,40-25.273N,138.26206,40.421213,016.4,59.5,57,0,Under way using engine,2026-08-24 12:19:19,2026-08-24 04:19:19
138-16.033E,40-25.411N,138.267212,40.423515,016.4,59.6,57,0,Under way using engine,2026-08-24 12:20:19,2026-08-24 04:20:19
138-16.346E,40-25.550N,138.27243,40.425828,016.5,60.2,57,0,Under way using engine,2026-08-24 12:21:19,2026-08-24 04:21:19
138-16.658E,40-25.688N,138.27763,40.42813,016.5,59.4,57,0,Under way using engine,2026-08-24 12:22:19,2026-08-24 04:22:19
138-16.969E,40-25.827N,138.282823,40.430443,016.4,59.6,57,0,Under way using engine,2026-08-24 12:23:19,2026-08-24 04:23:19
138-17.275E,40-25.962N,138.287912,40.432693,016.4,59.6,57,0,Under way using engine,2026-08-24 12:24:19,2026-08-24 04:24:19
138-17.592E,40-26.101N,138.293198,40.435022,016.4,59.9,57,0,Under way using engine,2026-08-24 12:25:19,2026-08-24 04:25:19
138-17.897E,40-26.237N,138.298288,40.437275,016.4,60.4,57,0,Under way using engine,2026-08-24 12:26:19,2026-08-24 04:26:19
138-18.213E,40-26.376N,138.303555,40.439607,016.4,59.9,57,0,Under way using engine,2026-08-24 12:27:19,2026-08-24 04:27:19
138-18.518E,40-26.510N,138.308625,40.441832,016.4,59.5,57,0,Under way using engine,2026-08-24 12:28:19,2026-08-24 04:28:19
138-18.829E,40-26.648N,138.313818,40.444133,016.4,60.8,59,0,Under way using engine,2026-08-24 12:29:19,2026-08-24 04:29:19
138-19.148E,40-26.782N,138.319135,40.44636,016.4,61.3,59,0,Under way using engine,2026-08-24 12:30:19,2026-08-24 04:30:19
138-19.458E,40-26.910N,138.324303,40.4485,016.5,61.1,59,0,Under way using engine,2026-08-24 12:31:19,2026-08-24 04:31:19
138-19.780E,40-27.042N,138.329665,40.450692,016.3,61.6,59,0,Under way using engine,2026-08-24 12:32:19,2026-08-24 04:32:19
138-20.090E,40-27.168N,138.334825,40.452808,016.3,61.9,59,0,Under way using engine,2026-08-24 12:33:19,2026-08-24 04:33:19
138-20.408E,40-27.300N,138.340132,40.455,016.3,61.7,59,0,Under way using engine,2026-08-24 12:34:19,2026-08-24 04:34:19
138-20.722E,40-27.429N,138.345373,40.457152,016.3,62.1,59,0,Under way using engine,2026-08-24 12:35:19,2026-08-24 04:35:19
138-21.034E,40-27.557N,138.350567,40.459283,016.5,61.9,59,0,Under way using engine,2026-08-24 12:36:19,2026-08-24 04:36:19
138-21.356E,40-27.691N,138.35593,40.461512,016.4,61.8,59,0,Under way using engine,2026-08-24 12:37:19,2026-08-24 04:37:19
138-21.672E,40-27.821N,138.361202,40.463677,016.4,61.7,59,0,Under way using engine,2026-08-24 12:38:19,2026-08-24 04:38:19
138-21.988E,40-27.950N,138.36647,40.465837,016.4,61.6,59,0,Under way using engine,2026-08-24 12:39:19,2026-08-24 04:39:19
138-22.308E,40-28.081N,138.371793,40.468023,016.2,61.5,59,0,Under way using engine,2026-08-24 12:40:18,2026-08-24 04:40:18
138-22.618E,40-28.209N,138.376973,40.470148,016.3,62.1,59,0,Under way using engine,2026-08-24 12:41:19,2026-08-24 04:41:19
138-22.930E,40-28.336N,138.38217,40.472272,016.2,62,59,0,Under way using engine,2026-08-24 12:42:19,2026-08-24 04:42:19
138-23.238E,40-28.463N,138.387293,40.47438,016.2,61.8,59,0,Under way using engine,2026-08-24 12:43:19,2026-08-24 04:43:19
138-23.556E,40-28.595N,138.3926,40.476577,016.2,62.1,59,0,Under way using engine,2026-08-24 12:44:17,2026-08-24 04:44:17
138-23.862E,40-28.721N,138.397697,40.47868,016.2,61.9,59,0,Under way using engine,2026-08-24 12:45:17,2026-08-24 04:45:17
138-24.181E,40-28.851N,138.403012,40.48085,016.2,61.5,59,0,Under way using engine,2026-08-24 12:46:19,2026-08-24 04:46:19
138-24.493E,40-28.980N,138.408215,40.483,016.2,61.6,59,0,Under way using engine,2026-08-24 12:47:19,2026-08-24 04:47:19
138-24.798E,40-29.106N,138.4133,40.485097,016.1,61.3,59,0,Under way using engine,2026-08-24 12:48:19,2026-08-24 04:48:19
138-25.121E,40-29.238N,138.418683,40.487298,016.2,61.8,59,0,Under way using engine,2026-08-24 12:49:20,2026-08-24 04:49:20
138-25.429E,40-29.364N,138.423818,40.489408,016.3,61.5,59,0,Under way using engine,2026-08-24 12:50:18,2026-08-24 04:50:18
138-25.742E,40-29.491N,138.429025,40.491518,016.3,61.6,59,0,Under way using engine,2026-08-24 12:51:20,2026-08-24 04:51:20
138-26.063E,40-29.622N,138.434382,40.493697,016.3,61.8,59,0,Under way using engine,2026-08-24 12:52:18,2026-08-24 04:52:18
138-26.371E,40-29.749N,138.43951,40.495817,016.3,61.7,59,0,Under way using engine,2026-08-24 12:53:19,2026-08-24 04:53:19
138-26.687E,40-29.878N,138.444778,40.49797,016.2,61.4,59,0,Under way using engine,2026-08-24 12:54:18,2026-08-24 04:54:18
138-26.997E,40-30.005N,138.449953,40.500083,016.1,61.2,59,0,Under way using engine,2026-08-24 12:55:18,2026-08-24 04:55:18
138-27.307E,40-30.133N,138.45512,40.502213,016.1,61.5,59,0,Under way using engine,2026-08-24 12:56:18,2026-08-24 04:56:18
138-27.624E,40-30.264N,138.460403,40.5044,016.1,61.1,59,0,Under way using engine,2026-08-24 12:57:18,2026-08-24 04:57:18
138-27.931E,40-30.391N,138.465515,40.506518,016.2,61.5,59,0,Under way using engine,2026-08-24 12:58:18,2026-08-24 04:58:18
138-28.243E,40-30.521N,138.47072,40.50868,016.1,61.7,59,0,Under way using engine,2026-08-24 12:59:18,2026-08-24 04:59:18
138-28.555E,40-30.649N,138.475917,40.51081,016.1,61.6,59,0,Under way using engine,2026-08-24 13:00:19,2026-08-24 05:00:19
138-28.866E,40-30.777N,138.481093,40.512948,016.1,60.9,59,0,Under way using engine,2026-08-24 13:01:19,2026-08-24 05:01:19
138-29.175E,40-30.907N,138.486252,40.515112,016.1,61,59,0,Under way using engine,2026-08-24 13:02:19,2026-08-24 05:02:19
138-29.487E,40-31.037N,138.49145,40.517277,016.2,61.2,59,0,Under way using engine,2026-08-24 13:03:19,2026-08-24 05:03:19
138-29.803E,40-31.169N,138.496717,40.519485,016.2,61.3,59,0,Under way using engine,2026-08-24 13:04:19,2026-08-24 05:04:19
138-30.109E,40-31.297N,138.501818,40.521618,016.2,61.2,59,0,Under way using engine,2026-08-24 13:05:19,2026-08-24 05:05:19
138-30.420E,40-31.427N,138.506998,40.523783,016.2,61.5,59,0,Under way using engine,2026-08-24 13:06:19,2026-08-24 05:06:19
138-30.733E,40-31.556N,138.51221,40.525925,016.2,61.6,59,0,Under way using engine,2026-08-24 13:07:19,2026-08-24 05:07:19
138-31.044E,40-31.685N,138.517407,40.528085,016.2,61.2,59,0,Under way using engine,2026-08-24 13:08:19,2026-08-24 05:08:19
138-31.360E,40-31.817N,138.522665,40.530277,016.1,61.7,59,0,Under way using engine,2026-08-24 13:09:19,2026-08-24 05:09:19
138-31.668E,40-31.944N,138.527795,40.532393,016.2,61.1,59,0,Under way using engine,2026-08-24 13:10:19,2026-08-24 05:10:19
138-31.984E,40-32.075N,138.53307,40.534575,016.2,61.3,59,0,Under way using engine,2026-08-24 13:11:19,2026-08-24 05:11:19
138-32.292E,40-32.202N,138.538203,40.536707,016.2,61.2,59,0,Under way using engine,2026-08-24 13:12:19,2026-08-24 05:12:19
138-32.602E,40-32.331N,138.543372,40.538857,016.1,60.9,59,0,Under way using engine,2026-08-24 13:13:19,2026-08-24 05:13:19
138-32.908E,40-32.466N,138.54847,40.541095,016.1,59,56,0,Under way using engine,2026-08-24 13:14:19,2026-08-24 05:14:19
138-33.211E,40-32.606N,138.553522,40.543425,016.1,58.2,56,0,Under way using engine,2026-08-24 13:15:19,2026-08-24 05:15:19
138-33.541E,40-32.761N,138.559015,40.546018,016.1,58.1,56,0,Under way using engine,2026-08-24 13:16:25,2026-08-24 05:16:25
138-33.865E,40-32.914N,138.564413,40.54857,016.0,58.2,56,0,Under way using engine,2026-08-24 13:17:31,2026-08-24 05:17:31
138-34.193E,40-33.070N,138.569883,40.551165,016.0,58.2,56,0,Under way using engine,2026-08-24 13:18:37,2026-08-24 05:18:37
138-34.223E,40-33.084N,138.570382,40.5514,016.0,58.1,56,0,Under way using engine,2026-08-24 13:18:43,2026-08-24 05:18:43
138-34.526E,40-33.226N,138.575437,40.553768,016.0,58.4,56,0,Under way using engine,2026-08-24 13:19:43,2026-08-24 05:19:43
138-34.851E,40-33.380N,138.580842,40.556335,016.0,58.1,56,0,Under way using engine,2026-08-24 13:20:48,2026-08-24 05:20:48
138-35.183E,40-33.538N,138.58639,40.558967,016.0,58.5,56,0,Under way using engine,2026-08-24 13:21:55,2026-08-24 05:21:55
138-35.484E,40-33.680N,138.591408,40.561328,016.1,58.1,56,0,Under way using engine,2026-08-24 13:22:55,2026-08-24 05:22:55
138-35.785E,40-33.823N,138.596415,40.563722,016.1,58.4,56,0,Under way using engine,2026-08-24 13:23:55,2026-08-24 05:23:55
138-36.114E,40-33.979N,138.601898,40.566318,015.9,57.8,56,0,Under way using engine,2026-08-24 13:25:01,2026-08-24 05:25:01
138-36.438E,40-34.134N,138.607308,40.568895,015.9,58.2,56,0,Under way using engine,2026-08-24 13:26:07,2026-08-24 05:26:07
138-36.765E,40-34.289N,138.612757,40.57148,015.9,57.9,57,0,Under way using engine,2026-08-24 13:27:13,2026-08-24 05:27:13
138-37.091E,40-34.441N,138.618188,40.574012,015.8,58.7,57,0,Under way using engine,2026-08-24 13:28:19,2026-08-24 05:28:19
138-37.425E,40-34.593N,138.623742,40.576552,015.9,58.6,57,0,Under way using engine,2026-08-24 13:29:25,2026-08-24 05:29:25
138-37.743E,40-34.741N,138.629047,40.579015,015.9,58.3,57,0,Under way using engine,2026-08-24 13:30:31,2026-08-24 05:30:31
138-38.047E,40-34.882N,138.634112,40.58136,016.0,58,57,0,Under way using engine,2026-08-24 13:31:31,2026-08-24 05:31:31
138-38.375E,40-35.037N,138.639583,40.583948,015.9,58,57,0,Under way using engine,2026-08-24 13:32:37,2026-08-24 05:32:37
138-38.702E,40-35.193N,138.645035,40.586542,015.9,58.5,57,0,Under way using engine,2026-08-24 13:33:43,2026-08-24 05:33:43
138-39.029E,40-35.346N,138.650475,40.5891,015.9,57.6,57,0,Under way using engine,2026-08-24 13:34:49,2026-08-24 05:34:49
138-39.356E,40-35.498N,138.655935,40.591635,015.9,58.7,58,0,Under way using engine,2026-08-24 13:35:56,2026-08-24 05:35:56
138-39.386E,40-35.512N,138.656432,40.591865,015.9,59,58,0,Under way using engine,2026-08-24 13:36:01,2026-08-24 05:36:01
138-39.657E,40-35.635N,138.660943,40.593922,016.0,59.5,58,0,Under way using engine,2026-08-24 13:36:56,2026-08-24 05:36:56
138-39.687E,40-35.649N,138.66145,40.594145,016.0,59.4,58,0,Under way using engine,2026-08-24 13:37:01,2026-08-24 05:37:01
138-39.957E,40-35.774N,138.665953,40.596227,016.0,59,58,0,Under way using engine,2026-08-24 13:37:56,2026-08-24 05:37:56
138-40.022E,40-35.804N,138.66703,40.59673,015.9,59.1,58,0,Under way using engine,2026-08-24 13:38:07,2026-08-24 05:38:07
138-40.287E,40-35.925N,138.67145,40.598757,015.9,58.8,58,0,Under way using engine,2026-08-24 13:39:02,2026-08-24 05:39:02
138-40.347E,40-35.953N,138.672452,40.599215,015.9,59,58,0,Under way using engine,2026-08-24 13:39:13,2026-08-24 05:39:13
138-40.616E,40-36.079N,138.676925,40.601317,016.0,58.8,58,0,Under way using engine,2026-08-24 13:40:08,2026-08-24 05:40:08
138-40.676E,40-36.106N,138.67793,40.601772,016.0,58.8,58,0,Under way using engine,2026-08-24 13:40:19,2026-08-24 05:40:19
138-40.917E,40-36.219N,138.681947,40.603642,016.0,58.8,58,0,Under way using engine,2026-08-24 13:41:07,2026-08-24 05:41:07
138-40.977E,40-36.246N,138.682945,40.6041,016.0,58.8,58,0,Under way using engine,2026-08-24 13:41:19,2026-08-24 05:41:19
138-41.217E,40-36.358N,138.686953,40.60597,016.0,58.7,58,0,Under way using engine,2026-08-24 13:42:07,2026-08-24 05:42:07
138-41.277E,40-36.386N,138.687957,40.606428,016.0,58.6,58,0,Under way using engine,2026-08-24 13:42:19,2026-08-24 05:42:19
138-41.547E,40-36.511N,138.692448,40.608522,016.1,58.7,58,0,Under way using engine,2026-08-24 13:43:12,2026-08-24 05:43:12
138-41.607E,40-36.540N,138.693457,40.608993,016.1,59,58,0,Under way using engine,2026-08-24 13:43:25,2026-08-24 05:43:25
138-41.873E,40-36.663N,138.697888,40.611048,016.1,58.4,58,0,Under way using engine,2026-08-24 13:44:19,2026-08-24 05:44:19
138-41.939E,40-36.693N,138.698982,40.611552,016.1,58.6,58,0,Under way using engine,2026-08-24 13:44:31,2026-08-24 05:44:31
138-42.185E,40-36.809N,138.703077,40.613487,016.1,58.2,58,0,Under way using engine,2026-08-24 13:45:20,2026-08-24 05:45:20
138-42.240E,40-36.836N,138.704003,40.613927,016.1,58.2,58,0,Under way using engine,2026-08-24 13:45:31,2026-08-24 05:45:31
138-42.485E,40-36.948N,138.708083,40.615808,016.1,58.9,58,0,Under way using engine,2026-08-24 13:46:20,2026-08-24 05:46:20
138-42.600E,40-37.001N,138.71,40.61669,016.0,58.7,58,0,Under way using engine,2026-08-24 13:46:43,2026-08-24 05:46:43
138-42.810E,40-37.099N,138.713503,40.61832,016.0,58.5,58,0,Under way using engine,2026-08-24 13:47:25,2026-08-24 05:47:25
138-42.925E,40-37.152N,138.715422,40.619203,016.0,58.9,58,0,Under way using engine,2026-08-24 13:47:49,2026-08-24 05:47:49
138-43.112E,40-37.239N,138.718538,40.620642,016.0,58.4,58,0,Under way using engine,2026-08-24 13:48:25,2026-08-24 05:48:25
138-43.226E,40-37.292N,138.72044,40.621535,015.9,58.8,58,0,Under way using engine,2026-08-24 13:48:49,2026-08-24 05:48:49
138-43.435E,40-37.388N,138.723912,40.62313,015.9,58.7,58,0,Under way using engine,2026-08-24 13:49:31,2026-08-24 05:49:31
138-43.530E,40-37.431N,138.725495,40.62385,015.9,58.7,58,0,Under way using engine,2026-08-24 13:49:49,2026-08-24 05:49:49
138-43.771E,40-37.545N,138.72951,40.62575,016.1,58.2,58,0,Under way using engine,2026-08-24 13:50:38,2026-08-24 05:50:38
138-43.860E,40-37.587N,138.731,40.626453,016.1,58.3,58,0,Under way using engine,2026-08-24 13:50:55,2026-08-24 05:50:55
138-44.076E,40-37.688N,138.734593,40.628128,016.2,58.4,58,0,Under way using engine,2026-08-24 13:51:38,2026-08-24 05:51:38
138-44.192E,40-37.743N,138.73653,40.629042,016.1,58.3,58,0,Under way using engine,2026-08-24 13:52:01,2026-08-24 05:52:01
138-44.402E,40-37.844N,138.740025,40.630727,016.1,58.3,58,0,Under way using engine,2026-08-24 13:52:43,2026-08-24 05:52:43
138-44.496E,40-37.888N,138.741608,40.631465,016.1,58.4,58,0,Under way using engine,2026-08-24 13:53:01,2026-08-24 05:53:01
138-44.703E,40-37.985N,138.745048,40.63308,016.2,58.4,58,0,Under way using engine,2026-08-24 13:53:43,2026-08-24 05:53:43
138-44.825E,40-38.042N,138.747085,40.634037,016.2,58.4,58,0,Under way using engine,2026-08-24 13:54:08,2026-08-24 05:54:08
138-45.011E,40-38.130N,138.75018,40.635493,016.2,58.1,58,0,Under way using engine,2026-08-24 13:54:43,2026-08-24 05:54:43
138-45.126E,40-38.184N,138.752103,40.636395,016.1,58.2,58,0,Under way using engine,2026-08-24 13:55:07,2026-08-24 05:55:07
138-45.333E,40-38.281N,138.755552,40.638022,016.1,58.7,58,0,Under way using engine,2026-08-24 13:55:49,2026-08-24 05:55:49
138-45.428E,40-38.325N,138.757127,40.638752,016.2,58.3,58,0,Under way using engine,2026-08-24 13:56:07,2026-08-24 05:56:07
138-45.638E,40-38.424N,138.760637,40.640395,016.1,58.8,58,0,Under way using engine,2026-08-24 13:56:49,2026-08-24 05:56:49
138-45.730E,40-38.466N,138.762163,40.641105,016.1,58.7,58,0,Under way using engine,2026-08-24 13:57:07,2026-08-24 05:57:07
138-45.963E,40-38.578N,138.766053,40.642962,016.1,58.1,58,0,Under way using engine,2026-08-24 13:57:55,2026-08-24 05:57:55
138-46.034E,40-38.610N,138.767227,40.643508,016.1,58.5,58,0,Under way using engine,2026-08-24 13:58:07,2026-08-24 05:58:07
138-46.266E,40-38.720N,138.771102,40.645337,016.2,58.1,58,0,Under way using engine,2026-08-24 13:58:55,2026-08-24 05:58:55
138-46.361E,40-38.765N,138.772683,40.64608,016.2,58.4,58,0,Under way using engine,2026-08-24 13:59:13,2026-08-24 05:59:13
138-46.573E,40-38.864N,138.776217,40.647733,016.1,57.8,58,0,Under way using engine,2026-08-24 13:59:55,2026-08-24 05:59:55
138-46.664E,40-38.908N,138.777732,40.648468,016.1,57.8,58,0,Under way using engine,2026-08-24 14:00:13,2026-08-24 06:00:13
138-46.900E,40-39.019N,138.781668,40.650313,016.1,59,59,0,Under way using engine,2026-08-24 14:01:01,2026-08-24 06:01:01
138-47.001E,40-39.064N,138.783345,40.651067,016.1,59.5,59,0,Under way using engine,2026-08-24 14:01:19,2026-08-24 06:01:19
138-47.210E,40-39.158N,138.786827,40.65264,016.1,59.5,60,0,Under way using engine,2026-08-24 14:02:01,2026-08-24 06:02:01
138-47.301E,40-39.199N,138.788355,40.653318,016.1,60.2,60,0,Under way using engine,2026-08-24 14:02:19,2026-08-24 06:02:19
138-47.516E,40-39.292N,138.791927,40.654873,016.1,59.9,60,0,Under way using engine,2026-08-24 14:03:01,2026-08-24 06:03:01
138-47.612E,40-39.335N,138.793525,40.65558,016.1,59.8,60,0,Under way using engine,2026-08-24 14:03:19,2026-08-24 06:03:19
138-47.823E,40-39.427N,138.797042,40.65711,016.0,60.2,60,0,Under way using engine,2026-08-24 14:04:01,2026-08-24 06:04:01
138-47.914E,40-39.466N,138.798572,40.65777,016.1,59.8,60,0,Under way using engine,2026-08-24 14:04:19,2026-08-24 06:04:19
138-48.129E,40-39.559N,138.802153,40.659322,016.0,60.7,60,0,Under way using engine,2026-08-24 14:05:02,2026-08-24 06:05:02
138-48.221E,40-39.599N,138.803683,40.65999,016.0,60.2,60,0,Under way using engine,2026-08-24 14:05:19,2026-08-24 06:05:19
138-48.461E,40-39.702N,138.807683,40.661707,016.0,60.9,61,0,Under way using engine,2026-08-24 14:06:07,2026-08-24 06:06:07
138-48.527E,40-39.731N,138.808785,40.662178,016.0,61.1,61,0,Under way using engine,2026-08-24 14:06:19,2026-08-24 06:06:19
138-48.770E,40-39.835N,138.812825,40.663912,016.1,61.5,61,0,Under way using engine,2026-08-24 14:07:07,2026-08-24 06:07:07
138-48.831E,40-39.860N,138.81385,40.664335,016.1,61.5,61,0,Under way using engine,2026-08-24 14:07:19,2026-08-24 06:07:19
138-49.084E,40-39.965N,138.818065,40.666085,016.1,61.9,61,0,Under way using engine,2026-08-24 14:08:07,2026-08-24 06:08:07
138-49.147E,40-39.991N,138.819112,40.66652,016.2,61.2,61,0,Under way using engine,2026-08-24 14:08:19,2026-08-24 06:08:19
138-49.391E,40-40.093N,138.823185,40.66821,016.2,61.2,61,0,Under way using engine,2026-08-24 14:09:07,2026-08-24 06:09:07
138-49.453E,40-40.118N,138.824223,40.668635,016.2,61.3,61,0,Under way using engine,2026-08-24 14:09:19,2026-08-24 06:09:19
138-49.709E,40-40.224N,138.828478,40.670395,016.2,61.5,61,0,Under way using engine,2026-08-24 14:10:07,2026-08-24 06:10:07
138-49.771E,40-40.249N,138.829517,40.670822,016.2,61.5,61,0,Under way using engine,2026-08-24 14:10:19,2026-08-24 06:10:19
138-50.018E,40-40.350N,138.833625,40.672495,016.3,61.1,61,0,Under way using engine,2026-08-24 14:11:07,2026-08-24 06:11:07
138-50.081E,40-40.377N,138.834678,40.672942,016.4,60.7,61,0,Under way using engine,2026-08-24 14:11:19,2026-08-24 06:11:19
138-50.337E,40-40.483N,138.838955,40.674713,016.4,61.2,61,0,Under way using engine,2026-08-24 14:12:07,2026-08-24 06:12:07
138-50.395E,40-40.507N,138.83992,40.675117,016.3,61.2,61,0,Under way using engine,2026-08-24 14:12:19,2026-08-24 06:12:19
138-50.649E,40-40.613N,138.844157,40.67689,016.2,61.8,61,0,Under way using engine,2026-08-24 14:13:07,2026-08-24 06:13:07
138-50.712E,40-40.639N,138.845198,40.677313,016.2,62.1,61,0,Under way using engine,2026-08-24 14:13:19,2026-08-24 06:13:19
138-50.958E,40-40.742N,138.849302,40.679025,016.2,61.2,61,0,Under way using engine,2026-08-24 14:14:06,2026-08-24 06:14:06
138-51.026E,40-40.770N,138.850432,40.679492,016.3,61.2,61,0,Under way using engine,2026-08-24 14:14:20,2026-08-24 06:14:20
138-51.278E,40-40.875N,138.854635,40.681242,016.3,61.2,61,0,Under way using engine,2026-08-24 14:15:06,2026-08-24 06:15:06
138-51.346E,40-40.903N,138.855768,40.681715,016.3,60.9,61,0,Under way using engine,2026-08-24 14:15:20,2026-08-24 06:15:20
138-51.584E,40-41.003N,138.859727,40.683382,016.2,61.1,61,0,Under way using engine,2026-08-24 14:16:07,2026-08-24 06:16:07
138-51.651E,40-41.031N,138.860858,40.683848,016.2,61.4,61,0,Under way using engine,2026-08-24 14:16:20,2026-08-24 06:16:20
138-51.898E,40-41.131N,138.86497,40.685522,016.1,61.4,61,0,Under way using engine,2026-08-24 14:17:06,2026-08-24 06:17:06
138-51.966E,40-41.159N,138.866095,40.685985,016.1,61.1,61,0,Under way using engine,2026-08-24 14:17:20,2026-08-24 06:17:20
138-52.209E,40-41.260N,138.870148,40.687672,016.1,61.3,61,0,Under way using engine,2026-08-24 14:18:06,2026-08-24 06:18:06
138-52.276E,40-41.288N,138.871272,40.68814,016.1,60.8,61,0,Under way using engine,2026-08-24 14:18:19,2026-08-24 06:18:19
138-52.521E,40-41.391N,138.875342,40.689842,016.2,61.5,61,0,Under way using engine,2026-08-24 14:19:07,2026-08-24 06:19:07
138-52.584E,40-41.417N,138.876395,40.690285,016.2,61.5,61,0,Under way using engine,2026-08-24 14:19:19,2026-08-24 06:19:19
138-52.839E,40-41.525N,138.880655,40.692075,016.3,61,61,0,Under way using engine,2026-08-24 14:20:07,2026-08-24 06:20:07
138-52.902E,40-41.551N,138.881708,40.692513,016.3,61.3,61,0,Under way using engine,2026-08-24 14:20:19,2026-08-24 06:20:19
138-53.147E,40-41.655N,138.885785,40.69425,016.3,60.8,61,0,Under way using engine,2026-08-24 14:21:07,2026-08-24 06:21:07
138-53.210E,40-41.681N,138.886825,40.694687,016.2,60.9,61,0,Under way using engine,2026-08-24 14:21:19,2026-08-24 06:21:19
138-53.460E,40-41.786N,138.891007,40.696427,016.4,60.6,61,0,Under way using engine,2026-08-24 14:22:07,2026-08-24 06:22:07
138-53.529E,40-41.815N,138.892148,40.696917,016.4,61.1,61,0,Under way using engine,2026-08-24 14:22:19,2026-08-24 06:22:19
138-53.775E,40-41.919N,138.896255,40.698643,016.4,61.3,61,0,Under way using engine,2026-08-24 14:23:07,2026-08-24 06:23:07
138-53.844E,40-41.947N,138.897403,40.699122,016.4,61.3,61,0,Under way using engine,2026-08-24 14:23:19,2026-08-24 06:23:19
138-54.091E,40-42.052N,138.901515,40.700867,016.3,60.8,61,0,Under way using engine,2026-08-24 14:24:07,2026-08-24 06:24:07
138-54.153E,40-42.078N,138.902543,40.7013,016.3,61.2,61,0,Under way using engine,2026-08-24 14:24:19,2026-08-24 06:24:19
138-54.410E,40-42.186N,138.906838,40.703098,016.4,61.1,61,0,Under way using engine,2026-08-24 14:25:06,2026-08-24 06:25:06
138-54.473E,40-42.212N,138.907877,40.703535,016.4,60.2,61,0,Under way using engine,2026-08-24 14:25:19,2026-08-24 06:25:19
138-54.720E,40-42.317N,138.911992,40.705277,016.3,61,61,0,Under way using engine,2026-08-24 14:26:06,2026-08-24 06:26:06
138-54.783E,40-42.343N,138.91305,40.705715,016.3,61.2,61,0,Under way using engine,2026-08-24 14:26:19,2026-08-24 06:26:19
138-55.038E,40-42.450N,138.917305,40.707505,016.2,61.5,61,0,Under way using engine,2026-08-24 14:27:08,2026-08-24 06:27:08
138-55.101E,40-42.476N,138.918353,40.707938,016.3,61.4,61,0,Under way using engine,2026-08-24 14:27:19,2026-08-24 06:27:19
138-55.351E,40-42.583N,138.922522,40.70972,016.4,60.8,61,0,Under way using engine,2026-08-24 14:28:08,2026-08-24 06:28:08
138-55.415E,40-42.609N,138.923575,40.710157,016.4,61.1,61,0,Under way using engine,2026-08-24 14:28:19,2026-08-24 06:28:19
138-55.665E,40-42.717N,138.92775,40.711945,016.4,60.6,61,0,Under way using engine,2026-08-24 14:29:07,2026-08-24 06:29:07
138-55.728E,40-42.743N,138.928798,40.712388,016.3,60.9,61,0,Under way using engine,2026-08-24 14:29:19,2026-08-24 06:29:19
138-55.984E,40-42.850N,138.933062,40.714165,016.3,60.9,61,0,Under way using engine,2026-08-24 14:30:08,2026-08-24 06:30:08
138-56.041E,40-42.874N,138.934023,40.714565,016.3,61.1,61,0,Under way using engine,2026-08-24 14:30:19,2026-08-24 06:30:19
138-56.294E,40-42.981N,138.938227,40.716342,016.4,61.1,61,0,Under way using engine,2026-08-24 14:31:08,2026-08-24 06:31:08
138-56.351E,40-43.005N,138.939187,40.716743,016.3,61.5,61,0,Under way using engine,2026-08-24 14:31:19,2026-08-24 06:31:19
138-56.609E,40-43.115N,138.943487,40.718575,016.3,61.2,61,0,Under way using engine,2026-08-24 14:32:08,2026-08-24 06:32:08
138-56.672E,40-43.140N,138.944527,40.719003,016.3,61.3,61,0,Under way using engine,2026-08-24 14:32:19,2026-08-24 06:32:19
138-56.923E,40-43.247N,138.948712,40.720777,016.4,60.5,61,0,Under way using engine,2026-08-24 14:33:07,2026-08-24 06:33:07
138-56.986E,40-43.273N,138.949763,40.721223,016.4,61.2,61,0,Under way using engine,2026-08-24 14:33:19,2026-08-24 06:33:19
138-57.237E,40-43.379N,138.95395,40.722985,016.4,60.7,61,0,Under way using engine,2026-08-24 14:34:08,2026-08-24 06:34:08
138-57.295E,40-43.404N,138.95492,40.723398,016.4,60.9,61,0,Under way using engine,2026-08-24 14:34:19,2026-08-24 06:34:19
138-57.558E,40-43.515N,138.959292,40.725255,016.4,60.7,61,0,Under way using engine,2026-08-24 14:35:07,2026-08-24 06:35:07
138-57.615E,40-43.540N,138.960247,40.725662,016.4,60.7,61,0,Under way using engine,2026-08-24 14:35:19,2026-08-24 06:35:19
138-57.866E,40-43.647N,138.964438,40.727443,016.3,60.4,61,0,Under way using engine,2026-08-24 14:36:08,2026-08-24 06:36:08
138-57.924E,40-43.671N,138.965393,40.727847,016.3,60.9,61,0,Under way using engine,2026-08-24 14:36:19,2026-08-24 06:36:19
138-58.185E,40-43.781N,138.969743,40.729677,016.3,60.9,61,0,Under way using engine,2026-08-24 14:37:07,2026-08-24 06:37:07
138-58.242E,40-43.805N,138.970697,40.730085,016.3,60.9,61,0,Under way using engine,2026-08-24 14:37:19,2026-08-24 06:37:19
138-58.493E,40-43.912N,138.974885,40.731872,016.3,61.3,61,0,Under way using engine,2026-08-24 14:38:07,2026-08-24 06:38:07
138-58.551E,40-43.937N,138.97585,40.732278,016.4,61.1,61,0,Under way using engine,2026-08-24 14:38:19,2026-08-24 06:38:19
138-58.808E,40-44.047N,138.980127,40.734118,016.5,60.4,61,0,Under way using engine,2026-08-24 14:39:07,2026-08-24 06:39:07
138-58.866E,40-44.071N,138.981097,40.734522,016.4,61.1,61,0,Under way using engine,2026-08-24 14:39:19,2026-08-24 06:39:19
138-59.124E,40-44.181N,138.985402,40.736348,016.4,60.7,61,0,Under way using engine,2026-08-24 14:40:07,2026-08-24 06:40:07
138-59.187E,40-44.208N,138.986453,40.736792,016.5,61.2,61,0,Under way using engine,2026-08-24 14:40:19,2026-08-24 06:40:19
138-59.436E,40-44.313N,138.9906,40.738545,016.5,61,61,0,Under way using engine,2026-08-24 14:41:07,2026-08-24 06:41:07
138-59.505E,40-44.341N,138.991745,40.739023,016.5,60.9,61,0,Under way using engine,2026-08-24 14:41:19,2026-08-24 06:41:19
138-59.758E,40-44.448N,138.995968,40.740792,016.4,60.7,61,0,Under way using engine,2026-08-24 14:42:07,2026-08-24 06:42:07
138-59.822E,40-44.475N,138.997025,40.741245,016.5,60.7,61,0,Under way using engine,2026-08-24 14:42:19,2026-08-24 06:42:19
139-0.069E,40-44.580N,139.001158,40.742998,016.5,60.9,61,0,Under way using engine,2026-08-24 14:43:07,2026-08-24 06:43:07
139-0.143E,40-44.611N,139.00239,40.743513,016.6,60.6,61,0,Under way using engine,2026-08-24 14:43:19,2026-08-24 06:43:19
139-0.393E,40-44.717N,139.006548,40.74529,016.6,61,61,0,Under way using engine,2026-08-24 14:44:07,2026-08-24 06:44:07
139-0.456E,40-44.744N,139.007603,40.745732,016.6,61.1,61,0,Under way using engine,2026-08-24 14:44:19,2026-08-24 06:44:19
139-0.711E,40-44.851N,139.011845,40.747522,016.5,61.5,61,0,Under way using engine,2026-08-24 14:45:07,2026-08-24 06:45:07
139-0.779E,40-44.880N,139.01299,40.748,016.4,61.3,61,0,Under way using engine,2026-08-24 14:45:19,2026-08-24 06:45:19
139-1.028E,40-44.984N,139.01714,40.749737,016.4,61.2,61,0,Under way using engine,2026-08-24 14:46:08,2026-08-24 06:46:08
139-1.092E,40-45.011N,139.018203,40.750178,016.5,61.1,61,0,Under way using engine,2026-08-24 14:46:19,2026-08-24 06:46:19
139-1.346E,40-45.116N,139.022432,40.751938,016.5,61,61,0,Under way using engine,2026-08-24 14:47:08,2026-08-24 06:47:08
139-1.410E,40-45.143N,139.023495,40.752377,016.5,61.2,61,0,Under way using engine,2026-08-24 14:47:19,2026-08-24 06:47:19
139-1.663E,40-45.251N,139.027722,40.754182,016.6,59.8,59,0,Under way using engine,2026-08-24 14:48:08,2026-08-24 06:48:08
139-1.726E,40-45.279N,139.02877,40.75465,016.6,59.8,59,0,Under way using engine,2026-08-24 14:48:19,2026-08-24 06:48:19
139-1.977E,40-45.391N,139.03295,40.756522,016.5,59.4,59,0,Under way using engine,2026-08-24 14:49:07,2026-08-24 06:49:07
139-2.039E,40-45.419N,139.033983,40.756988,016.5,59.2,59,0,Under way using engine,2026-08-24 14:49:19,2026-08-24 06:49:19
139-2.288E,40-45.531N,139.038135,40.75885,016.5,59.1,59,0,Under way using engine,2026-08-24 14:50:08,2026-08-24 06:50:08
139-2.351E,40-45.559N,139.03918,40.759317,016.6,58.7,59,0,Under way using engine,2026-08-24 14:50:19,2026-08-24 06:50:19
139-2.602E,40-45.674N,139.043367,40.761227,016.6,59,59,0,Under way using engine,2026-08-24 14:51:08,2026-08-24 06:51:08
139-2.665E,40-45.702N,139.044423,40.761702,016.6,59.1,59,0,Under way using engine,2026-08-24 14:51:19,2026-08-24 06:51:19
139-2.915E,40-45.816N,139.04858,40.763603,016.5,59,59,0,Under way using engine,2026-08-24 14:52:08,2026-08-24 06:52:08
139-2.972E,40-45.842N,139.049532,40.764038,016.5,58.7,59,0,Under way using engine,2026-08-24 14:52:18,2026-08-24 06:52:18
139-3.229E,40-45.959N,139.053822,40.765977,016.6,59,59,0,Under way using engine,2026-08-24 14:53:08,2026-08-24 06:53:08
139-3.287E,40-45.985N,139.054775,40.76641,016.6,59.2,59,0,Under way using engine,2026-08-24 14:53:18,2026-08-24 06:53:18
139-3.544E,40-46.100N,139.05906,40.768335,016.6,59,59,0,Under way using engine,2026-08-24 14:54:08,2026-08-24 06:54:08
139-3.601E,40-46.127N,139.060013,40.768775,016.6,58.9,59,0,Under way using engine,2026-08-24 14:54:18,2026-08-24 06:54:18
139-3.856E,40-46.242N,139.064272,40.770695,016.5,59.3,59,0,Under way using engine,2026-08-24 14:55:08,2026-08-24 06:55:08
139-3.919E,40-46.270N,139.065323,40.771168,016.6,59.3,59,0,Under way using engine,2026-08-24 14:55:18,2026-08-24 06:55:18
139-4.172E,40-46.384N,139.06953,40.77306,016.7,60,59,0,Under way using engine,2026-08-24 14:56:07,2026-08-24 06:56:07
139-4.230E,40-46.410N,139.070498,40.773493,016.7,59.5,59,0,Under way using engine,2026-08-24 14:56:18,2026-08-24 06:56:18
139-4.485E,40-46.526N,139.074758,40.77544,016.6,59.1,59,0,Under way using engine,2026-08-24 14:57:07,2026-08-24 06:57:07
139-4.548E,40-46.554N,139.075805,40.775907,016.6,59.1,59,0,Under way using engine,2026-08-24 14:57:18,2026-08-24 06:57:18
139-4.802E,40-46.667N,139.080028,40.777787,016.6,59.8,59,0,Under way using engine,2026-08-24 14:58:08,2026-08-24 06:58:08
139-4.865E,40-46.695N,139.081088,40.778252,016.6,59.7,59,0,Under way using engine,2026-08-24 14:58:19,2026-08-24 06:58:19
139-5.116E,40-46.808N,139.085273,40.780125,016.6,59.2,59,0,Under way using engine,2026-08-24 14:59:08,2026-08-24 06:59:08
139-5.180E,40-46.835N,139.086328,40.78059,016.5,60.2,59,0,Under way using engine,2026-08-24 14:59:19,2026-08-24 06:59:19
139-5.436E,40-46.948N,139.090603,40.782465,016.5,60.1,59,0,Under way using engine,2026-08-24 15:00:07,2026-08-24 07:00:07
139-5.499E,40-46.975N,139.091655,40.782922,016.5,60.6,59,0,Under way using engine,2026-08-24 15:00:19,2026-08-24 07:00:19
139-5.745E,40-47.084N,139.095742,40.784733,016.4,59.8,59,0,Under way using engine,2026-08-24 15:01:08,2026-08-24 07:01:08
139-5.807E,40-47.112N,139.09679,40.785192,016.5,60.1,59,0,Under way using engine,2026-08-24 15:01:19,2026-08-24 07:01:19
139-6.064E,40-47.225N,139.101063,40.78709,016.7,59.3,59,0,Under way using engine,2026-08-24 15:02:08,2026-08-24 07:02:08
139-6.127E,40-47.254N,139.10211,40.787562,016.6,59.3,59,0,Under way using engine,2026-08-24 15:02:19,2026-08-24 07:02:19
139-6.375E,40-47.364N,139.106252,40.789398,016.6,59.8,59,0,Under way using engine,2026-08-24 15:03:07,2026-08-24 07:03:07
139-6.438E,40-47.393N,139.107295,40.789877,016.6,59.2,59,0,Under way using engine,2026-08-24 15:03:19,2026-08-24 07:03:19
139-6.690E,40-47.505N,139.111498,40.791752,016.6,59.7,59,0,Under way using engine,2026-08-24 15:04:07,2026-08-24 07:04:07
139-6.754E,40-47.533N,139.11256,40.792215,016.6,59.8,59,0,Under way using engine,2026-08-24 15:04:19,2026-08-24 07:04:19
139-7.006E,40-47.645N,139.11677,40.794088,016.6,59.6,59,0,Under way using engine,2026-08-24 15:05:07,2026-08-24 07:05:07
139-7.074E,40-47.676N,139.117898,40.794592,016.6,60.1,59,0,Under way using engine,2026-08-24 15:05:19,2026-08-24 07:05:19
139-7.323E,40-47.785N,139.122043,40.796422,016.7,59.9,59,0,Under way using engine,2026-08-24 15:06:07,2026-08-24 07:06:07
139-7.387E,40-47.814N,139.12311,40.796895,016.8,59.9,59,0,Under way using engine,2026-08-24 15:06:19,2026-08-24 07:06:19
139-7.641E,40-47.925N,139.127342,40.798755,016.7,60,59,0,Under way using engine,2026-08-24 15:07:07,2026-08-24 07:07:07
139-7.704E,40-47.954N,139.128403,40.799227,016.7,59.7,59,0,Under way using engine,2026-08-24 15:07:19,2026-08-24 07:07:19
139-7.959E,40-48.066N,139.132657,40.801108,016.7,59.2,59,0,Under way using engine,2026-08-24 15:08:07,2026-08-24 07:08:07
139-8.018E,40-48.092N,139.133625,40.801538,016.7,59.4,59,0,Under way using engine,2026-08-24 15:08:19,2026-08-24 07:08:19
139-8.277E,40-48.207N,139.137943,40.803452,016.7,59.6,59,0,Under way using engine,2026-08-24 15:09:07,2026-08-24 07:09:07
139-8.340E,40-48.235N,139.139007,40.803915,016.7,59.2,59,0,Under way using engine,2026-08-24 15:09:19,2026-08-24 07:09:19
139-8.594E,40-48.348N,139.143237,40.8058,016.7,59.6,59,0,Under way using engine,2026-08-24 15:10:07,2026-08-24 07:10:07
139-8.658E,40-48.376N,139.144297,40.806262,016.6,60.3,59,0,Under way using engine,2026-08-24 15:10:19,2026-08-24 07:10:19
139-8.911E,40-48.488N,139.148517,40.808137,016.6,59.4,59,0,Under way using engine,2026-08-24 15:11:07,2026-08-24 07:11:07
139-8.975E,40-48.516N,139.149577,40.808598,016.7,60.2,59,0,Under way using engine,2026-08-24 15:11:19,2026-08-24 07:11:19
139-9.227E,40-48.629N,139.153782,40.810478,016.7,59.7,59,0,Under way using engine,2026-08-24 15:12:07,2026-08-24 07:12:07
139-9.290E,40-48.656N,139.154838,40.81094,016.7,60.3,59,0,Under way using engine,2026-08-24 15:12:19,2026-08-24 07:12:19
139-9.544E,40-48.770N,139.159072,40.812828,016.7,59.5,59,0,Under way using engine,2026-08-24 15:13:07,2026-08-24 07:13:07
139-9.602E,40-48.795N,139.160033,40.813255,016.6,60.2,59,0,Under way using engine,2026-08-24 15:13:19,2026-08-24 07:13:19
139-9.860E,40-48.909N,139.164325,40.815153,016.6,59.2,59,0,Under way using engine,2026-08-24 15:14:06,2026-08-24 07:14:06
139-9.923E,40-48.937N,139.165375,40.815623,016.7,59.7,59,0,Under way using engine,2026-08-24 15:14:19,2026-08-24 07:14:19
139-10.171E,40-49.048N,139.169512,40.817465,016.7,59.7,59,0,Under way using engine,2026-08-24 15:15:06,2026-08-24 07:15:06
139-10.240E,40-49.079N,139.17066,40.817977,016.7,59.6,59,0,Under way using engine,2026-08-24 15:15:19,2026-08-24 07:15:19
139-10.493E,40-49.191N,139.174885,40.819848,016.6,59.5,59,0,Under way using engine,2026-08-24 15:16:06,2026-08-24 07:16:06
139-10.556E,40-49.220N,139.17594,40.82033,016.7,59.3,59,0,Under way using engine,2026-08-24 15:16:19,2026-08-24 07:16:19
139-10.810E,40-49.332N,139.180163,40.822192,016.6,59.8,59,0,Under way using engine,2026-08-24 15:17:06,2026-08-24 07:17:06
139-10.873E,40-49.359N,139.181222,40.82265,016.5,59.9,59,0,Under way using engine,2026-08-24 15:17:19,2026-08-24 07:17:19
139-11.125E,40-49.472N,139.18542,40.82453,016.5,59.8,59,0,Under way using engine,2026-08-24 15:18:06,2026-08-24 07:18:06
139-11.188E,40-49.499N,139.186465,40.824988,016.4,59.8,59,0,Under way using engine,2026-08-24 15:18:19,2026-08-24 07:18:19
139-11.441E,40-49.614N,139.190677,40.826897,016.6,59.5,59,0,Under way using engine,2026-08-24 15:19:07,2026-08-24 07:19:07
139-11.499E,40-49.639N,139.191645,40.827313,016.6,60,59,0,Under way using engine,2026-08-24 15:19:19,2026-08-24 07:19:19
139-11.751E,40-49.752N,139.195843,40.829193,016.6,59.2,59,0,Under way using engine,2026-08-24 15:20:07,2026-08-24 07:20:07
139-11.814E,40-49.780N,139.196895,40.829668,016.6,59.6,59,0,Under way using engine,2026-08-24 15:20:19,2026-08-24 07:20:19
139-12.067E,40-49.892N,139.201117,40.831528,016.5,59,59,0,Under way using engine,2026-08-24 15:21:07,2026-08-24 07:21:07
139-12.129E,40-49.920N,139.202153,40.831997,016.5,59.2,59,0,Under way using engine,2026-08-24 15:21:19,2026-08-24 07:21:19
139-12.383E,40-50.033N,139.206382,40.833888,016.5,59.3,59,0,Under way using engine,2026-08-24 15:22:07,2026-08-24 07:22:07
139-12.440E,40-50.059N,139.207335,40.83432,016.5,59.5,59,0,Under way using engine,2026-08-24 15:22:18,2026-08-24 07:22:18
139-12.693E,40-50.172N,139.211557,40.836195,016.7,60.1,59,0,Under way using engine,2026-08-24 15:23:07,2026-08-24 07:23:07
139-12.752E,40-50.198N,139.212527,40.836627,016.7,59.4,59,0,Under way using engine,2026-08-24 15:23:18,2026-08-24 07:23:18
139-13.043E,40-50.327N,139.217378,40.838787,016.7,59.8,59,0,Under way using engine,2026-08-24 15:24:13,2026-08-24 07:24:13
139-13.074E,40-50.341N,139.217903,40.839018,016.7,59.3,59,0,Under way using engine,2026-08-24 15:24:18,2026-08-24 07:24:18
139-13.352E,40-50.466N,139.22254,40.841095,016.7,59.1,59,0,Under way using engine,2026-08-24 15:25:13,2026-08-24 07:25:13
139-13.384E,40-50.480N,139.223073,40.841328,016.7,59.8,59,0,Under way using engine,2026-08-24 15:25:18,2026-08-24 07:25:18
139-13.678E,40-50.609N,139.22796,40.84348,016.7,59.6,59,0,Under way using engine,2026-08-24 15:26:13,2026-08-24 07:26:13
139-13.704E,40-50.621N,139.228408,40.843677,016.8,59.5,59,0,Under way using engine,2026-08-24 15:26:18,2026-08-24 07:26:18
139-13.992E,40-50.749N,139.233197,40.845818,016.9,59.7,60,0,Under way using engine,2026-08-24 15:27:13,2026-08-24 07:27:13
139-14.029E,40-50.766N,139.23382,40.846092,016.9,59.8,60,0,Under way using engine,2026-08-24 15:27:18,2026-08-24 07:27:18
139-14.321E,40-50.888N,139.238683,40.848138,016.9,61.5,61,0,Under way using engine,2026-08-24 15:28:13,2026-08-24 07:28:13
139-14.386E,40-50.915N,139.23977,40.848585,016.8,61.7,61,0,Under way using engine,2026-08-24 15:28:25,2026-08-24 07:28:25
139-14.646E,40-51.024N,139.244108,40.850395,016.7,61.6,61,0,Under way using engine,2026-08-24 15:29:13,2026-08-24 07:29:13
139-14.712E,40-51.050N,139.245207,40.850835,016.7,61.9,61,0,Under way using engine,2026-08-24 15:29:25,2026-08-24 07:29:25
139-14.971E,40-51.155N,139.249515,40.852583,016.7,62.4,61,0,Under way using engine,2026-08-24 15:30:13,2026-08-24 07:30:13
139-15.030E,40-51.179N,139.250502,40.852987,016.7,62.1,61,0,Under way using engine,2026-08-24 15:30:25,2026-08-24 07:30:25
139-15.329E,40-51.300N,139.25549,40.855,016.7,62.5,61,0,Under way using engine,2026-08-24 15:31:19,2026-08-24 07:31:19
139-15.461E,40-51.352N,139.257677,40.855862,016.7,62.2,61,0,Under way using engine,2026-08-24 15:31:43,2026-08-24 07:31:43
139-15.660E,40-51.432N,139.260998,40.857207,016.7,61.6,61,0,Under way using engine,2026-08-24 15:32:19,2026-08-24 07:32:19
139-15.816E,40-51.496N,139.263608,40.85826,016.7,62,61,0,Under way using engine,2026-08-24 15:32:49,2026-08-24 07:32:49
139-15.980E,40-51.561N,139.266333,40.859355,016.7,61.9,61,0,Under way using engine,2026-08-24 15:33:19,2026-08-24 07:33:19
139-16.138E,40-51.625N,139.268963,40.860423,016.7,61.3,61,0,Under way using engine,2026-08-24 15:33:49,2026-08-24 07:33:49
139-16.305E,40-51.694N,139.271753,40.861562,016.7,61.9,61,0,Under way using engine,2026-08-24 15:34:19,2026-08-24 07:34:19
139-16.468E,40-51.759N,139.274462,40.86265,016.8,61.4,61,0,Under way using engine,2026-08-24 15:34:49,2026-08-24 07:34:49
139-16.631E,40-51.826N,139.277185,40.863765,016.9,61.7,61,0,Under way using engine,2026-08-24 15:35:19,2026-08-24 07:35:19
139-16.798E,40-51.892N,139.279962,40.864873,017.0,61.9,61,0,Under way using engine,2026-08-24 15:35:49,2026-08-24 07:35:49
139-16.963E,40-51.961N,139.282715,40.866012,017.1,61.3,61,0,Under way using engine,2026-08-24 15:36:19,2026-08-24 07:36:19
139-17.122E,40-52.025N,139.285373,40.86708,017.1,62,61,0,Under way using engine,2026-08-24 15:36:49,2026-08-24 07:36:49
139-17.294E,40-52.093N,139.288235,40.868218,017.0,61.7,61,0,Under way using engine,2026-08-24 15:37:19,2026-08-24 07:37:19
139-17.460E,40-52.160N,139.290997,40.869328,017.0,61.5,61,0,Under way using engine,2026-08-24 15:37:49,2026-08-24 07:37:49
139-17.625E,40-52.226N,139.293748,40.870428,016.9,61.9,61,0,Under way using engine,2026-08-24 15:38:19,2026-08-24 07:38:19
139-17.789E,40-52.292N,139.296477,40.871538,016.9,62.3,61,0,Under way using engine,2026-08-24 15:38:49,2026-08-24 07:38:49
139-17.926E,40-52.347N,139.298768,40.87245,016.9,61.9,61,0,Under way using engine,2026-08-24 15:39:13,2026-08-24 07:39:13
139-18.120E,40-52.424N,139.301993,40.873728,016.8,61.7,61,0,Under way using engine,2026-08-24 15:39:49,2026-08-24 07:39:49
139-18.250E,40-52.476N,139.30417,40.874598,016.8,62.9,61,0,Under way using engine,2026-08-24 15:40:13,2026-08-24 07:40:13
139-18.452E,40-52.556N,139.30753,40.875933,016.7,62.2,61,0,Under way using engine,2026-08-24 15:40:49,2026-08-24 07:40:49
139-18.577E,40-52.606N,139.30961,40.876772,016.7,61.9,61,0,Under way using engine,2026-08-24 15:41:13,2026-08-24 07:41:13
139-18.773E,40-52.685N,139.312877,40.878078,016.7,62.6,61,0,Under way using engine,2026-08-24 15:41:49,2026-08-24 07:41:49
139-18.903E,40-52.737N,139.315043,40.87895,016.7,62.2,61,0,Under way using engine,2026-08-24 15:42:13,2026-08-24 07:42:13
139-19.104E,40-52.816N,139.318407,40.88027,016.7,62.5,61,0,Under way using engine,2026-08-24 15:42:50,2026-08-24 07:42:50
139-19.230E,40-52.867N,139.320497,40.881115,016.7,61.4,61,0,Under way using engine,2026-08-24 15:43:13,2026-08-24 07:43:13
139-19.424E,40-52.945N,139.323738,40.88241,016.6,61.5,61,0,Under way using engine,2026-08-24 15:43:50,2026-08-24 07:43:50
139-19.559E,40-52.999N,139.325985,40.883322,016.6,61.9,61,0,Under way using engine,2026-08-24 15:44:13,2026-08-24 07:44:13
139-19.755E,40-53.077N,139.329257,40.884617,016.8,62,61,0,Under way using engine,2026-08-24 15:44:50,2026-08-24 07:44:50
139-19.881E,40-53.128N,139.331345,40.885462,016.8,62.3,61,0,Under way using engine,2026-08-24 15:45:13,2026-08-24 07:45:13
139-20.081E,40-53.210N,139.334688,40.886825,016.9,61.7,61,0,Under way using engine,2026-08-24 15:45:50,2026-08-24 07:45:50
139-20.208E,40-53.260N,139.336793,40.887668,017.0,62.2,61,0,Under way using engine,2026-08-24 15:46:13,2026-08-24 07:46:13
139-20.407E,40-53.341N,139.340112,40.889015,016.9,61.4,61,0,Under way using engine,2026-08-24 15:46:49,2026-08-24 07:46:49
139-20.532E,40-53.392N,139.3422,40.889867,016.8,62.2,61,0,Under way using engine,2026-08-24 15:47:13,2026-08-24 07:47:13
139-20.732E,40-53.471N,139.345538,40.891188,016.7,62.5,61,0,Under way using engine,2026-08-24 15:47:49,2026-08-24 07:47:49
139-20.864E,40-53.524N,139.347727,40.892062,016.9,61.8,61,0,Under way using engine,2026-08-24 15:48:13,2026-08-24 07:48:13
139-21.061E,40-53.603N,139.351022,40.893382,016.8,63,61,0,Under way using engine,2026-08-24 15:48:49,2026-08-24 07:48:49
139-21.165E,40-53.644N,139.35275,40.894063,016.8,62.5,61,0,Under way using engine,2026-08-24 15:49:07,2026-08-24 07:49:07
139-21.389E,40-53.733N,139.35649,40.895552,016.8,62.8,61,0,Under way using engine,2026-08-24 15:49:49,2026-08-24 07:49:49
139-21.488E,40-53.772N,139.35814,40.896198,016.8,62.4,61,0,Under way using engine,2026-08-24 15:50:07,2026-08-24 07:50:07
139-21.723E,40-53.865N,139.362042,40.897747,016.8,62.7,61,0,Under way using engine,2026-08-24 15:50:49,2026-08-24 07:50:49
139-21.821E,40-53.905N,139.363687,40.89841,016.9,62.6,61,0,Under way using engine,2026-08-24 15:51:07,2026-08-24 07:51:07
139-22.048E,40-53.994N,139.36746,40.899907,016.9,62.2,61,0,Under way using engine,2026-08-24 15:51:49,2026-08-24 07:51:49
139-22.146E,40-54.033N,139.369102,40.900555,016.9,62.9,61,0,Under way using engine,2026-08-24 15:52:07,2026-08-24 07:52:07
139-22.381E,40-54.128N,139.373018,40.902128,016.8,62.1,61,0,Under way using engine,2026-08-24 15:52:49,2026-08-24 07:52:49
139-22.474E,40-54.165N,139.374568,40.902748,016.8,62.6,61,0,Under way using engine,2026-08-24 15:53:07,2026-08-24 07:53:07
139-22.704E,40-54.257N,139.378407,40.904283,016.8,62.9,61,0,Under way using engine,2026-08-24 15:53:49,2026-08-24 07:53:49
139-22.803E,40-54.295N,139.380042,40.904915,016.8,62.5,61,0,Under way using engine,2026-08-24 15:54:07,2026-08-24 07:54:07
139-23.033E,40-54.388N,139.38388,40.906467,017.0,61.8,61,0,Under way using engine,2026-08-24 15:54:49,2026-08-24 07:54:49
139-23.132E,40-54.428N,139.385533,40.907125,016.9,61.9,61,0,Under way using engine,2026-08-24 15:55:07,2026-08-24 07:55:07
139-23.368E,40-54.522N,139.389467,40.908692,017.0,61.7,61,0,Under way using engine,2026-08-24 15:55:49,2026-08-24 07:55:49
139-23.462E,40-54.560N,139.391028,40.909335,017.0,62.1,61,0,Under way using engine,2026-08-24 15:56:06,2026-08-24 07:56:06
139-23.695E,40-54.652N,139.394915,40.910865,017.0,62.1,61,0,Under way using engine,2026-08-24 15:56:49,2026-08-24 07:56:49
139-23.789E,40-54.689N,139.396475,40.911482,016.9,62,61,0,Under way using engine,2026-08-24 15:57:07,2026-08-24 07:57:07
139-24.025E,40-54.784N,139.40042,40.913065,016.9,62.5,61,0,Under way using engine,2026-08-24 15:57:49,2026-08-24 07:57:49
139-24.091E,40-54.810N,139.401513,40.913508,017.0,62.2,61,0,Under way using engine,2026-08-24 15:58:01,2026-08-24 07:58:01
139-24.359E,40-54.916N,139.405975,40.915273,017.1,63.1,61,0,Under way using engine,2026-08-24 15:58:49,2026-08-24 07:58:49
139-24.392E,40-54.929N,139.40653,40.915487,017.0,62.1,61,0,Under way using engine,2026-08-24 15:58:55,2026-08-24 07:58:55
139-24.690E,40-55.047N,139.411495,40.917457,017.0,63,61,0,Under way using engine,2026-08-24 15:59:49,2026-08-24 07:59:49
139-24.723E,40-55.061N,139.412055,40.917682,016.9,61.8,61,0,Under way using engine,2026-08-24 15:59:55,2026-08-24 07:59:55
139-25.019E,40-55.179N,139.416987,40.919653,016.9,62.8,61,0,Under way using engine,2026-08-24 16:00:49,2026-08-24 08:00:49
139-25.052E,40-55.192N,139.417538,40.919868,016.9,62.1,61,0,Under way using engine,2026-08-24 16:00:55,2026-08-24 08:00:55
139-25.350E,40-55.312N,139.422498,40.921865,016.9,61.7,61,0,Under way using engine,2026-08-24 16:01:49,2026-08-24 08:01:49
139-25.383E,40-55.325N,139.423045,40.922085,016.9,61.7,61,0,Under way using engine,2026-08-24 16:01:55,2026-08-24 08:01:55
139-25.683E,40-55.446N,139.428058,40.924098,016.8,61.8,61,0,Under way using engine,2026-08-24 16:02:49,2026-08-24 08:02:49
139-26.006E,40-55.575N,139.433425,40.926255,016.8,62.3,61,0,Under way using engine,2026-08-24 16:03:49,2026-08-24 08:03:49
139-26.332E,40-55.707N,139.438863,40.928447,016.8,62.3,63,0,Under way using engine,2026-08-24 16:04:49,2026-08-24 08:04:49
139-26.661E,40-55.830N,139.444357,40.930505,016.7,64.3,64,0,Under way using engine,2026-08-24 16:05:49,2026-08-24 08:05:49
139-26.961E,40-55.942N,139.449358,40.93237,016.8,62.4,61,0,Under way using engine,2026-08-24 16:06:43,2026-08-24 08:06:43
139-27.263E,40-56.064N,139.454377,40.934395,016.8,61.7,60,0,Under way using engine,2026-08-24 16:07:37,2026-08-24 08:07:37
139-27.582E,40-56.195N,139.459702,40.936588,016.7,61,60,0,Under way using engine,2026-08-24 16:08:37,2026-08-24 08:08:37
139-27.609E,40-56.207N,139.46015,40.936775,016.7,61.4,60,0,Under way using engine,2026-08-24 16:08:43,2026-08-24 08:08:43
139-27.908E,40-56.330N,139.465127,40.938827,016.9,60.9,60,0,Under way using engine,2026-08-24 16:09:37,2026-08-24 08:09:37
139-27.940E,40-56.343N,139.46567,40.939052,016.8,61.7,60,0,Under way using engine,2026-08-24 16:09:43,2026-08-24 08:09:43
139-28.235E,40-56.464N,139.470583,40.941065,016.9,61.8,59,0,Under way using engine,2026-08-24 16:10:37,2026-08-24 08:10:37
139-28.262E,40-56.475N,139.47104,40.941252,016.9,61.3,58,0,Under way using engine,2026-08-24 16:10:43,2026-08-24 08:10:43
139-28.558E,40-56.608N,139.475967,40.94347,017.1,57.8,56,0,Under way using engine,2026-08-24 16:11:37,2026-08-24 08:11:37
139-28.590E,40-56.623N,139.476497,40.943722,017.1,57.3,56,0,Under way using engine,2026-08-24 16:11:43,2026-08-24 08:11:43
139-28.869E,40-56.759N,139.481158,40.945988,017.0,56.9,55,0,Under way using engine,2026-08-24 16:12:37,2026-08-24 08:12:37
139-28.907E,40-56.777N,139.481775,40.94629,017.1,57,55,0,Under way using engine,2026-08-24 16:12:43,2026-08-24 08:12:43
139-29.190E,40-56.918N,139.486502,40.94863,017.0,57.2,54,0,Under way using engine,2026-08-24 16:13:37,2026-08-24 08:13:37
139-29.216E,40-56.931N,139.48694,40.94885,017.0,57,54,0,Under way using engine,2026-08-24 16:13:43,2026-08-24 08:13:43
139-29.496E,40-57.081N,139.4916,40.951348,016.9,52.9,51,0,Under way using engine,2026-08-24 16:14:37,2026-08-24 08:14:37
139-29.526E,40-57.098N,139.492102,40.951633,016.9,53.2,51,0,Under way using engine,2026-08-24 16:14:43,2026-08-24 08:14:43
139-29.817E,40-57.267N,139.496957,40.954448,016.9,51.6,50,0,Under way using engine,2026-08-24 16:15:43,2026-08-24 08:15:43
139-29.852E,40-57.287N,139.497528,40.954787,016.9,52.1,50,0,Under way using engine,2026-08-24 16:15:49,2026-08-24 08:15:49
139-30.144E,40-57.461N,139.502395,40.957688,016.9,51.6,49,0,Under way using engine,2026-08-24 16:16:49,2026-08-24 08:16:49
139-30.173E,40-57.479N,139.502878,40.957988,017.0,50.5,50,0,Under way using engine,2026-08-24 16:16:55,2026-08-24 08:16:55
139-30.465E,40-57.654N,139.507755,40.960908,016.9,51,50,0,Under way using engine,2026-08-24 16:17:55,2026-08-24 08:17:55
139-30.494E,40-57.672N,139.50824,40.9612,016.9,51.3,50,0,Under way using engine,2026-08-24 16:18:01,2026-08-24 08:18:01
139-30.787E,40-57.847N,139.513113,40.964118,016.9,52,50,0,Under way using engine,2026-08-24 16:19:01,2026-08-24 08:19:01
139-30.811E,40-57.862N,139.51352,40.96436,017.0,52.1,50,0,Under way using engine,2026-08-24 16:19:07,2026-08-24 08:19:07
139-31.110E,40-58.042N,139.518497,40.96736,017.1,51.4,50,0,Under way using engine,2026-08-24 16:20:07,2026-08-24 08:20:07
139-31.139E,40-58.059N,139.51899,40.967652,017.1,52.5,50,0,Under way using engine,2026-08-24 16:20:13,2026-08-24 08:20:13
139-31.443E,40-58.237N,139.524043,40.970622,017.1,51.1,50,0,Under way using engine,2026-08-24 16:21:13,2026-08-24 08:21:13
139-31.767E,40-58.423N,139.529453,40.973722,016.9,53.7,53,0,Under way using engine,2026-08-24 16:22:19,2026-08-24 08:22:19
139-32.073E,40-58.584N,139.534548,40.976403,016.9,56.6,55,0,Under way using engine,2026-08-24 16:23:19,2026-08-24 08:23:19
139-32.382E,40-58.735N,139.539697,40.978922,016.8,57.9,57,0,Under way using engine,2026-08-24 16:24:19,2026-08-24 08:24:19
139-32.704E,40-58.884N,139.545072,40.981397,016.9,59,57,0,Under way using engine,2026-08-24 16:25:19,2026-08-24 08:25:19
139-33.023E,40-59.030N,139.550378,40.983835,016.9,58.8,57,0,Under way using engine,2026-08-24 16:26:19,2026-08-24 08:26:19
139-33.341E,40-59.177N,139.555683,40.986283,016.9,58.3,57,0,Under way using engine,2026-08-24 16:27:19,2026-08-24 08:27:19
139-33.660E,40-59.322N,139.561008,40.988703,016.8,58.5,57,0,Under way using engine,2026-08-24 16:28:19,2026-08-24 08:28:19
139-33.978E,40-59.468N,139.566295,40.991132,016.9,59.2,57,0,Under way using engine,2026-08-24 16:29:19,2026-08-24 08:29:19
139-34.295E,40-59.614N,139.571588,40.993573,016.8,59.6,57,0,Under way using engine,2026-08-24 16:30:19,2026-08-24 08:30:19
139-34.619E,40-59.764N,139.576978,40.996067,016.8,58.8,57,0,Under way using engine,2026-08-24 16:31:19,2026-08-24 08:31:19
139-34.930E,40-59.909N,139.582162,40.998485,016.8,58.4,57,0,Under way using engine,2026-08-24 16:32:19,2026-08-24 08:32:19
139-35.245E,41-0.056N,139.587422,41.000932,016.8,58.2,57,0,Under way using engine,2026-08-24 16:33:19,2026-08-24 08:33:19
139-35.562E,41-0.202N,139.5927,41.003373,016.8,57.9,57,0,Under way using engine,2026-08-24 16:34:19,2026-08-24 08:34:19
139-35.878E,41-0.351N,139.597972,41.005857,017.0,58.3,57,0,Under way using engine,2026-08-24 16:35:19,2026-08-24 08:35:19
139-36.200E,41-0.504N,139.60333,41.008403,016.9,57.8,57,0,Under way using engine,2026-08-24 16:36:19,2026-08-24 08:36:19
139-36.511E,41-0.650N,139.608517,41.010832,016.8,57.7,57,0,Under way using engine,2026-08-24 16:37:20,2026-08-24 08:37:20
139-36.833E,41-0.800N,139.613885,41.013327,016.8,58.2,57,0,Under way using engine,2026-08-24 16:38:20,2026-08-24 08:38:20
139-37.143E,41-0.945N,139.619043,41.015757,016.9,58.9,57,0,Under way using engine,2026-08-24 16:39:20,2026-08-24 08:39:20
139-37.461E,41-1.096N,139.624345,41.018265,017.1,58.1,57,0,Under way using engine,2026-08-24 16:40:20,2026-08-24 08:40:20
139-37.785E,41-1.251N,139.629758,41.020842,017.1,58.3,57,0,Under way using engine,2026-08-24 16:41:20,2026-08-24 08:41:20
139-37.818E,41-1.266N,139.630295,41.021092,017.0,58.3,57,0,Under way using engine,2026-08-24 16:41:26,2026-08-24 08:41:26
139-38.099E,41-1.400N,139.63499,41.02333,017.0,57.6,58,0,Under way using engine,2026-08-24 16:42:20,2026-08-24 08:42:20
139-38.164E,41-1.429N,139.63606,41.023823,017.0,58.1,58,0,Under way using engine,2026-08-24 16:42:31,2026-08-24 08:42:31
139-38.429E,41-1.546N,139.640487,41.025773,017.0,60.4,60,0,Under way using engine,2026-08-24 16:43:20,2026-08-24 08:43:20
139-38.490E,41-1.572N,139.641493,41.026202,017.1,60.1,60,0,Under way using engine,2026-08-24 16:43:31,2026-08-24 08:43:31
139-38.751E,41-1.686N,139.645855,41.028095,017.0,60.6,61,0,Under way using engine,2026-08-24 16:44:20,2026-08-24 08:44:20
139-38.812E,41-1.711N,139.646862,41.028518,017.0,61.3,61,0,Under way using engine,2026-08-24 16:44:31,2026-08-24 08:44:31
139-39.083E,41-1.819N,139.651378,41.030323,017.1,62.5,62,0,Under way using engine,2026-08-24 16:45:20,2026-08-24 08:45:20
139-39.116E,41-1.833N,139.651928,41.030543,017.0,61.5,62,0,Under way using engine,2026-08-24 16:45:25,2026-08-24 08:45:25
139-39.423E,41-1.953N,139.657053,41.032553,017.2,63,62,0,Under way using engine,2026-08-24 16:46:19,2026-08-24 08:46:19
139-39.754E,41-2.082N,139.662565,41.034703,017.1,63.2,62,0,Under way using engine,2026-08-24 16:47:19,2026-08-24 08:47:19
139-40.056E,41-2.199N,139.667603,41.036652,017.1,63,62,0,Under way using engine,2026-08-24 16:48:12,2026-08-24 08:48:12
139-40.383E,41-2.329N,139.673058,41.03881,017.0,62.6,62,0,Under way using engine,2026-08-24 16:49:13,2026-08-24 08:49:13
139-40.695E,41-2.451N,139.678257,41.040858,017.1,62,62,0,Under way using engine,2026-08-24 16:50:08,2026-08-24 08:50:08
139-41.025E,41-2.580N,139.683743,41.042997,017.0,62.5,62,0,Under way using engine,2026-08-24 16:51:08,2026-08-24 08:51:08
139-41.052E,41-2.591N,139.684207,41.043178,017.0,62.1,62,0,Under way using engine,2026-08-24 16:51:13,2026-08-24 08:51:13
139-41.358E,41-2.711N,139.689298,41.045178,017.1,61.9,62,0,Under way using engine,2026-08-24 16:52:07,2026-08-24 08:52:07
139-41.658E,41-2.829N,139.6943,41.047142,016.9,63.5,62,0,Under way using engine,2026-08-24 16:53:00,2026-08-24 08:53:00
139-41.984E,41-2.957N,139.699738,41.049287,016.9,63.1,62,0,Under way using engine,2026-08-24 16:54:00,2026-08-24 08:54:00
139-42.288E,41-3.078N,139.704802,41.051297,017.0,61.9,62,0,Under way using engine,2026-08-24 16:54:55,2026-08-24 08:54:55
139-42.615E,41-3.207N,139.710248,41.053445,017.0,63,62,0,Under way using engine,2026-08-24 16:55:55,2026-08-24 08:55:55
139-42.925E,41-3.327N,139.715422,41.055447,016.9,63,62,0,Under way using engine,2026-08-24 16:56:49,2026-08-24 08:56:49
139-43.253E,41-3.454N,139.72089,41.05757,017.0,62.7,62,0,Under way using engine,2026-08-24 16:57:49,2026-08-24 08:57:49
139-43.586E,41-3.583N,139.726432,41.059713,016.8,63.6,62,0,Under way using engine,2026-08-24 16:58:49,2026-08-24 08:58:49
139-43.921E,41-3.713N,139.732022,41.061875,016.8,62.4,62,0,Under way using engine,2026-08-24 16:59:50,2026-08-24 08:59:50
139-44.246E,41-3.839N,139.73743,41.063987,016.7,63.2,62,0,Under way using engine,2026-08-24 17:00:49,2026-08-24 09:00:49
139-44.579E,41-3.970N,139.742987,41.06617,016.7,62.4,62,0,Under way using engine,2026-08-24 17:01:49,2026-08-24 09:01:49
139-44.900E,41-4.098N,139.74834,41.068297,016.7,61.2,62,0,Under way using engine,2026-08-24 17:02:49,2026-08-24 09:02:49
139-45.231E,41-4.228N,139.753858,41.07046,016.8,63,62,0,Under way using engine,2026-08-24 17:03:49,2026-08-24 09:03:49
139-45.566E,41-4.358N,139.759428,41.07263,016.8,63,62,0,Under way using engine,2026-08-24 17:04:49,2026-08-24 09:04:49
139-45.890E,41-4.487N,139.764828,41.074785,016.8,61.7,62,0,Under way using engine,2026-08-24 17:05:49,2026-08-24 09:05:49
139-46.227E,41-4.621N,139.770442,41.07701,017.0,61.5,62,0,Under way using engine,2026-08-24 17:06:49,2026-08-24 09:06:49
139-46.551E,41-4.749N,139.775853,41.079142,016.8,62.8,62,0,Under way using engine,2026-08-24 17:07:49,2026-08-24 09:07:49
139-46.879E,41-4.879N,139.781313,41.081323,016.9,62.3,62,0,Under way using engine,2026-08-24 17:08:49,2026-08-24 09:08:49
139-47.217E,41-5.015N,139.786952,41.08358,017.1,62,62,0,Under way using engine,2026-08-24 17:09:49,2026-08-24 09:09:49
139-47.545E,41-5.142N,139.792412,41.085697,017.0,62.3,62,0,Under way using engine,2026-08-24 17:10:49,2026-08-24 09:10:49
139-47.876E,41-5.276N,139.79793,41.087927,016.9,60,59,0,Under way using engine,2026-08-24 17:11:49,2026-08-24 09:11:49
139-48.198E,41-5.418N,139.803293,41.090307,016.9,57.8,57,0,Under way using engine,2026-08-24 17:12:50,2026-08-24 09:12:50
139-48.516E,41-5.569N,139.808592,41.09281,016.9,57.4,57,0,Under way using engine,2026-08-24 17:13:49,2026-08-24 09:13:49
139-48.837E,41-5.724N,139.813943,41.095392,017.1,56.9,57,0,Under way using engine,2026-08-24 17:14:49,2026-08-24 09:14:49
139-49.147E,41-5.874N,139.81912,41.097893,016.9,57.5,57,0,Under way using engine,2026-08-24 17:15:49,2026-08-24 09:15:49
139-49.464E,41-6.025N,139.824397,41.100415,016.9,57.4,57,0,Under way using engine,2026-08-24 17:16:51,2026-08-24 09:16:51
139-49.780E,41-6.176N,139.829663,41.102932,017.0,57.6,57,0,Under way using engine,2026-08-24 17:17:49,2026-08-24 09:17:49
139-50.096E,41-6.330N,139.834937,41.105495,017.0,57.2,57,0,Under way using engine,2026-08-24 17:18:49,2026-08-24 09:18:49
139-50.408E,41-6.480N,139.840132,41.108,016.9,57,57,0,Under way using engine,2026-08-24 17:19:50,2026-08-24 09:19:50
139-50.728E,41-6.634N,139.845472,41.110567,016.9,58.1,57,0,Under way using engine,2026-08-24 17:20:49,2026-08-24 09:20:49
139-51.044E,41-6.785N,139.850737,41.113082,016.9,58,57,0,Under way using engine,2026-08-24 17:21:49,2026-08-24 09:21:49
139-51.362E,41-6.938N,139.856028,41.115632,017.1,57.6,57,0,Under way using engine,2026-08-24 17:22:49,2026-08-24 09:22:49
139-51.681E,41-7.092N,139.861347,41.118195,017.1,57.3,57,0,Under way using engine,2026-08-24 17:23:49,2026-08-24 09:23:49
139-51.995E,41-7.242N,139.866578,41.120697,017.2,57.6,57,0,Under way using engine,2026-08-24 17:24:49,2026-08-24 09:24:49
139-52.319E,41-7.399N,139.871978,41.123313,017.1,57.6,57,0,Under way using engine,2026-08-24 17:25:49,2026-08-24 09:25:49
139-52.636E,41-7.555N,139.877273,41.125912,017.1,57,57,0,Under way using engine,2026-08-24 17:26:49,2026-08-24 09:26:49
139-52.950E,41-7.707N,139.882493,41.128455,017.0,56.8,57,0,Under way using engine,2026-08-24 17:27:49,2026-08-24 09:27:49
139-53.272E,41-7.865N,139.88787,41.131083,017.2,57.1,57,0,Under way using engine,2026-08-24 17:28:49,2026-08-24 09:28:49
139-53.592E,41-8.020N,139.893195,41.13366,017.1,57.1,57,0,Under way using engine,2026-08-24 17:29:50,2026-08-24 09:29:50
139-53.911E,41-8.173N,139.898515,41.13622,017.2,57.1,57,0,Under way using engine,2026-08-24 17:30:49,2026-08-24 09:30:49
139-54.230E,41-8.328N,139.90384,41.138808,017.0,57,57,0,Under way using engine,2026-08-24 17:31:49,2026-08-24 09:31:49
139-54.550E,41-8.481N,139.909173,41.141357,017.2,57.7,57,0,Under way using engine,2026-08-24 17:32:49,2026-08-24 09:32:49
139-54.869E,41-8.637N,139.914487,41.14395,017.0,57.6,57,0,Under way using engine,2026-08-24 17:33:49,2026-08-24 09:33:49
139-55.184E,41-8.790N,139.919733,41.146497,016.8,57.6,57,0,Under way using engine,2026-08-24 17:34:49,2026-08-24 09:34:49
139-55.497E,41-8.942N,139.92495,41.149038,016.8,57.6,57,0,Under way using engine,2026-08-24 17:35:49,2026-08-24 09:35:49
139-55.813E,41-9.093N,139.930215,41.151543,016.8,57.4,57,0,Under way using engine,2026-08-24 17:36:49,2026-08-24 09:36:49
139-56.123E,41-9.241N,139.935378,41.15401,016.9,57.4,57,0,Under way using engine,2026-08-24 17:37:49,2026-08-24 09:37:49
139-56.444E,41-9.394N,139.940725,41.156567,016.9,57.4,57,0,Under way using engine,2026-08-24 17:38:49,2026-08-24 09:38:49
139-56.756E,41-9.543N,139.945928,41.159045,017.0,57.3,57,0,Under way using engine,2026-08-24 17:39:49,2026-08-24 09:39:49
139-57.080E,41-9.696N,139.951332,41.161608,017.1,57.7,57,0,Under way using engine,2026-08-24 17:40:49,2026-08-24 09:40:49
139-57.403E,41-9.849N,139.95672,41.164148,016.8,58.5,57,0,Under way using engine,2026-08-24 17:41:49,2026-08-24 09:41:49
139-57.712E,41-9.996N,139.96187,41.166598,016.8,58.5,57,0,Under way using engine,2026-08-24 17:42:49,2026-08-24 09:42:49
139-58.028E,41-10.145N,139.967137,41.169078,016.8,58.4,57,0,Under way using engine,2026-08-24 17:43:49,2026-08-24 09:43:49
139-58.342E,41-10.295N,139.972368,41.171583,016.9,57.6,57,0,Under way using engine,2026-08-24 17:44:49,2026-08-24 09:44:49
139-58.657E,41-10.443N,139.977613,41.174053,016.7,57.3,57,0,Under way using engine,2026-08-24 17:45:49,2026-08-24 09:45:49
139-58.977E,41-10.595N,139.982942,41.17659,016.8,57.2,57,0,Under way using engine,2026-08-24 17:46:50,2026-08-24 09:46:50
139-59.286E,41-10.742N,139.988102,41.179038,016.8,57.8,57,0,Under way using engine,2026-08-24 17:47:50,2026-08-24 09:47:50
139-59.602E,41-10.894N,139.99336,41.181568,016.9,56.5,57,0,Under way using engine,2026-08-24 17:48:49,2026-08-24 09:48:49
139-59.911E,41-11.043N,139.998512,41.18405,016.7,57.8,56,0,Under way using engine,2026-08-24 17:49:49,2026-08-24 09:49:49
139-59.948E,41-11.061N,139.999128,41.18435,016.7,56.9,55,0,Under way using engine,2026-08-24 17:49:55,2026-08-24 09:49:55
140-0.226E,41-11.202N,140.003768,41.186697,016.9,55.5,54,0,Under way using engine,2026-08-24 17:50:49,2026-08-24 09:50:49
140-0.288E,41-11.235N,140.004795,41.187245,017.0,54.2,54,0,Under way using engine,2026-08-24 17:51:02,2026-08-24 09:51:02
140-0.533E,41-11.367N,140.008885,41.189448,017.0,54.4,54,0,Under way using engine,2026-08-24 17:51:49,2026-08-24 09:51:49
140-0.595E,41-11.400N,140.009913,41.189998,017.0,54.9,54,0,Under way using engine,2026-08-24 17:52:02,2026-08-24 09:52:02
140-0.844E,41-11.531N,140.014065,41.192185,017.1,56.2,54,0,Under way using engine,2026-08-24 17:52:51,2026-08-24 09:52:51
140-0.906E,41-11.563N,140.015093,41.192722,017.1,55.1,54,0,Under way using engine,2026-08-24 17:53:01,2026-08-24 09:53:01
140-1.152E,41-11.695N,140.019202,41.194912,017.0,55.6,54,0,Under way using engine,2026-08-24 17:53:50,2026-08-24 09:53:50
140-1.214E,41-11.727N,140.020238,41.195453,017.0,54.3,54,0,Under way using engine,2026-08-24 17:54:02,2026-08-24 09:54:02
140-1.461E,41-11.859N,140.024353,41.197655,017.2,54.3,54,0,Under way using engine,2026-08-24 17:54:50,2026-08-24 09:54:50
140-1.523E,41-11.892N,140.025388,41.198207,017.1,54.3,54,0,Under way using engine,2026-08-24 17:55:02,2026-08-24 09:55:02
140-1.772E,41-12.024N,140.029535,41.200403,017.2,55,54,0,Under way using engine,2026-08-24 17:55:49,2026-08-24 09:55:49
140-1.834E,41-12.058N,140.030568,41.200968,017.2,54.9,54,0,Under way using engine,2026-08-24 17:56:02,2026-08-24 09:56:02
140-2.089E,41-12.193N,140.034823,41.203217,017.3,55.1,54,0,Under way using engine,2026-08-24 17:56:50,2026-08-24 09:56:50
140-2.147E,41-12.224N,140.035778,41.203727,017.3,55.3,54,0,Under way using engine,2026-08-24 17:57:01,2026-08-24 09:57:01
140-2.431E,41-12.371N,140.040515,41.20619,017.4,55.4,54,0,Under way using engine,2026-08-24 17:57:56,2026-08-24 09:57:56
140-2.462E,41-12.388N,140.04104,41.206467,017.3,55,54,0,Under way using engine,2026-08-24 17:58:02,2026-08-24 09:58:02
140-2.751E,41-12.539N,140.045848,41.208987,017.3,55.6,53,0,Under way using engine,2026-08-24 17:58:56,2026-08-24 09:58:56
140-2.777E,41-12.553N,140.046278,41.209213,017.3,54.3,53,0,Under way using engine,2026-08-24 17:59:01,2026-08-24 09:59:01
140-3.060E,41-12.703N,140.051,41.211722,017.3,56,54,0,Under way using engine,2026-08-24 17:59:56,2026-08-24 09:59:56
140-3.092E,41-12.719N,140.051528,41.211988,017.3,55.1,54,0,Under way using engine,2026-08-24 18:00:02,2026-08-24 10:00:02
140-3.375E,41-12.872N,140.056252,41.214527,017.4,55.7,55,0,Under way using engine,2026-08-24 18:00:55,2026-08-24 10:00:55
140-3.407E,41-12.888N,140.056787,41.214803,017.5,55.9,55,0,Under way using engine,2026-08-24 18:01:02,2026-08-24 10:01:02
140-3.703E,41-13.036N,140.061723,41.217263,017.5,55.5,55,0,Under way using engine,2026-08-24 18:01:56,2026-08-24 10:01:56
140-3.736E,41-13.052N,140.062267,41.217538,017.5,57.5,55,0,Under way using engine,2026-08-24 18:02:01,2026-08-24 10:02:01
140-4.055E,41-13.210N,140.06758,41.220168,017.6,57.2,56,0,Under way using engine,2026-08-24 18:03:01,2026-08-24 10:03:01
140-4.382E,41-13.370N,140.073028,41.22284,017.6,56.6,56,0,Under way using engine,2026-08-24 18:04:01,2026-08-24 10:04:01
140-4.738E,41-13.546N,140.078963,41.225768,017.8,56.5,56,0,Under way using engine,2026-08-24 18:05:07,2026-08-24 10:05:07
140-5.039E,41-13.692N,140.083988,41.2282,017.7,56.5,56,0,Under way using engine,2026-08-24 18:06:01,2026-08-24 10:06:01
140-5.339E,41-13.843N,140.088988,41.23071,017.8,57,57,0,Under way using engine,2026-08-24 18:06:56,2026-08-24 10:06:56
140-5.697E,41-14.011N,140.094953,41.23351,017.8,59.5,60,0,Under way using engine,2026-08-24 18:08:01,2026-08-24 10:08:01
140-6.077E,41-14.179N,140.10128,41.236313,017.8,59.5,60,0,Under way using engine,2026-08-24 18:09:09,2026-08-24 10:09:09
140-6.379E,41-14.312N,140.106312,41.23853,017.9,60.6,60,0,Under way using engine,2026-08-24 18:10:01,2026-08-24 10:10:01
140-6.686E,41-14.449N,140.111438,41.240812,017.9,59.1,61,0,Under way using engine,2026-08-24 18:10:55,2026-08-24 10:10:55
140-7.000E,41-14.589N,140.116668,41.243142,018.0,59.9,60,0,Under way using engine,2026-08-24 18:11:50,2026-08-24 10:11:50
140-7.309E,41-14.726N,140.121822,41.245432,018.0,60.1,61,0,Under way using engine,2026-08-24 18:12:44,2026-08-24 10:12:44
140-7.616E,41-14.859N,140.126928,41.247648,018.1,60.2,60,0,Under way using engine,2026-08-24 18:13:37,2026-08-24 10:13:37
140-7.932E,41-14.997N,140.132203,41.24995,017.9,58.9,59,0,Under way using engine,2026-08-24 18:14:31,2026-08-24 10:14:31
140-8.240E,41-15.132N,140.137332,41.252202,017.9,59.4,60,0,Under way using engine,2026-08-24 18:15:25,2026-08-24 10:15:25
140-8.548E,41-15.267N,140.142463,41.254453,017.8,59.5,60,0,Under way using engine,2026-08-24 18:16:19,2026-08-24 10:16:19
140-8.854E,41-15.402N,140.147573,41.256698,017.8,60,60,0,Under way using engine,2026-08-24 18:17:14,2026-08-24 10:17:14
140-9.161E,41-15.538N,140.152682,41.258965,017.9,59.5,60,0,Under way using engine,2026-08-24 18:18:08,2026-08-24 10:18:08
140-9.468E,41-15.673N,140.157803,41.26121,017.8,59.8,60,0,Under way using engine,2026-08-24 18:19:02,2026-08-24 10:19:02
140-9.778E,41-15.799N,140.16297,41.26332,017.6,61.7,60,0,Under way using engine,2026-08-24 18:19:56,2026-08-24 10:19:56
140-10.093E,41-15.924N,140.168223,41.265408,017.4,62,60,0,Under way using engine,2026-08-24 18:20:50,2026-08-24 10:20:50
140-10.500E,41-16.086N,140.174997,41.268098,017.2,60.8,56,0,Under way using engine,2026-08-24 18:22:01,2026-08-24 10:22:01
140-10.847E,41-16.251N,140.180785,41.270853,017.0,56.3,54,0,Under way using engine,2026-08-24 18:23:07,2026-08-24 10:23:07
140-11.161E,41-16.412N,140.186018,41.273525,017.2,55.6,53,0,Under way using engine,2026-08-24 18:24:08,2026-08-24 10:24:08
140-11.476E,41-16.572N,140.191267,41.276202,017.2,56.7,54,0,Under way using engine,2026-08-24 18:25:07,2026-08-24 10:25:07
140-11.823E,41-16.750N,140.197047,41.279162,017.1,55.8,54,0,Under way using engine,2026-08-24 18:26:13,2026-08-24 10:26:13
140-12.137E,41-16.910N,140.20229,41.281828,017.1,54.4,53,0,Under way using engine,2026-08-24 18:27:13,2026-08-24 10:27:13
140-12.446E,41-17.070N,140.207425,41.2845,017.3,55.9,54,0,Under way using engine,2026-08-24 18:28:13,2026-08-24 10:28:13
140-12.770E,41-17.234N,140.212832,41.287227,017.4,55.7,54,0,Under way using engine,2026-08-24 18:29:13,2026-08-24 10:29:13
140-13.085E,41-17.393N,140.218088,41.289885,017.5,55.8,54,0,Under way using engine,2026-08-24 18:30:13,2026-08-24 10:30:13
140-13.413E,41-17.561N,140.223548,41.292678,017.5,55.5,54,0,Under way using engine,2026-08-24 18:31:13,2026-08-24 10:31:13
140-13.733E,41-17.725N,140.228888,41.295413,017.5,55.3,54,0,Under way using engine,2026-08-24 18:32:13,2026-08-24 10:32:13
140-14.055E,41-17.889N,140.234242,41.298145,017.5,56.5,54,0,Under way using engine,2026-08-24 18:33:13,2026-08-24 10:33:13
140-14.376E,41-18.054N,140.239602,41.300898,017.6,54.8,54,0,Under way using engine,2026-08-24 18:34:13,2026-08-24 10:34:13
140-14.725E,41-18.233N,140.245423,41.303883,017.5,57.1,55,0,Under way using engine,2026-08-24 18:35:19,2026-08-24 10:35:19
140-15.052E,41-18.395N,140.250862,41.306585,017.7,56.6,54,0,Under way using engine,2026-08-24 18:36:19,2026-08-24 10:36:19
140-15.358E,41-18.547N,140.255968,41.30911,017.7,57.3,53,0,Under way using engine,2026-08-24 18:37:14,2026-08-24 10:37:14
140-15.674E,41-18.714N,140.261232,41.3119,017.8,53.8,52,0,Under way using engine,2026-08-24 18:38:14,2026-08-24 10:38:14
140-15.996E,41-18.895N,140.266598,41.314915,017.8,52.4,51,0,Under way using engine,2026-08-24 18:39:14,2026-08-24 10:39:14
140-16.304E,41-19.070N,140.27173,41.317825,018.1,52.7,51,0,Under way using engine,2026-08-24 18:40:13,2026-08-24 10:40:13
140-16.629E,41-19.260N,140.277142,41.320993,018.3,52,51,0,Under way using engine,2026-08-24 18:41:13,2026-08-24 10:41:13
140-16.949E,41-19.436N,140.28249,41.323933,018.3,54.3,51,0,Under way using engine,2026-08-24 18:42:13,2026-08-24 10:42:13
140-17.281E,41-19.615N,140.288013,41.326915,018.3,54.1,51,0,Under way using engine,2026-08-24 18:43:13,2026-08-24 10:43:13
140-17.586E,41-19.778N,140.293095,41.32964,018.3,54.8,50,0,Under way using engine,2026-08-24 18:44:07,2026-08-24 10:44:07
140-17.909E,41-19.957N,140.298482,41.332615,018.3,54.3,51,0,Under way using engine,2026-08-24 18:45:06,2026-08-24 10:45:06
140-18.212E,41-20.118N,140.303537,41.335305,018.2,53.4,51,0,Under way using engine,2026-08-24 18:46:02,2026-08-24 10:46:02
140-18.540E,41-20.296N,140.308997,41.338267,018.1,54.4,51,0,Under way using engine,2026-08-24 18:47:01,2026-08-24 10:47:01
140-18.870E,41-20.474N,140.314498,41.341227,018.2,54.8,51,0,Under way using engine,2026-08-24 18:48:03,2026-08-24 10:48:03
140-19.196E,41-20.648N,140.31994,41.34414,018.0,55.9,51,0,Under way using engine,2026-08-24 18:49:01,2026-08-24 10:49:01
140-19.515E,41-20.818N,140.325247,41.34697,017.7,55.1,51,0,Under way using engine,2026-08-24 18:50:01,2026-08-24 10:50:01
140-19.832E,41-20.994N,140.330533,41.349907,017.4,53.1,50,0,Under way using engine,2026-08-24 18:51:00,2026-08-24 10:51:00
140-20.158E,41-21.188N,140.335962,41.353137,017.3,48.5,49,0,Under way using engine,2026-08-24 18:52:07,2026-08-24 10:52:07
140-20.458E,41-21.375N,140.340965,41.356243,017.2,51.6,52,0,Under way using engine,2026-08-24 18:53:08,2026-08-24 10:53:08
140-20.789E,41-21.578N,140.346482,41.35964,017.1,51.4,52,0,Under way using engine,2026-08-24 18:54:14,2026-08-24 10:54:14
140-21.111E,41-21.777N,140.351843,41.362953,017.5,51.1,53,0,Under way using engine,2026-08-24 18:55:20,2026-08-24 10:55:20
140-21.419E,41-21.961N,140.356978,41.366015,018.0,51.5,51,0,Under way using engine,2026-08-24 18:56:19,2026-08-24 10:56:19
140-21.735E,41-22.150N,140.362243,41.369162,018.4,51.2,50,0,Under way using engine,2026-08-24 18:57:19,2026-08-24 10:57:19
140-22.046E,41-22.348N,140.367432,41.37246,018.3,50.1,50,0,Under way using engine,2026-08-24 18:58:19,2026-08-24 10:58:19
140-22.358E,41-22.552N,140.372638,41.375872,018.4,50.3,52,0,Under way using engine,2026-08-24 18:59:19,2026-08-24 10:59:19
140-22.667E,41-22.747N,140.37779,41.379117,018.5,50.5,52,0,Under way using engine,2026-08-24 19:00:19,2026-08-24 11:00:19
140-22.990E,41-22.938N,140.383162,41.382307,018.5,50.5,50,0,Under way using engine,2026-08-24 19:01:19,2026-08-24 11:01:19
140-23.310E,41-23.138N,140.388508,41.385628,019.0,49.5,50,0,Under way using engine,2026-08-24 19:02:19,2026-08-24 11:02:19
140-23.636E,41-23.338N,140.39393,41.388967,019.0,50.3,51,0,Under way using engine,2026-08-24 19:03:19,2026-08-24 11:03:19
140-23.964E,41-23.538N,140.399398,41.3923,019.0,52,51,0,Under way using engine,2026-08-24 19:04:19,2026-08-24 11:04:19
140-24.264E,41-23.714N,140.404403,41.395238,019.1,51.6,52,0,Under way using engine,2026-08-24 19:05:13,2026-08-24 11:05:13
140-24.567E,41-23.889N,140.409445,41.398152,019.1,52.8,53,0,Under way using engine,2026-08-24 19:06:07,2026-08-24 11:06:07
140-24.870E,41-24.058N,140.414493,41.400963,019.2,53.5,54,0,Under way using engine,2026-08-24 19:07:01,2026-08-24 11:07:01
140-25.190E,41-24.227N,140.419828,41.403788,019.3,55.3,56,0,Under way using engine,2026-08-24 19:07:55,2026-08-24 11:07:55
140-25.502E,41-24.388N,140.425038,41.406467,019.3,55.9,56,0,Under way using engine,2026-08-24 19:08:48,2026-08-24 11:08:48
140-25.827E,41-24.555N,140.430447,41.409245,019.3,55.5,56,0,Under way using engine,2026-08-24 19:09:43,2026-08-24 11:09:43
140-26.146E,41-24.721N,140.435762,41.41202,019.4,55.9,56,0,Under way using engine,2026-08-24 19:10:38,2026-08-24 11:10:38
140-26.500E,41-24.906N,140.44166,41.415107,019.4,55.2,56,0,Under way using engine,2026-08-24 19:11:38,2026-08-24 11:11:38
140-26.820E,41-25.071N,140.447002,41.41785,019.4,55.1,56,0,Under way using engine,2026-08-24 19:12:31,2026-08-24 11:12:31
140-27.139E,41-25.239N,140.452313,41.420642,019.4,55.7,56,0,Under way using engine,2026-08-24 19:13:25,2026-08-24 11:13:25
140-27.461E,41-25.404N,140.457675,41.423397,019.4,55.1,56,0,Under way using engine,2026-08-24 19:14:20,2026-08-24 11:14:20
140-27.782E,41-25.572N,140.46303,41.426202,019.7,55.5,56,0,Under way using engine,2026-08-24 19:15:14,2026-08-24 11:15:14
140-28.107E,41-25.740N,140.468457,41.429,019.7,55.4,57,0,Under way using engine,2026-08-24 19:16:07,2026-08-24 11:16:07
140-28.437E,41-25.900N,140.473953,41.431667,019.6,58,57,0,Under way using engine,2026-08-24 19:17:02,2026-08-24 11:17:02
140-28.767E,41-26.060N,140.479443,41.434327,019.5,57.1,55,0,Under way using engine,2026-08-24 19:17:55,2026-08-24 11:17:55
140-29.084E,41-26.222N,140.484735,41.43703,019.6,55.1,54,0,Under way using engine,2026-08-24 19:18:49,2026-08-24 11:18:49
140-29.415E,41-26.394N,140.490242,41.439898,019.8,54.9,53,0,Under way using engine,2026-08-24 19:19:43,2026-08-24 11:19:43
140-29.740E,41-26.564N,140.495663,41.44273,019.9,54.9,53,0,Under way using engine,2026-08-24 19:20:37,2026-08-24 11:20:37
140-30.065E,41-26.736N,140.501075,41.445605,019.8,55,53,0,Under way using engine,2026-08-24 19:21:30,2026-08-24 11:21:30
140-30.388E,41-26.909N,140.50646,41.448487,019.7,54.9,53,0,Under way using engine,2026-08-24 19:22:25,2026-08-24 11:22:25
140-30.719E,41-27.082N,140.511977,41.451368,019.9,55.5,53,0,Under way using engine,2026-08-24 19:23:20,2026-08-24 11:23:20
140-31.032E,41-27.245N,140.517205,41.454088,019.8,55.4,53,0,Under way using engine,2026-08-24 19:24:13,2026-08-24 11:24:13
140-31.334E,41-27.403N,140.522228,41.45671,019.9,54.8,53,0,Under way using engine,2026-08-24 19:25:01,2026-08-24 11:25:01
140-31.647E,41-27.568N,140.527448,41.45946,019.8,54.8,53,0,Under way using engine,2026-08-24 19:25:55,2026-08-24 11:25:55
140-31.978E,41-27.741N,140.532973,41.46235,019.8,55.7,53,0,Under way using engine,2026-08-24 19:26:50,2026-08-24 11:26:50
140-32.305E,41-27.911N,140.538418,41.465178,019.9,55.7,53,0,Under way using engine,2026-08-24 19:27:43,2026-08-24 11:27:43
140-32.639E,41-28.082N,140.543987,41.468033,019.8,56.1,53,0,Under way using engine,2026-08-24 19:28:38,2026-08-24 11:28:38
140-32.956E,41-28.245N,140.549273,41.470758,019.9,55.7,53,0,Under way using engine,2026-08-24 19:29:31,2026-08-24 11:29:31
140-33.290E,41-28.421N,140.554832,41.47368,020.0,54.8,52,0,Under way using engine,2026-08-24 19:30:26,2026-08-24 11:30:26
140-33.623E,41-28.597N,140.56039,41.476613,020.1,54.4,51,0,Under way using engine,2026-08-24 19:31:20,2026-08-24 11:31:20
140-33.947E,41-28.766N,140.565788,41.479433,020.1,55.6,51,0,Under way using engine,2026-08-24 19:32:13,2026-08-24 11:32:13
140-34.279E,41-28.938N,140.571317,41.482297,020.1,55.7,51,0,Under way using engine,2026-08-24 19:33:07,2026-08-24 11:33:07
140-34.604E,41-29.106N,140.576738,41.485097,020.2,55.3,51,0,Under way using engine,2026-08-24 19:34:01,2026-08-24 11:34:01
140-34.911E,41-29.265N,140.581858,41.487742,020.2,55.4,51,0,Under way using engine,2026-08-24 19:34:49,2026-08-24 11:34:49
140-35.239E,41-29.434N,140.587313,41.49056,020.0,54.1,48,0,Under way using engine,2026-08-24 19:35:46,2026-08-24 11:35:46
140-35.566E,41-29.616N,140.592765,41.493592,019.9,53,47,0,Under way using engine,2026-08-24 19:36:38,2026-08-24 11:36:38
140-35.876E,41-29.795N,140.597927,41.496575,019.9,52.9,47,0,Under way using engine,2026-08-24 19:37:31,2026-08-24 11:37:31
140-36.200E,41-29.977N,140.60333,41.499622,019.8,53.2,47,0,Under way using engine,2026-08-24 19:38:25,2026-08-24 11:38:25
140-36.512E,41-30.152N,140.608527,41.502533,019.8,53.2,47,0,Under way using engine,2026-08-24 19:39:19,2026-08-24 11:39:19
140-36.829E,41-30.330N,140.61382,41.505497,019.8,53.5,47,0,Under way using engine,2026-08-24 19:40:14,2026-08-24 11:40:14
140-37.149E,41-30.507N,140.619145,41.50845,019.8,53.1,47,0,Under way using engine,2026-08-24 19:41:07,2026-08-24 11:41:07
140-37.466E,41-30.686N,140.62444,41.511427,019.9,53.9,47,0,Under way using engine,2026-08-24 19:42:01,2026-08-24 11:42:01
140-37.781E,41-30.859N,140.629683,41.514322,019.9,53.8,47,0,Under way using engine,2026-08-24 19:42:55,2026-08-24 11:42:55
140-38.109E,41-31.039N,140.635155,41.517312,019.9,53.8,47,0,Under way using engine,2026-08-24 19:43:49,2026-08-24 11:43:49
140-38.435E,41-31.214N,140.640587,41.520225,019.9,55,48,0,Under way using engine,2026-08-24 19:44:43,2026-08-24 11:44:43
140-38.762E,41-31.385N,140.646032,41.52309,019.9,54.7,48,0,Under way using engine,2026-08-24 19:45:37,2026-08-24 11:45:37
140-39.082E,41-31.554N,140.651363,41.525902,019.8,55.1,48,0,Under way using engine,2026-08-24 19:46:31,2026-08-24 11:46:31
140-39.411E,41-31.729N,140.656855,41.528815,019.7,54,47,0,Under way using engine,2026-08-24 19:47:26,2026-08-24 11:47:26
140-39.721E,41-31.907N,140.662017,41.531778,019.5,52.4,48,0,Under way using engine,2026-08-24 19:48:18,2026-08-24 11:48:18
140-40.032E,41-32.079N,140.667198,41.534657,019.3,53.7,48,0,Under way using engine,2026-08-24 19:49:14,2026-08-24 11:49:14
140-40.345E,41-32.247N,140.672422,41.537443,019.1,54.5,48,0,Under way using engine,2026-08-24 19:50:07,2026-08-24 11:50:07
140-40.650E,41-32.411N,140.677493,41.540183,019.0,54.4,48,0,Under way using engine,2026-08-24 19:51:00,2026-08-24 11:51:00
140-40.969E,41-32.584N,140.68281,41.543065,018.8,53.8,48,0,Under way using engine,2026-08-24 19:51:56,2026-08-24 11:51:56
140-41.295E,41-32.768N,140.688243,41.546135,018.6,52.6,49,0,Under way using engine,2026-08-24 19:52:56,2026-08-24 11:52:56
140-41.602E,41-32.933N,140.693373,41.548877,018.5,56.6,54,0,Under way using engine,2026-08-24 19:53:49,2026-08-24 11:53:49
140-41.907E,41-33.078N,140.698443,41.551303,018.3,57.9,55,0,Under way using engine,2026-08-24 19:54:43,2026-08-24 11:54:43
140-42.248E,41-33.237N,140.70413,41.553952,017.9,57.9,55,0,Under way using engine,2026-08-24 19:55:43,2026-08-24 11:55:43
140-42.588E,41-33.399N,140.709797,41.556652,017.7,57.7,55,0,Under way using engine,2026-08-24 19:56:43,2026-08-24 11:56:43
140-42.912E,41-33.556N,140.715198,41.559262,017.5,56.7,55,0,Under way using engine,2026-08-24 19:57:43,2026-08-24 11:57:43
140-43.232E,41-33.721N,140.720527,41.562012,017.3,55.2,55,0,Under way using engine,2026-08-24 19:58:43,2026-08-24 11:58:43
140-43.539E,41-33.883N,140.725658,41.564712,017.2,54.1,55,0,Under way using engine,2026-08-24 19:59:43,2026-08-24 11:59:43
140-43.852E,41-34.050N,140.73087,41.5675,016.9,54.5,57,0,Under way using engine,2026-08-24 20:00:43,2026-08-24 12:00:43
140-44.159E,41-34.202N,140.735987,41.570027,016.6,58.4,60,0,Under way using engine,2026-08-24 20:01:43,2026-08-24 12:01:43
140-44.480E,41-34.347N,140.741335,41.572448,016.5,58.5,60,0,Under way using engine,2026-08-24 20:02:43,2026-08-24 12:02:43
140-44.796E,41-34.490N,140.746605,41.574838,016.6,58.5,60,0,Under way using engine,2026-08-24 20:03:43,2026-08-24 12:03:43
140-45.109E,41-34.636N,140.751817,41.577262,016.6,57.4,60,0,Under way using engine,2026-08-24 20:04:43,2026-08-24 12:04:43
140-45.421E,41-34.785N,140.75702,41.579747,016.6,57.6,60,0,Under way using engine,2026-08-24 20:05:43,2026-08-24 12:05:43
140-45.728E,41-34.933N,140.76213,41.582223,016.8,56.7,60,0,Under way using engine,2026-08-24 20:06:43,2026-08-24 12:06:43
140-46.045E,41-35.092N,140.76742,41.584868,016.9,58.1,65,12,Under way using engine,2026-08-24 20:07:43,2026-08-24 12:07:43
140-46.376E,41-35.219N,140.772937,41.586988,016.7,64.7,69,0,Under way using engine,2026-08-24 20:08:43,2026-08-24 12:08:43
140-46.712E,41-35.337N,140.77853,41.588945,016.7,66.6,73,0,Under way using engine,2026-08-24 20:09:43,2026-08-24 12:09:43
140-47.021E,41-35.428N,140.783678,41.590462,016.6,69.4,74,0,Under way using engine,2026-08-24 20:10:37,2026-08-24 12:10:37
140-47.326E,41-35.512N,140.788772,41.591873,016.5,69.7,75,0,Under way using engine,2026-08-24 20:11:31,2026-08-24 12:11:31
140-47.644E,41-35.602N,140.794065,41.59336,016.6,69.1,75,0,Under way using engine,2026-08-24 20:12:25,2026-08-24 12:12:25
140-47.949E,41-35.690N,140.799142,41.594833,016.7,68.3,75,0,Under way using engine,2026-08-24 20:13:18,2026-08-24 12:13:18
140-48.264E,41-35.784N,140.804407,41.596395,016.6,68.6,75,0,Under way using engine,2026-08-24 20:14:13,2026-08-24 12:14:13
140-48.575E,41-35.876N,140.809582,41.59794,016.6,68.6,75,0,Under way using engine,2026-08-24 20:15:07,2026-08-24 12:15:07
140-48.884E,41-35.968N,140.814738,41.59946,016.5,69.9,79,0,Under way using engine,2026-08-24 20:16:01,2026-08-24 12:16:01
140-49.198E,41-36.041N,140.81997,41.600685,016.3,75.2,84,0,Under way using engine,2026-08-24 20:16:55,2026-08-24 12:16:55
140-49.514E,41-36.099N,140.825238,41.601643,016.3,77.1,86,0,Under way using engine,2026-08-24 20:17:49,2026-08-24 12:17:49
140-49.829E,41-36.151N,140.830475,41.60252,016.4,77.3,86,0,Under way using engine,2026-08-24 20:18:44,2026-08-24 12:18:44
140-50.157E,41-36.205N,140.835942,41.603418,016.5,77.3,86,0,Under way using engine,2026-08-24 20:19:37,2026-08-24 12:19:37
140-50.482E,41-36.258N,140.841367,41.604307,016.6,77.2,85,0,Under way using engine,2026-08-24 20:20:32,2026-08-24 12:20:32
140-50.802E,41-36.313N,140.846698,41.605222,016.7,77.8,86,0,Under way using engine,2026-08-24 20:21:25,2026-08-24 12:21:25
140-51.105E,41-36.363N,140.851742,41.606047,016.8,77.4,85,0,Under way using engine,2026-08-24 20:22:14,2026-08-24 12:22:14
140-51.426E,41-36.416N,140.8571,41.606925,016.8,77.9,85,0,Under way using engine,2026-08-24 20:23:07,2026-08-24 12:23:07
140-51.756E,41-36.468N,140.862593,41.607807,016.7,78.4,85,0,Under way using engine,2026-08-24 20:24:01,2026-08-24 12:24:01
140-52.087E,41-36.523N,140.868117,41.60872,016.8,77.7,85,0,Under way using engine,2026-08-24 20:24:55,2026-08-24 12:24:55
140-52.388E,41-36.570N,140.873133,41.609497,016.8,78.4,85,0,Under way using engine,2026-08-24 20:25:44,2026-08-24 12:25:44
140-52.712E,41-36.618N,140.878538,41.6103,016.9,78.6,85,0,Under way using engine,2026-08-24 20:26:38,2026-08-24 12:26:38
140-53.046E,41-36.666N,140.884095,41.6111,017.0,79.3,85,0,Under way using engine,2026-08-24 20:27:31,2026-08-24 12:27:31
140-53.376E,41-36.711N,140.889595,41.611855,017.2,79.8,85,0,Under way using engine,2026-08-24 20:28:25,2026-08-24 12:28:25
140-53.682E,41-36.750N,140.894702,41.612508,017.1,81.4,85,0,Under way using engine,2026-08-24 20:29:13,2026-08-24 12:29:13
140-53.982E,41-36.789N,140.899708,41.613158,017.1,80.4,85,0,Under way using engine,2026-08-24 20:30:01,2026-08-24 12:30:01
140-54.284E,41-36.825N,140.90474,41.61375,017.1,81.3,85,0,Under way using engine,2026-08-24 20:30:49,2026-08-24 12:30:49
140-54.586E,41-36.860N,140.909762,41.614338,017.1,81,85,0,Under way using engine,2026-08-24 20:31:37,2026-08-24 12:31:37
140-54.888E,41-36.893N,140.914807,41.614882,017.1,82,85,0,Under way using engine,2026-08-24 20:32:25,2026-08-24 12:32:25
140-55.191E,41-36.925N,140.91985,41.615418,017.1,81.9,85,0,Under way using engine,2026-08-24 20:33:14,2026-08-24 12:33:14
140-55.500E,41-36.957N,140.925007,41.615945,017.3,82.6,85,0,Under way using engine,2026-08-24 20:34:01,2026-08-24 12:34:01
140-55.836E,41-36.989N,140.930593,41.616485,017.1,82.7,85,0,Under way using engine,2026-08-24 20:34:55,2026-08-24 12:34:55
140-56.178E,41-37.019N,140.936307,41.616982,017.1,83.1,85,0,Under way using engine,2026-08-24 20:35:49,2026-08-24 12:35:49
140-56.483E,41-37.047N,140.941387,41.617452,017.4,83.4,85,0,Under way using engine,2026-08-24 20:36:37,2026-08-24 12:36:37
140-56.784E,41-37.071N,140.946403,41.617853,017.4,83.3,85,0,Under way using engine,2026-08-24 20:37:25,2026-08-24 12:37:25
140-57.097E,41-37.097N,140.95162,41.618275,017.5,83.7,85,0,Under way using engine,2026-08-24 20:38:14,2026-08-24 12:38:14
140-57.400E,41-37.121N,140.956662,41.618675,017.4,84.7,85,0,Under way using engine,2026-08-24 20:39:01,2026-08-24 12:39:01
140-57.717E,41-37.145N,140.961943,41.619085,017.4,84.3,85,0,Under way using engine,2026-08-24 20:39:49,2026-08-24 12:39:49
140-58.022E,41-37.167N,140.96703,41.61945,017.5,84.4,85,0,Under way using engine,2026-08-24 20:40:37,2026-08-24 12:40:37
140-58.379E,41-37.193N,140.972983,41.61988,017.6,85,85,0,Under way using engine,2026-08-24 20:41:31,2026-08-24 12:41:31
140-58.692E,41-37.213N,140.978203,41.620213,017.9,85.1,85,0,Under way using engine,2026-08-24 20:42:20,2026-08-24 12:42:20
140-59.006E,41-37.232N,140.983427,41.620527,017.7,85.4,85,0,Under way using engine,2026-08-24 20:43:07,2026-08-24 12:43:07
140-59.314E,41-37.249N,140.988567,41.620823,017.8,85.5,85,0,Under way using engine,2026-08-24 20:43:55,2026-08-24 12:43:55
140-59.636E,41-37.269N,140.993935,41.621158,017.8,85.2,85,0,Under way using engine,2026-08-24 20:44:43,2026-08-24 12:44:43
140-59.951E,41-37.286N,140.999178,41.621437,017.7,85.8,85,0,Under way using engine,2026-08-24 20:45:31,2026-08-24 12:45:31
141-0.266E,41-37.303N,141.004435,41.621715,017.9,86.2,85,0,Under way using engine,2026-08-24 20:46:18,2026-08-24 12:46:18
141-0.585E,41-37.318N,141.009755,41.621973,017.8,86.2,85,0,Under way using engine,2026-08-24 20:47:07,2026-08-24 12:47:07
141-0.904E,41-37.336N,141.015067,41.622272,018.0,86.1,85,0,Under way using engine,2026-08-24 20:47:55,2026-08-24 12:47:55
141-1.224E,41-37.353N,141.020395,41.622543,018.1,85.8,85,0,Under way using engine,2026-08-24 20:48:43,2026-08-24 12:48:43
141-1.544E,41-37.369N,141.025737,41.622815,018.0,86.7,85,0,Under way using engine,2026-08-24 20:49:31,2026-08-24 12:49:31
141-1.860E,41-37.382N,141.030995,41.623032,018.1,87.4,87,0,Under way using engine,2026-08-24 20:50:19,2026-08-24 12:50:19
141-2.187E,41-37.389N,141.036443,41.623152,018.1,88.5,87,0,Under way using engine,2026-08-24 20:51:07,2026-08-24 12:51:07
141-2.508E,41-37.393N,141.041803,41.623217,018.1,89.3,87,0,Under way using engine,2026-08-24 20:51:55,2026-08-24 12:51:55
141-2.837E,41-37.395N,141.047288,41.623255,018.1,89.4,87,0,Under way using engine,2026-08-24 20:52:44,2026-08-24 12:52:44
141-3.155E,41-37.398N,141.052578,41.623295,018.2,89.7,87,0,Under way using engine,2026-08-24 20:53:31,2026-08-24 12:53:31
141-3.473E,41-37.402N,141.05788,41.623365,018.3,88.7,87,0,Under way using engine,2026-08-24 20:54:19,2026-08-24 12:54:19
141-3.804E,41-37.405N,141.063408,41.623417,018.1,89.8,87,0,Under way using engine,2026-08-24 20:55:07,2026-08-24 12:55:07
141-4.129E,41-37.410N,141.068823,41.623495,018.3,88.3,87,0,Under way using engine,2026-08-24 20:55:55,2026-08-24 12:55:55
141-4.455E,41-37.411N,141.074255,41.62351,018.4,90,86,0,Under way using engine,2026-08-24 20:56:43,2026-08-24 12:56:43
141-4.778E,41-37.412N,141.07963,41.62353,018.6,90.1,86,0,Under way using engine,2026-08-24 20:57:31,2026-08-24 12:57:31
141-5.115E,41-37.413N,141.08525,41.623548,018.6,88.9,85,0,Under way using engine,2026-08-24 20:58:19,2026-08-24 12:58:19
141-5.448E,41-37.418N,141.090803,41.62363,018.6,88.3,85,0,Under way using engine,2026-08-24 20:59:07,2026-08-24 12:59:07
141-5.783E,41-37.424N,141.096382,41.623732,019.0,88.6,85,0,Under way using engine,2026-08-24 20:59:55,2026-08-24 12:59:55
141-6.120E,41-37.430N,141.101993,41.623838,018.9,89,85,0,Under way using engine,2026-08-24 21:00:43,2026-08-24 13:00:43
141-6.423E,41-37.435N,141.107048,41.623923,019.1,88.3,85,0,Under way using engine,2026-08-24 21:01:25,2026-08-24 13:01:25
141-6.749E,41-37.440N,141.112482,41.623992,019.1,88.9,84,0,Under way using engine,2026-08-24 21:02:13,2026-08-24 13:02:13
141-7.055E,41-37.445N,141.117578,41.624088,019.1,88.6,84,0,Under way using engine,2026-08-24 21:02:55,2026-08-24 13:02:55
141-7.398E,41-37.454N,141.123292,41.624237,019.3,88.1,84,0,Under way using engine,2026-08-24 21:03:43,2026-08-24 13:03:43
141-7.749E,41-37.461N,141.12915,41.62435,019.4,88.2,84,0,Under way using engine,2026-08-24 21:04:31,2026-08-24 13:04:31
141-8.088E,41-37.468N,141.134792,41.624463,019.4,88.9,84,0,Under way using engine,2026-08-24 21:05:19,2026-08-24 13:05:19
141-8.434E,41-37.474N,141.140567,41.624573,019.2,88.2,84,0,Under way using engine,2026-08-24 21:06:08,2026-08-24 13:06:08
141-8.736E,41-37.481N,141.145605,41.624682,019.6,88.3,84,0,Under way using engine,2026-08-24 21:06:48,2026-08-24 13:06:48
141-9.041E,41-37.487N,141.150688,41.624783,019.5,88.3,84,0,Under way using engine,2026-08-24 21:07:31,2026-08-24 13:07:31
141-9.353E,41-37.494N,141.155885,41.624892,019.5,88.4,84,0,Under way using engine,2026-08-24 21:08:15,2026-08-24 13:08:15
141-9.653E,41-37.503N,141.160885,41.62505,019.7,87,84,0,Under way using engine,2026-08-24 21:08:55,2026-08-24 13:08:55
141-9.964E,41-37.520N,141.166062,41.625338,019.5,84.3,83,0,Under way using engine,2026-08-24 21:09:37,2026-08-24 13:09:37
141-10.303E,41-37.549N,141.171715,41.625817,019.6,83.3,84,0,Under way using engine,2026-08-24 21:10:25,2026-08-24 13:10:25
141-10.607E,41-37.573N,141.176783,41.626213,019.5,84.5,85,0,Under way using engine,2026-08-24 21:11:08,2026-08-24 13:11:08
141-10.913E,41-37.589N,141.181875,41.62649,019.6,87.7,86,0,Under way using engine,2026-08-24 21:11:49,2026-08-24 13:11:49
141-11.220E,41-37.595N,141.187002,41.626575,019.7,89.6,85,0,Under way using engine,2026-08-24 21:12:31,2026-08-24 13:12:31
141-11.528E,41-37.596N,141.192138,41.626593,019.9,89.7,84,0,Under way using engine,2026-08-24 21:13:13,2026-08-24 13:13:13
141-11.836E,41-37.603N,141.197267,41.626722,019.7,86.5,82,0,Under way using engine,2026-08-24 21:13:55,2026-08-24 13:13:55
141-12.143E,41-37.623N,141.202378,41.627042,019.8,83.6,82,0,Under way using engine,2026-08-24 21:14:37,2026-08-24 13:14:37
141-12.448E,41-37.646N,141.207467,41.62744,019.5,84.9,83,0,Under way using engine,2026-08-24 21:15:19,2026-08-24 13:15:19
141-12.790E,41-37.667N,141.21317,41.627782,019.7,85.1,83,0,Under way using engine,2026-08-24 21:16:07,2026-08-24 13:16:07
141-13.104E,41-37.684N,141.218402,41.628065,019.8,86.1,83,0,Under way using engine,2026-08-24 21:16:49,2026-08-24 13:16:49
141-13.455E,41-37.698N,141.224257,41.628305,019.8,87.6,84,0,Under way using engine,2026-08-24 21:17:37,2026-08-24 13:17:37
141-13.763E,41-37.708N,141.229388,41.628468,019.9,86.4,82,0,Under way using engine,2026-08-24 21:18:19,2026-08-24 13:18:19
141-14.071E,41-37.728N,141.23452,41.628798,019.9,84,82,0,Under way using engine,2026-08-24 21:19:01,2026-08-24 13:19:01
141-14.371E,41-37.752N,141.239522,41.629197,019.8,84.7,84,0,Under way using engine,2026-08-24 21:19:43,2026-08-24 13:19:43
141-14.688E,41-37.772N,141.244798,41.629532,019.8,85.3,84,0,Under way using engine,2026-08-24 21:20:25,2026-08-24 13:20:25
141-14.990E,41-37.787N,141.24983,41.629775,019.7,87,86,0,Under way using engine,2026-08-24 21:21:07,2026-08-24 13:21:07
141-15.308E,41-37.800N,141.255133,41.629997,019.8,86.2,85,0,Under way using engine,2026-08-24 21:21:49,2026-08-24 13:21:49
141-15.610E,41-37.817N,141.260172,41.63028,020.1,84.7,85,0,Under way using engine,2026-08-24 21:22:30,2026-08-24 13:22:30
141-15.931E,41-37.838N,141.265513,41.630635,020.2,85.4,86,0,Under way using engine,2026-08-24 21:23:15,2026-08-24 13:23:15
141-16.290E,41-37.862N,141.271505,41.631033,020.3,85.2,87,0,Under way using engine,2026-08-24 21:24:01,2026-08-24 13:24:01
141-16.788E,41-37.893N,141.279807,41.631545,020.4,85.4,87,0,Under way using engine,2026-08-24 21:25:07,2026-08-24 13:25:07
141-17.107E,41-37.911N,141.285112,41.631852,020.5,84.9,86,0,Under way using engine,2026-08-24 21:25:49,2026-08-24 13:25:49
141-17.419E,41-37.930N,141.290312,41.632168,020.4,84.7,86,0,Under way using engine,2026-08-24 21:26:30,2026-08-24 13:26:30
141-17.747E,41-37.954N,141.295778,41.632567,020.4,84.5,86,0,Under way using engine,2026-08-24 21:27:13,2026-08-24 13:27:13
141-18.059E,41-37.977N,141.30099,41.632942,020.8,85.5,87,0,Under way using engine,2026-08-24 21:27:56,2026-08-24 13:27:56
141-18.389E,41-37.994N,141.306482,41.633237,020.6,86,86,0,Under way using engine,2026-08-24 21:28:39,2026-08-24 13:28:39
141-18.803E,41-38.020N,141.313385,41.633667,020.9,84.9,87,0,Under way using engine,2026-08-24 21:29:32,2026-08-24 13:29:32
141-19.309E,41-38.045N,141.321818,41.634075,020.8,86.1,88,0,Under way using engine,2026-08-24 21:30:39,2026-08-24 13:30:39
141-19.623E,41-38.060N,141.327045,41.634332,020.6,86.8,89,0,Under way using engine,2026-08-24 21:31:19,2026-08-24 13:31:19
141-20.041E,41-38.073N,141.334012,41.634553,020.4,87.4,89,0,Under way using engine,2026-08-24 21:32:13,2026-08-24 13:32:13
141-20.358E,41-38.084N,141.339308,41.634732,020.3,87.7,89,0,Under way using engine,2026-08-24 21:32:55,2026-08-24 13:32:55
141-20.675E,41-38.092N,141.344578,41.634867,020.2,88.3,89,0,Under way using engine,2026-08-24 21:33:39,2026-08-24 13:33:39
141-21.257E,41-38.104N,141.354282,41.635072,019.9,88,88,0,Under way using engine,2026-08-24 21:34:55,2026-08-24 13:34:55
141-21.658E,41-38.115N,141.360972,41.635258,020.0,87.7,89,0,Under way using engine,2026-08-24 21:35:51,2026-08-24 13:35:51
141-22.191E,41-38.128N,141.369855,41.635462,019.7,89.1,89,0,Under way using engine,2026-08-24 21:37:01,2026-08-24 13:37:01
141-22.546E,41-38.134N,141.375772,41.635568,019.9,88.9,89,0,Under way using engine,2026-08-24 21:37:49,2026-08-24 13:37:49
141-22.902E,41-38.137N,141.381693,41.635622,019.9,89.2,88,0,Under way using engine,2026-08-24 21:38:36,2026-08-24 13:38:36
141-23.433E,41-38.147N,141.390558,41.635788,019.9,88.2,89,0,Under way using engine,2026-08-24 21:39:50,2026-08-24 13:39:50
141-23.744E,41-38.150N,141.39574,41.63584,019.8,89.5,89,0,Under way using engine,2026-08-24 21:40:32,2026-08-24 13:40:32
141-24.047E,41-38.153N,141.400788,41.635878,019.8,89.5,89,0,Under way using engine,2026-08-24 21:41:13,2026-08-24 13:41:13
141-24.498E,41-38.156N,141.408303,41.635937,019.9,89.5,89,0,Under way using engine,2026-08-24 21:42:14,2026-08-24 13:42:14
141-25.119E,41-38.159N,141.418657,41.635987,020.1,89.7,89,0,Under way using engine,2026-08-24 21:43:36,2026-08-24 13:43:36
141-25.512E,41-38.160N,141.425192,41.635995,019.8,89.9,89,0,Under way using engine,2026-08-24 21:44:30,2026-08-24 13:44:30
141-25.830E,41-38.160N,141.430507,41.636008,019.8,89.9,89,0,Under way using engine,2026-08-24 21:45:12,2026-08-24 13:45:12
141-26.185E,41-38.162N,141.436413,41.636028,019.8,89.7,89,0,Under way using engine,2026-08-24 21:46:01,2026-08-24 13:46:01
141-26.591E,41-38.162N,141.44318,41.636035,019.8,90.2,89,0,Under way using engine,2026-08-24 21:46:55,2026-08-24 13:46:55
141-27.478E,41-38.163N,141.45797,41.636058,019.9,90.5,89,0,Under way using engine,2026-08-24 21:48:55,2026-08-24 13:48:55
141-27.782E,41-38.162N,141.463032,41.636032,019.8,91.1,89,0,Under way using engine,2026-08-24 21:49:37,2026-08-24 13:49:37
141-28.493E,41-38.160N,141.47489,41.636005,020.0,90.2,89,0,Under way using engine,2026-08-24 21:51:15,2026-08-24 13:51:15
141-28.858E,41-38.158N,141.480972,41.635967,020.2,90.4,89,0,Under way using engine,2026-08-24 21:52:01,2026-08-24 13:52:01
141-29.207E,41-38.156N,141.48678,41.635925,020.0,90.1,89,0,Under way using engine,2026-08-24 21:52:49,2026-08-24 13:52:49
141-29.557E,41-38.154N,141.492613,41.635902,020.0,90.8,89,0,Under way using engine,2026-08-24 21:53:37,2026-08-24 13:53:37
141-30.100E,41-38.148N,141.501665,41.6358,020.0,90.8,89,0,Under way using engine,2026-08-24 21:54:49,2026-08-24 13:54:49
141-30.457E,41-38.143N,141.50762,41.63572,020.1,90.9,89,0,Under way using engine,2026-08-24 21:55:37,2026-08-24 13:55:37
141-31.348E,41-38.125N,141.522463,41.635423,020.0,92.2,89,0,Under way using engine,2026-08-24 21:57:37,2026-08-24 13:57:37
141-31.696E,41-38.116N,141.52826,41.635268,020.0,92.1,89,0,Under way using engine,2026-08-24 21:58:25,2026-08-24 13:58:25
141-32.023E,41-38.106N,141.533715,41.635102,020.0,93,89,0,Under way using engine,2026-08-24 21:59:08,2026-08-24 13:59:08
141-32.327E,41-38.096N,141.53879,41.634935,020.1,92.4,89,0,Under way using engine,2026-08-24 21:59:49,2026-08-24 13:59:49
141-34.047E,41-38.039N,141.567458,41.63399,019.8,92.1,,0,Under way using engine,2026-08-24 22:03:48,2026-08-24 14:03:48
141-35.838E,41-37.991N,141.597292,41.633187,019.5,90.4,85,0,Under way using engine,2026-08-24 22:07:52,2026-08-24 14:07:52
141-36.131E,41-37.991N,141.602175,41.633177,019.3,89.7,85,0,Under way using engine,2026-08-24 22:08:31,2026-08-24 14:08:31
141-36.679E,41-37.993N,141.611313,41.63321,018.6,88.7,84,0,Under way using engine,2026-08-24 22:09:49,2026-08-24 14:09:49
141-37.025E,41-37.994N,141.617085,41.63324,018.5,90.1,85,0,Under way using engine,2026-08-24 22:10:37,2026-08-24 14:10:37
141-37.347E,41-38.001N,141.622442,41.633343,018.2,88.5,85,0,Under way using engine,2026-08-24 22:11:25,2026-08-24 14:11:25
141-38.277E,41-38.004N,141.637955,41.633393,018.1,89.2,85,0,Under way using engine,2026-08-24 22:13:43,2026-08-24 14:13:43
141-38.598E,41-38.007N,141.6433,41.633445,017.9,89.4,84,0,Under way using engine,2026-08-24 22:14:31,2026-08-24 14:14:31
141-38.916E,41-38.017N,141.648607,41.633617,017.7,88,84,0,Under way using engine,2026-08-24 22:15:19,2026-08-24 14:15:19
141-39.233E,41-38.026N,141.653882,41.633773,017.9,87,83,0,Under way using engine,2026-08-24 22:16:07,2026-08-24 14:16:07
141-39.668E,41-38.038N,141.661133,41.633972,017.8,88.4,83,0,Under way using engine,2026-08-24 22:17:13,2026-08-24 14:17:13
141-39.985E,41-38.046N,141.66642,41.634108,017.8,87.9,82,0,Under way using engine,2026-08-24 22:18:01,2026-08-24 14:18:01
141-41.246E,41-38.100N,141.687432,41.634992,017.6,88.2,84,0,Under way using engine,2026-08-24 22:21:13,2026-08-24 14:21:13
141-41.589E,41-38.109N,141.693143,41.635153,017.3,86.6,83,0,Under way using engine,2026-08-24 22:22:07,2026-08-24 14:22:07
141-42.251E,41-38.134N,141.704175,41.635572,017.3,87.2,83,0,Under way using engine,2026-08-24 22:23:49,2026-08-24 14:23:49
141-42.558E,41-38.146N,141.709302,41.635773,017.2,86.3,83,0,Under way using engine,2026-08-24 22:24:36,2026-08-24 14:24:36
141-42.865E,41-38.159N,141.714418,41.63598,017.2,86.7,83,0,Under way using engine,2026-08-24 22:25:25,2026-08-24 14:25:25
141-43.288E,41-38.180N,141.72147,41.636332,017.3,85.9,83,0,Under way using engine,2026-08-24 22:26:31,2026-08-24 14:26:31
141-43.716E,41-38.201N,141.728592,41.636683,017.2,85.9,83,0,Under way using engine,2026-08-24 22:27:38,2026-08-24 14:27:38
141-44.201E,41-38.229N,141.736675,41.637142,017.2,84.7,83,0,Under way using engine,2026-08-24 22:28:55,2026-08-24 14:28:55
141-44.588E,41-38.257N,141.743127,41.637613,017.1,84.7,84,0,Under way using engine,2026-08-24 22:29:55,2026-08-24 14:29:55
141-44.924E,41-38.280N,141.748732,41.637992,017.1,85.3,84,0,Under way using engine,2026-08-24 22:30:49,2026-08-24 14:30:49
141-45.309E,41-38.304N,141.755143,41.638397,017.0,85.1,83,0,Under way using engine,2026-08-24 22:31:49,2026-08-24 14:31:49
141-45.656E,41-38.328N,141.760927,41.638803,016.9,85.1,83,0,Under way using engine,2026-08-24 22:32:44,2026-08-24 14:32:44
141-45.982E,41-38.350N,141.766362,41.639172,016.9,84.1,83,0,Under way using engine,2026-08-24 22:33:37,2026-08-24 14:33:37
141-46.289E,41-38.370N,141.771475,41.639505,016.9,85,83,0,Under way using engine,2026-08-24 22:34:25,2026-08-24 14:34:25
141-46.589E,41-38.391N,141.776488,41.639855,016.8,83.9,84,0,Under way using engine,2026-08-24 22:35:14,2026-08-24 14:35:14
141-46.897E,41-38.411N,141.781613,41.64019,017.0,85.1,84,0,Under way using engine,2026-08-24 22:36:01,2026-08-24 14:36:01
141-47.229E,41-38.432N,141.787158,41.640538,017.0,85.7,84,0,Under way using engine,2026-08-24 22:36:55,2026-08-24 14:36:55
141-47.538E,41-38.453N,141.792295,41.640877,017.0,84.9,84,0,Under way using engine,2026-08-24 22:37:43,2026-08-24 14:37:43
141-47.870E,41-38.473N,141.797837,41.641222,017.0,85.4,85,0,Under way using engine,2026-08-24 22:38:37,2026-08-24 14:38:37
141-48.173E,41-38.490N,141.80289,41.641493,017.0,86.3,86,0,Under way using engine,2026-08-24 22:39:25,2026-08-24 14:39:25
141-48.477E,41-38.504N,141.807942,41.641732,017.0,87,87,0,Under way using engine,2026-08-24 22:40:14,2026-08-24 14:40:14
141-48.861E,41-38.520N,141.814342,41.642003,017.0,86.6,87,0,Under way using engine,2026-08-24 22:41:14,2026-08-24 14:41:14
141-49.194E,41-38.534N,141.819902,41.64224,017.1,86.2,86,0,Under way using engine,2026-08-24 22:42:07,2026-08-24 14:42:07
141-49.496E,41-38.547N,141.824928,41.642457,016.7,87.4,86,0,Under way using engine,2026-08-24 22:42:55,2026-08-24 14:42:55
141-49.797E,41-38.562N,141.829958,41.642693,017.0,86,86,0,Under way using engine,2026-08-24 22:43:43,2026-08-24 14:43:43
141-50.136E,41-38.578N,141.835608,41.642973,017.1,86.3,86,0,Under way using engine,2026-08-24 22:44:37,2026-08-24 14:44:37
141-50.476E,41-38.594N,141.841263,41.643238,016.9,87.1,86,0,Under way using engine,2026-08-24 22:45:31,2026-08-24 14:45:31
141-50.782E,41-38.607N,141.846373,41.643457,016.9,86.3,86,0,Under way using engine,2026-08-24 22:46:19,2026-08-24 14:46:19
141-51.115E,41-38.623N,141.851923,41.643718,017.1,86,86,0,Under way using engine,2026-08-24 22:47:13,2026-08-24 14:47:13
141-51.417E,41-38.639N,141.856957,41.643977,016.9,86.5,86,0,Under way using engine,2026-08-24 22:48:01,2026-08-24 14:48:01
141-51.751E,41-38.656N,141.862512,41.644265,016.9,87.8,89,0,Under way using engine,2026-08-24 22:48:54,2026-08-24 14:48:54
141-52.059E,41-38.660N,141.86765,41.644333,017.1,88.9,90,0,Under way using engine,2026-08-24 22:49:43,2026-08-24 14:49:43
141-52.361E,41-38.660N,141.872677,41.644325,017.0,90.3,90,0,Under way using engine,2026-08-24 22:50:31,2026-08-24 14:50:31
141-52.664E,41-38.660N,141.877732,41.644338,017.0,90.2,90,0,Under way using engine,2026-08-24 22:51:19,2026-08-24 14:51:19
141-52.966E,41-38.663N,141.882768,41.64438,016.9,89.1,90,0,Under way using engine,2026-08-24 22:52:07,2026-08-24 14:52:07
141-53.268E,41-38.665N,141.8878,41.644423,016.9,88.8,90,0,Under way using engine,2026-08-24 22:52:54,2026-08-24 14:52:54
141-53.570E,41-38.668N,141.892825,41.644465,016.9,89.9,90,0,Under way using engine,2026-08-24 22:53:43,2026-08-24 14:53:43
141-53.915E,41-38.670N,141.898583,41.644502,016.9,89.9,90,0,Under way using engine,2026-08-24 22:54:37,2026-08-24 14:54:37
141-54.242E,41-38.672N,141.904032,41.644527,016.8,89.3,90,0,Under way using engine,2026-08-24 22:55:31,2026-08-24 14:55:31
141-54.589E,41-38.673N,141.909818,41.644553,017.0,90.1,91,0,Under way using engine,2026-08-24 22:56:25,2026-08-24 14:56:25
141-54.893E,41-38.674N,141.91489,41.644562,017.1,90.3,90,0,Under way using engine,2026-08-24 22:57:14,2026-08-24 14:57:14
141-55.198E,41-38.676N,141.919972,41.644595,017.0,89.8,90,0,Under way using engine,2026-08-24 22:58:01,2026-08-24 14:58:01
141-55.504E,41-38.677N,141.925062,41.644622,017.0,91,90,0,Under way using engine,2026-08-24 22:58:50,2026-08-24 14:58:50
141-55.848E,41-38.678N,141.930795,41.644632,017.1,89.4,90,0,Under way using engine,2026-08-24 22:59:43,2026-08-24 14:59:43
141-56.225E,41-38.678N,141.937075,41.644633,017.2,90.1,90,0,Under way using engine,2026-08-24 23:00:43,2026-08-24 15:00:43
141-56.538E,41-38.679N,141.942307,41.644642,017.3,89.8,90,0,Under way using engine,2026-08-24 23:01:31,2026-08-24 15:01:31
141-56.878E,41-38.678N,141.947962,41.644633,017.3,90.6,90,0,Under way using engine,2026-08-24 23:02:25,2026-08-24 15:02:25
141-58.421E,41-38.673N,141.97368,41.644547,017.2,90.8,90,0,Under way using engine,2026-08-24 23:06:25,2026-08-24 15:06:25
141-58.774E,41-38.669N,141.97957,41.644488,017.4,90.4,90,0,Under way using engine,2026-08-24 23:07:19,2026-08-24 15:07:19
141-59.075E,41-38.667N,141.984582,41.644448,017.2,91.3,90,0,Under way using engine,2026-08-24 23:08:07,2026-08-24 15:08:07
141-59.427E,41-38.664N,141.990448,41.644392,017.4,90.6,90,0,Under way using engine,2026-08-24 23:09:01,2026-08-24 15:09:01
141-59.742E,41-38.660N,141.995695,41.644338,017.1,90.3,90,0,Under way using engine,2026-08-24 23:09:49,2026-08-24 15:09:49
142-0.044E,41-38.656N,142.000725,41.644272,017.3,91.2,90,0,Under way using engine,2026-08-24 23:10:37,2026-08-24 15:10:37
142-0.351E,41-38.652N,142.005855,41.644202,017.3,91,90,0,Under way using engine,2026-08-24 23:11:26,2026-08-24 15:11:26
142-0.697E,41-38.646N,142.01161,41.644105,017.1,92.4,90,0,Under way using engine,2026-08-24 23:12:19,2026-08-24 15:12:19
142-1.234E,41-38.636N,142.020572,41.643927,017.0,92.3,90,0,Under way using engine,2026-08-24 23:13:43,2026-08-24 15:13:43
142-1.541E,41-38.631N,142.025687,41.643843,017.0,91.6,90,0,Under way using engine,2026-08-24 23:14:31,2026-08-24 15:14:31
142-1.848E,41-38.625N,142.030803,41.643758,017.1,91.6,90,0,Under way using engine,2026-08-24 23:15:19,2026-08-24 15:15:19
142-2.225E,41-38.621N,142.037087,41.64368,017.2,90.8,89,0,Under way using engine,2026-08-24 23:16:19,2026-08-24 15:16:19
142-2.645E,41-38.619N,142.044075,41.64365,017.2,90,89,0,Under way using engine,2026-08-24 23:17:25,2026-08-24 15:17:25
142-3.033E,41-38.618N,142.050547,41.643627,017.2,90.1,89,0,Under way using engine,2026-08-24 23:18:25,2026-08-24 15:18:25
142-3.407E,41-38.618N,142.056777,41.643637,017.1,89.6,89,0,Under way using engine,2026-08-24 23:19:25,2026-08-24 15:19:25
142-3.717E,41-38.618N,142.061945,41.64364,017.2,89.6,89,0,Under way using engine,2026-08-24 23:20:13,2026-08-24 15:20:13
142-4.021E,41-38.620N,142.067017,41.64366,017.0,90,89,0,Under way using engine,2026-08-24 23:21:01,2026-08-24 15:21:01
142-4.331E,41-38.620N,142.072188,41.64367,017.1,90,89,0,Under way using engine,2026-08-24 23:21:49,2026-08-24 15:21:49
142-4.666E,41-38.624N,142.077772,41.643732,017.0,88.5,88,0,Under way using engine,2026-08-24 23:22:43,2026-08-24 15:22:43
142-5.009E,41-38.630N,142.083478,41.643837,017.2,88.3,88,0,Under way using engine,2026-08-24 23:23:37,2026-08-24 15:23:37
142-5.313E,41-38.635N,142.088547,41.643913,017.2,89,88,0,Under way using engine,2026-08-24 23:24:25,2026-08-24 15:24:25
142-5.617E,41-38.639N,142.093618,41.64398,016.9,88.8,88,0,Under way using engine,2026-08-24 23:25:13,2026-08-24 15:25:13
142-5.922E,41-38.643N,142.0987,41.644043,017.1,88.4,87,0,Under way using engine,2026-08-24 23:26:01,2026-08-24 15:26:01
142-6.264E,41-38.652N,142.104407,41.644195,017.1,87.3,86,0,Under way using engine,2026-08-24 23:26:54,2026-08-24 15:26:54
142-6.570E,41-38.661N,142.109502,41.644358,017.1,87.5,86,0,Under way using engine,2026-08-24 23:27:43,2026-08-24 15:27:43
142-7.030E,41-38.677N,142.11716,41.644615,017.2,87,86,0,Under way using engine,2026-08-24 23:28:54,2026-08-24 15:28:54
142-7.369E,41-38.689N,142.122823,41.644823,017.2,88.1,86,0,Under way using engine,2026-08-24 23:29:49,2026-08-24 15:29:49
142-7.691E,41-38.701N,142.128188,41.645018,017.5,87,86,0,Under way using engine,2026-08-24 23:30:37,2026-08-24 15:30:37
142-7.995E,41-38.711N,142.133247,41.645178,017.4,88.2,86,0,Under way using engine,2026-08-24 23:31:25,2026-08-24 15:31:25
142-8.306E,41-38.719N,142.13843,41.645318,017.4,88.4,86,0,Under way using engine,2026-08-24 23:32:13,2026-08-24 15:32:13
142-8.619E,41-38.727N,142.143643,41.645457,017.6,87.7,86,0,Under way using engine,2026-08-24 23:33:01,2026-08-24 15:33:01
142-8.932E,41-38.736N,142.148863,41.645605,017.4,87.4,86,0,Under way using engine,2026-08-24 23:33:49,2026-08-24 15:33:49
142-9.240E,41-38.745N,142.153997,41.645753,017.7,87.5,86,0,Under way using engine,2026-08-24 23:34:36,2026-08-24 15:34:36
142-9.607E,41-38.754N,142.160112,41.645895,017.7,88.7,86,0,Under way using engine,2026-08-24 23:35:32,2026-08-24 15:35:32
142-9.908E,41-38.762N,142.165138,41.646027,017.6,87.9,86,0,Under way using engine,2026-08-24 23:36:19,2026-08-24 15:36:19
142-10.236E,41-38.770N,142.170605,41.64616,017.9,87.9,86,0,Under way using engine,2026-08-24 23:37:07,2026-08-24 15:37:07
142-10.539E,41-38.776N,142.175648,41.646265,017.7,87.5,86,0,Under way using engine,2026-08-24 23:37:55,2026-08-24 15:37:55
142-10.901E,41-38.783N,142.181685,41.646385,017.8,87.8,86,0,Under way using engine,2026-08-24 23:38:49,2026-08-24 15:38:49
142-11.216E,41-38.788N,142.186937,41.646463,017.7,88.8,86,0,Under way using engine,2026-08-24 23:39:37,2026-08-24 15:39:37
142-11.539E,41-38.792N,142.192323,41.646535,017.8,89.3,86,0,Under way using engine,2026-08-24 23:40:25,2026-08-24 15:40:25
142-11.850E,41-38.796N,142.197495,41.646602,017.9,88.1,86,0,Under way using engine,2026-08-24 23:41:13,2026-08-24 15:41:13
142-12.161E,41-38.799N,142.202677,41.646642,017.7,89.1,86,0,Under way using engine,2026-08-24 23:42:01,2026-08-24 15:42:01
142-12.484E,41-38.802N,142.208063,41.646695,017.8,89.8,86,0,Under way using engine,2026-08-24 23:42:49,2026-08-24 15:42:49
142-12.796E,41-38.803N,142.21326,41.64672,018.0,89,86,0,Under way using engine,2026-08-24 23:43:37,2026-08-24 15:43:37
142-13.122E,41-38.805N,142.218693,41.646742,017.8,89.4,86,0,Under way using engine,2026-08-24 23:44:25,2026-08-24 15:44:25
142-13.442E,41-38.805N,142.224028,41.64675,017.9,90.1,86,0,Under way using engine,2026-08-24 23:45:13,2026-08-24 15:45:13
142-13.761E,41-38.805N,142.229358,41.646745,017.9,90.6,86,0,Under way using engine,2026-08-24 23:46:01,2026-08-24 15:46:01
142-14.082E,41-38.802N,142.234702,41.646695,018.0,90,85,0,Under way using engine,2026-08-24 23:46:49,2026-08-24 15:46:49
142-14.402E,41-38.803N,142.24003,41.646723,017.9,90.2,85,0,Under way using engine,2026-08-24 23:47:36,2026-08-24 15:47:36
142-14.722E,41-38.806N,142.245372,41.64676,018.0,89.5,84,0,Under way using engine,2026-08-24 23:48:25,2026-08-24 15:48:25
142-15.050E,41-38.809N,142.250825,41.646812,018.1,88.3,83,0,Under way using engine,2026-08-24 23:49:13,2026-08-24 15:49:13
142-15.366E,41-38.814N,142.256095,41.646908,018.3,87.9,83,0,Under way using engine,2026-08-24 23:50:01,2026-08-24 15:50:01
142-15.689E,41-38.821N,142.26149,41.647018,017.9,89.8,83,0,Under way using engine,2026-08-24 23:50:49,2026-08-24 15:50:49
142-16.048E,41-38.827N,142.267468,41.647113,018.4,89.2,83,0,Under way using engine,2026-08-24 23:51:43,2026-08-24 15:51:43
142-16.382E,41-38.832N,142.273025,41.647193,018.1,89.4,83,0,Under way using engine,2026-08-24 23:52:31,2026-08-24 15:52:31
142-16.707E,41-38.835N,142.278453,41.647248,018.3,89.6,83,0,Under way using engine,2026-08-24 23:53:19,2026-08-24 15:53:19
142-17.033E,41-38.838N,142.283883,41.647297,018.2,89.2,83,0,Under way using engine,2026-08-24 23:54:07,2026-08-24 15:54:07
142-17.358E,41-38.842N,142.289308,41.64736,018.3,88.9,83,0,Under way using engine,2026-08-24 23:54:55,2026-08-24 15:54:55
142-17.684E,41-38.845N,142.294733,41.64741,018.4,89.5,83,0,Under way using engine,2026-08-24 23:55:42,2026-08-24 15:55:42
142-18.002E,41-38.848N,142.30003,41.647473,018.1,88.9,83,0,Under way using engine,2026-08-24 23:56:30,2026-08-24 15:56:30
142-18.334E,41-38.853N,142.305565,41.647553,018.2,88.7,83,0,Under way using engine,2026-08-24 23:57:19,2026-08-24 15:57:19
142-18.651E,41-38.858N,142.310847,41.647638,018.2,87.5,82,0,Under way using engine,2026-08-24 23:58:06,2026-08-24 15:58:06
142-18.974E,41-38.865N,142.31624,41.647748,018.1,88.4,82,0,Under way using engine,2026-08-24 23:58:55,2026-08-24 15:58:55
142-19.305E,41-38.871N,142.321748,41.647855,018.4,87.9,82,0,Under way using engine,2026-08-24 23:59:43,2026-08-24 15:59:43
142-19.629E,41-38.878N,142.327143,41.64797,018.1,89.3,82,0,Under way using engine,2026-08-25 00:00:31,2026-08-24 16:00:31
142-19.953E,41-38.883N,142.332558,41.648055,018.2,88.8,82,0,Under way using engine,2026-08-25 00:01:19,2026-08-24 16:01:19
142-20.273E,41-38.889N,142.337875,41.648147,018.5,88.1,82,0,Under way using engine,2026-08-25 00:02:06,2026-08-24 16:02:06
142-20.606E,41-38.896N,142.343428,41.648267,018.4,88.3,82,0,Under way using engine,2026-08-25 00:02:55,2026-08-24 16:02:55
142-20.932E,41-38.901N,142.34887,41.648357,018.4,88.9,82,0,Under way using engine,2026-08-25 00:03:43,2026-08-24 16:03:43
142-21.301E,41-38.907N,142.355013,41.648453,018.3,88.8,82,0,Under way using engine,2026-08-25 00:04:37,2026-08-24 16:04:37
142-21.629E,41-38.913N,142.360475,41.64855,018.2,88.9,82,0,Under way using engine,2026-08-25 00:05:25,2026-08-24 16:05:25
142-21.964E,41-38.919N,142.366062,41.64865,018.3,89.6,82,0,Under way using engine,2026-08-25 00:06:14,2026-08-24 16:06:14
142-22.320E,41-38.925N,142.372002,41.648755,018.5,88.5,82,0,Under way using engine,2026-08-25 00:07:06,2026-08-24 16:07:06
142-22.698E,41-38.931N,142.378298,41.648857,018.7,88.2,82,0,Under way using engine,2026-08-25 00:08:01,2026-08-24 16:08:01
142-23.021E,41-38.937N,142.383678,41.648958,018.7,88.3,82,0,Under way using engine,2026-08-25 00:08:49,2026-08-24 16:08:49
142-23.358E,41-38.943N,142.389302,41.649053,018.5,88.8,82,0,Under way using engine,2026-08-25 00:09:37,2026-08-24 16:09:37
142-23.690E,41-38.948N,142.394828,41.649138,018.7,89.2,82,0,Under way using engine,2026-08-25 00:10:25,2026-08-24 16:10:25
142-24.022E,41-38.953N,142.40036,41.649223,018.6,89,82,0,Under way using engine,2026-08-25 00:11:13,2026-08-24 16:11:13
142-24.354E,41-38.959N,142.405908,41.649317,018.7,88.7,82,0,Under way using engine,2026-08-25 00:12:01,2026-08-24 16:12:01
142-24.688E,41-38.965N,142.411467,41.64942,018.8,88.5,82,0,Under way using engine,2026-08-25 00:12:49,2026-08-24 16:12:49
142-25.014E,41-38.971N,142.416902,41.649513,018.6,88.1,82,0,Under way using engine,2026-08-25 00:13:37,2026-08-24 16:13:37
142-25.320E,41-38.976N,142.422002,41.649607,018.7,89.3,82,0,Under way using engine,2026-08-25 00:14:20,2026-08-24 16:14:20
142-25.647E,41-38.981N,142.427447,41.649687,018.7,88.7,82,0,Under way using engine,2026-08-25 00:15:07,2026-08-24 16:15:07
142-25.974E,41-38.987N,142.432893,41.649775,018.7,89,82,0,Under way using engine,2026-08-25 00:15:55,2026-08-24 16:15:55
142-26.315E,41-38.993N,142.438578,41.649882,018.6,88.8,82,0,Under way using engine,2026-08-25 00:16:43,2026-08-24 16:16:43
142-26.648E,41-38.999N,142.444137,41.64999,018.9,88.3,82,0,Under way using engine,2026-08-25 00:17:31,2026-08-24 16:17:31
142-26.981E,41-39.006N,142.449687,41.650107,018.7,89.3,82,0,Under way using engine,2026-08-25 00:18:19,2026-08-24 16:18:19
142-27.308E,41-39.012N,142.455132,41.650205,018.9,88.6,82,0,Under way using engine,2026-08-25 00:19:07,2026-08-24 16:19:07
142-27.649E,41-39.020N,142.460822,41.65033,018.7,88.1,82,0,Under way using engine,2026-08-25 00:19:55,2026-08-24 16:19:55
142-27.983E,41-39.027N,142.46639,41.650447,018.9,88.3,82,0,Under way using engine,2026-08-25 00:20:44,2026-08-24 16:20:44
142-28.324E,41-39.033N,142.472068,41.650545,018.9,88.7,82,0,Under way using engine,2026-08-25 00:21:31,2026-08-24 16:21:31
142-28.651E,41-39.039N,142.47752,41.650653,018.6,88.9,82,0,Under way using engine,2026-08-25 00:22:19,2026-08-24 16:22:19
142-28.984E,41-39.045N,142.483068,41.65075,018.8,87.1,82,0,Under way using engine,2026-08-25 00:23:07,2026-08-24 16:23:07
142-29.311E,41-39.053N,142.488512,41.650875,018.8,88.1,82,0,Under way using engine,2026-08-25 00:23:55,2026-08-24 16:23:55
142-29.651E,41-39.059N,142.494178,41.65099,018.8,88.3,82,0,Under way using engine,2026-08-25 00:24:43,2026-08-24 16:24:43
142-29.976E,41-39.065N,142.499607,41.651085,018.5,88.5,82,0,Under way using engine,2026-08-25 00:25:30,2026-08-24 16:25:30
142-30.316E,41-39.072N,142.505273,41.651198,018.6,88,82,0,Under way using engine,2026-08-25 00:26:19,2026-08-24 16:26:19
142-30.650E,41-39.079N,142.51083,41.651315,018.8,88.1,82,0,Under way using engine,2026-08-25 00:27:07,2026-08-24 16:27:07
142-30.990E,41-39.086N,142.516503,41.651428,018.8,86.7,82,0,Under way using engine,2026-08-25 00:27:56,2026-08-24 16:27:56
142-31.351E,41-39.093N,142.522512,41.651543,018.7,89.6,83,0,Under way using engine,2026-08-25 00:28:48,2026-08-24 16:28:48
142-31.655E,41-39.097N,142.527588,41.651623,018.7,87.7,82,0,Under way using engine,2026-08-25 00:29:31,2026-08-24 16:29:31
142-31.981E,41-39.104N,142.533013,41.651727,018.6,88.7,82,0,Under way using engine,2026-08-25 00:30:19,2026-08-24 16:30:19
142-32.313E,41-39.111N,142.538548,41.651845,018.7,89.1,82,0,Under way using engine,2026-08-25 00:31:07,2026-08-24 16:31:07
142-32.645E,41-39.118N,142.54408,41.651968,018.7,88.2,82,0,Under way using engine,2026-08-25 00:31:55,2026-08-24 16:31:55
142-32.978E,41-39.125N,142.549627,41.65208,018.7,88.1,82,0,Under way using engine,2026-08-25 00:32:43,2026-08-24 16:32:43
142-33.309E,41-39.132N,142.555158,41.652193,018.7,88.7,82,0,Under way using engine,2026-08-25 00:33:31,2026-08-24 16:33:31
142-33.640E,41-39.139N,142.560673,41.65232,018.6,88.2,82,0,Under way using engine,2026-08-25 00:34:19,2026-08-24 16:34:19
142-33.972E,41-39.147N,142.566192,41.652442,018.5,87.5,82,0,Under way using engine,2026-08-25 00:35:07,2026-08-24 16:35:07
142-34.302E,41-39.156N,142.571702,41.652598,018.7,86.3,82,0,Under way using engine,2026-08-25 00:35:55,2026-08-24 16:35:55
142-34.639E,41-39.166N,142.577322,41.652762,018.7,87.6,82,0,Under way using engine,2026-08-25 00:36:43,2026-08-24 16:36:43
142-34.963E,41-39.175N,142.582712,41.652913,018.5,88.6,82,0,Under way using engine,2026-08-25 00:37:31,2026-08-24 16:37:31
142-35.293E,41-39.184N,142.588223,41.653062,018.5,88.7,82,0,Under way using engine,2026-08-25 00:38:19,2026-08-24 16:38:19
142-35.623E,41-39.192N,142.593718,41.653193,018.5,87.9,82,0,Under way using engine,2026-08-25 00:39:07,2026-08-24 16:39:07
142-35.958E,41-39.200N,142.599297,41.653338,018.4,86.9,82,0,Under way using engine,2026-08-25 00:39:55,2026-08-24 16:39:55
142-36.278E,41-39.209N,142.604638,41.65349,018.3,87.6,82,0,Under way using engine,2026-08-25 00:40:43,2026-08-24 16:40:43
142-36.605E,41-39.219N,142.61008,41.653647,018.4,85.9,82,0,Under way using engine,2026-08-25 00:41:31,2026-08-24 16:41:31
142-36.929E,41-39.228N,142.615478,41.653798,018.1,87.1,82,0,Under way using engine,2026-08-25 00:42:19,2026-08-24 16:42:19
142-37.257E,41-39.240N,142.620948,41.654002,017.8,87.9,82,0,Under way using engine,2026-08-25 00:43:07,2026-08-24 16:43:07
142-37.570E,41-39.253N,142.626163,41.654223,017.9,86.6,82,0,Under way using engine,2026-08-25 00:43:55,2026-08-24 16:43:55
142-37.881E,41-39.265N,142.631352,41.654412,017.8,87.1,82,0,Under way using engine,2026-08-25 00:44:43,2026-08-24 16:44:43
142-38.244E,41-39.281N,142.637392,41.654688,017.5,86.5,82,0,Under way using engine,2026-08-25 00:45:37,2026-08-24 16:45:37
142-38.550E,41-39.299N,142.642507,41.654988,017.5,84.5,82,0,Under way using engine,2026-08-25 00:46:24,2026-08-24 16:46:24
142-38.867E,41-39.320N,142.647783,41.655337,017.3,85.5,82,0,Under way using engine,2026-08-25 00:47:13,2026-08-24 16:47:13
142-39.175E,41-39.342N,142.652915,41.655698,017.2,85.9,83,0,Under way using engine,2026-08-25 00:48:02,2026-08-24 16:48:02
142-39.480E,41-39.363N,142.658,41.656045,017.0,86.7,83,0,Under way using engine,2026-08-25 00:48:49,2026-08-24 16:48:49
142-39.821E,41-39.386N,142.663683,41.656433,017.0,84,82,0,Under way using engine,2026-08-25 00:49:43,2026-08-24 16:49:43
142-40.125E,41-39.407N,142.668742,41.65679,016.9,84.1,83,0,Under way using engine,2026-08-25 00:50:31,2026-08-24 16:50:31
142-40.465E,41-39.430N,142.674418,41.657173,016.8,88.3,84,0,Under way using engine,2026-08-25 00:51:25,2026-08-24 16:51:25
142-40.771E,41-39.445N,142.67951,41.657412,017.2,87.7,86,0,Under way using engine,2026-08-25 00:52:13,2026-08-24 16:52:13
142-41.077E,41-39.453N,142.684615,41.657547,017.3,88.4,88,0,Under way using engine,2026-08-25 00:53:02,2026-08-24 16:53:02
142-41.422E,41-39.452N,142.690363,41.657527,017.1,91.2,88,0,Under way using engine,2026-08-25 00:53:55,2026-08-24 16:53:55
142-41.722E,41-39.450N,142.695368,41.6575,017.3,89.3,87,0,Under way using engine,2026-08-25 00:54:42,2026-08-24 16:54:42
142-42.035E,41-39.455N,142.70059,41.657577,017.3,87.5,86,0,Under way using engine,2026-08-25 00:55:31,2026-08-24 16:55:31
142-42.382E,41-39.462N,142.70636,41.657698,017.3,88.4,86,0,Under way using engine,2026-08-25 00:56:25,2026-08-24 16:56:25
142-42.689E,41-39.468N,142.711482,41.657793,017.2,88.7,86,0,Under way using engine,2026-08-25 00:57:13,2026-08-24 16:57:13
142-42.996E,41-39.475N,142.716603,41.657922,017.1,87.7,86,0,Under way using engine,2026-08-25 00:58:01,2026-08-24 16:58:01
142-43.303E,41-39.482N,142.72172,41.658032,017.3,88.1,86,0,Under way using engine,2026-08-25 00:58:48,2026-08-24 16:58:48
142-43.648E,41-39.489N,142.727463,41.658153,017.3,89.3,87,0,Under way using engine,2026-08-25 00:59:43,2026-08-24 16:59:43
142-43.954E,41-39.492N,142.73257,41.658203,017.1,89.6,87,0,Under way using engine,2026-08-25 01:00:31,2026-08-24 17:00:31
142-44.261E,41-39.497N,142.73768,41.658283,017.2,87.4,87,0,Under way using engine,2026-08-25 01:01:19,2026-08-24 17:01:19
142-44.567E,41-39.501N,142.742787,41.658358,017.1,88.6,87,0,Under way using engine,2026-08-25 01:02:07,2026-08-24 17:02:07
142-44.872E,41-39.506N,142.74787,41.658428,017.1,89.5,87,0,Under way using engine,2026-08-25 01:02:55,2026-08-24 17:02:55
142-45.184E,41-39.509N,142.753072,41.658482,017.2,89.6,87,0,Under way using engine,2026-08-25 01:03:44,2026-08-24 17:03:44
142-45.521E,41-39.511N,142.758685,41.65852,017.3,87.9,87,0,Under way using engine,2026-08-25 01:04:37,2026-08-24 17:04:37
142-45.831E,41-39.513N,142.763857,41.65855,016.9,90.2,87,0,Under way using engine,2026-08-25 01:05:26,2026-08-24 17:05:26
142-46.161E,41-39.518N,142.769347,41.658627,017.0,88.9,87,0,Under way using engine,2026-08-25 01:06:19,2026-08-24 17:06:19
142-46.471E,41-39.521N,142.774515,41.658682,016.9,89.7,87,0,Under way using engine,2026-08-25 01:07:07,2026-08-24 17:07:07
142-46.775E,41-39.524N,142.779588,41.658725,017.0,90,87,0,Under way using engine,2026-08-25 01:07:56,2026-08-24 17:07:56
142-47.080E,41-39.526N,142.784668,41.658762,017.0,89.7,87,0,Under way using engine,2026-08-25 01:08:42,2026-08-24 17:08:42
142-47.385E,41-39.528N,142.789758,41.658803,017.0,89.6,87,0,Under way using engine,2026-08-25 01:09:31,2026-08-24 17:09:31
142-47.690E,41-39.531N,142.794837,41.658855,017.1,87.9,87,0,Under way using engine,2026-08-25 01:10:19,2026-08-24 17:10:19
142-47.996E,41-39.534N,142.799938,41.658893,017.2,89,87,0,Under way using engine,2026-08-25 01:11:07,2026-08-24 17:11:07
142-48.303E,41-39.536N,142.805053,41.658932,017.1,89.4,87,0,Under way using engine,2026-08-25 01:11:55,2026-08-24 17:11:55
142-48.603E,41-39.538N,142.810053,41.65897,017.1,90.3,87,0,Under way using engine,2026-08-25 01:12:42,2026-08-24 17:12:42
142-48.922E,41-39.539N,142.81536,41.658987,017.2,89.8,87,0,Under way using engine,2026-08-25 01:13:31,2026-08-24 17:13:31
142-49.258E,41-39.540N,142.820967,41.659005,017.1,88.4,87,0,Under way using engine,2026-08-25 01:14:25,2026-08-24 17:14:25
142-49.601E,41-39.542N,142.826687,41.659028,017.1,89.9,86,0,Under way using engine,2026-08-25 01:15:18,2026-08-24 17:15:18
142-49.905E,41-39.548N,142.831753,41.659135,017.1,86.8,83,0,Under way using engine,2026-08-25 01:16:07,2026-08-24 17:16:07
142-50.245E,41-39.567N,142.837418,41.659442,016.9,86.8,82,0,Under way using engine,2026-08-25 01:17:01,2026-08-24 17:17:01
142-50.546E,41-39.586N,142.842438,41.65976,016.8,85.3,82,0,Under way using engine,2026-08-25 01:17:49,2026-08-24 17:17:49
142-50.890E,41-39.608N,142.848163,41.66014,016.9,85.6,82,0,Under way using engine,2026-08-25 01:18:43,2026-08-24 17:18:43
142-51.220E,41-39.631N,142.85366,41.660518,016.8,85.3,82,0,Under way using engine,2026-08-25 01:19:37,2026-08-24 17:19:37
142-51.556E,41-39.655N,142.859262,41.66091,016.7,83.3,82,0,Under way using engine,2026-08-25 01:20:31,2026-08-24 17:20:31
142-51.885E,41-39.677N,142.864755,41.66128,016.7,85,82,0,Under way using engine,2026-08-25 01:21:25,2026-08-24 17:21:25
142-52.190E,41-39.697N,142.869828,41.661623,016.8,83.9,82,0,Under way using engine,2026-08-25 01:22:13,2026-08-24 17:22:13
142-52.523E,41-39.722N,142.875387,41.662025,016.5,86.3,82,0,Under way using engine,2026-08-25 01:23:07,2026-08-24 17:23:07
142-52.856E,41-39.747N,142.880925,41.662442,016.7,82.6,82,0,Under way using engine,2026-08-25 01:24:01,2026-08-24 17:24:01
142-53.186E,41-39.773N,142.886437,41.662887,016.6,83.9,82,0,Under way using engine,2026-08-25 01:24:56,2026-08-24 17:24:56
142-53.522E,41-39.800N,142.89204,41.663338,016.5,83.5,82,0,Under way using engine,2026-08-25 01:25:49,2026-08-24 17:25:49
142-53.841E,41-39.827N,142.897345,41.663778,016.5,83.6,83,0,Under way using engine,2026-08-25 01:26:43,2026-08-24 17:26:43
142-54.177E,41-39.852N,142.902953,41.664207,016.3,83.9,82,0,Under way using engine,2026-08-25 01:27:37,2026-08-24 17:27:37
142-54.499E,41-39.879N,142.908323,41.664652,016.3,84.9,82,0,Under way using engine,2026-08-25 01:28:31,2026-08-24 17:28:31
142-54.839E,41-39.904N,142.91398,41.665062,016.3,86.8,84,0,Under way using engine,2026-08-25 01:29:26,2026-08-24 17:29:26
142-55.160E,41-39.921N,142.919337,41.665358,016.2,86.6,84,0,Under way using engine,2026-08-25 01:30:19,2026-08-24 17:30:19
142-55.487E,41-39.938N,142.92479,41.665635,016.2,87.4,84,0,Under way using engine,2026-08-25 01:31:13,2026-08-24 17:31:13
142-55.809E,41-39.954N,142.930142,41.6659,016.3,87.2,84,0,Under way using engine,2026-08-25 01:32:06,2026-08-24 17:32:06
142-56.142E,41-39.971N,142.9357,41.66619,016.4,85.1,84,0,Under way using engine,2026-08-25 01:33:01,2026-08-24 17:33:01
142-56.470E,41-39.988N,142.941165,41.666465,016.4,85.5,84,0,Under way using engine,2026-08-25 01:33:54,2026-08-24 17:33:54
142-56.799E,41-40.005N,142.946657,41.666743,016.5,86.9,84,0,Under way using engine,2026-08-25 01:34:49,2026-08-24 17:34:49
142-57.135E,41-40.021N,142.952247,41.66702,016.5,85.1,84,0,Under way using engine,2026-08-25 01:35:43,2026-08-24 17:35:43
142-57.453E,41-40.036N,142.957542,41.667267,016.6,85.1,84,0,Under way using engine,2026-08-25 01:36:37,2026-08-24 17:36:37
142-57.759E,41-40.050N,142.962645,41.667492,016.4,86,84,0,Under way using engine,2026-08-25 01:37:26,2026-08-24 17:37:26
142-58.082E,41-40.065N,142.96804,41.667743,016.5,86.7,84,0,Under way using engine,2026-08-25 01:38:19,2026-08-24 17:38:19
142-58.382E,41-40.080N,142.97304,41.667998,016.6,83.2,84,0,Under way using engine,2026-08-25 01:39:07,2026-08-24 17:39:07
142-58.708E,41-40.093N,142.978472,41.668223,016.4,89.5,85,0,Under way using engine,2026-08-25 01:40:01,2026-08-24 17:40:01
142-59.045E,41-40.103N,142.984083,41.668375,016.3,86.5,85,0,Under way using engine,2026-08-25 01:40:55,2026-08-24 17:40:55
142-59.368E,41-40.111N,142.989473,41.668517,016.5,88.1,85,0,Under way using engine,2026-08-25 01:41:49,2026-08-24 17:41:49
142-59.695E,41-40.121N,142.994923,41.668675,016.5,87.1,84,0,Under way using engine,2026-08-25 01:42:43,2026-08-24 17:42:43
143-0.016E,41-40.132N,143.000268,41.668873,016.3,89.4,88,0,Under way using engine,2026-08-25 01:43:37,2026-08-24 17:43:37
143-0.347E,41-40.131N,143.005782,41.668853,016.2,90.2,90,0,Under way using engine,2026-08-25 01:44:31,2026-08-24 17:44:31
143-0.666E,41-40.123N,143.011093,41.668717,016.2,91.6,90,0,Under way using engine,2026-08-25 01:45:25,2026-08-24 17:45:25
143-0.997E,41-40.112N,143.01662,41.668532,016.3,91.7,90,0,Under way using engine,2026-08-25 01:46:19,2026-08-24 17:46:19
143-1.317E,41-40.099N,143.021948,41.66831,016.3,94.1,90,0,Under way using engine,2026-08-25 01:47:13,2026-08-24 17:47:13
143-1.649E,41-40.085N,143.027475,41.668083,016.3,91.5,90,0,Under way using engine,2026-08-25 01:48:07,2026-08-24 17:48:07
143-1.974E,41-40.073N,143.032905,41.66789,016.2,92.8,90,0,Under way using engine,2026-08-25 01:49:01,2026-08-24 17:49:01
143-2.293E,41-40.062N,143.038223,41.667702,016.0,92,90,0,Under way using engine,2026-08-25 01:49:54,2026-08-24 17:49:54
143-2.632E,41-40.049N,143.043868,41.667477,016.3,92.3,90,0,Under way using engine,2026-08-25 01:50:49,2026-08-24 17:50:49
143-2.952E,41-40.035N,143.0492,41.667252,016.3,92.6,90,0,Under way using engine,2026-08-25 01:51:43,2026-08-24 17:51:43
143-3.285E,41-40.021N,143.054745,41.667012,016.4,92.8,90,0,Under way using engine,2026-08-25 01:52:37,2026-08-24 17:52:37
143-3.606E,41-40.008N,143.060097,41.666795,016.2,92.1,90,0,Under way using engine,2026-08-25 01:53:31,2026-08-24 17:53:31
143-3.933E,41-39.995N,143.065542,41.666582,016.1,93.6,90,0,Under way using engine,2026-08-25 01:54:25,2026-08-24 17:54:25
143-4.259E,41-39.981N,143.070975,41.666345,016.3,93.5,91,0,Under way using engine,2026-08-25 01:55:19,2026-08-24 17:55:19
143-4.583E,41-39.966N,143.076375,41.666092,016.2,91.6,90,0,Under way using engine,2026-08-25 01:56:13,2026-08-24 17:56:13
143-4.906E,41-39.948N,143.081767,41.665807,016.0,93,90,0,Under way using engine,2026-08-25 01:57:07,2026-08-24 17:57:07
143-5.234E,41-39.932N,143.08724,41.665538,016.1,91.3,90,0,Under way using engine,2026-08-25 01:58:02,2026-08-24 17:58:02
143-5.552E,41-39.915N,143.092527,41.665253,016.2,95.1,90,0,Under way using engine,2026-08-25 01:58:55,2026-08-24 17:58:55
143-5.875E,41-39.897N,143.09791,41.664947,016.0,93,90,0,Under way using engine,2026-08-25 01:59:50,2026-08-24 17:59:50
143-6.193E,41-39.880N,143.103222,41.66467,016.1,93.8,90,0,Under way using engine,2026-08-25 02:00:43,2026-08-24 18:00:43
143-6.531E,41-39.862N,143.108845,41.66436,016.5,95.2,90,0,Under way using engine,2026-08-25 02:01:38,2026-08-24 18:01:38
143-6.849E,41-39.846N,143.114145,41.664095,016.2,92.1,87,0,Under way using engine,2026-08-25 02:02:31,2026-08-24 18:02:31
143-7.167E,41-39.842N,143.119458,41.66404,016.4,89.3,85,0,Under way using engine,2026-08-25 02:03:25,2026-08-24 18:03:25
143-7.506E,41-39.842N,143.125093,41.664035,016.1,89.3,85,0,Under way using engine,2026-08-25 02:04:19,2026-08-24 18:04:19
143-7.827E,41-39.842N,143.130448,41.664025,016.4,90.3,85,0,Under way using engine,2026-08-25 02:05:13,2026-08-24 18:05:13
143-8.160E,41-39.841N,143.136008,41.66401,016.3,88.9,85,0,Under way using engine,2026-08-25 02:06:07,2026-08-24 18:06:07
143-8.482E,41-39.839N,143.141372,41.663987,016.2,88.3,85,0,Under way using engine,2026-08-25 02:07:01,2026-08-24 18:07:01
143-8.809E,41-39.837N,143.146817,41.663953,016.4,90.6,84,0,Under way using engine,2026-08-25 02:07:55,2026-08-24 18:07:55
143-9.135E,41-39.836N,143.152243,41.663937,016.2,90.7,83,0,Under way using engine,2026-08-25 02:08:49,2026-08-24 18:08:49
143-9.459E,41-39.839N,143.157648,41.66399,016.1,87.4,84,0,Under way using engine,2026-08-25 02:09:43,2026-08-24 18:09:43
143-9.777E,41-39.841N,143.162957,41.664012,016.3,91.2,84,0,Under way using engine,2026-08-25 02:10:36,2026-08-24 18:10:36
143-10.108E,41-39.843N,143.168465,41.664053,016.2,92.6,84,0,Under way using engine,2026-08-25 02:11:31,2026-08-24 18:11:31
143-10.433E,41-39.846N,143.173875,41.664102,016.1,91.8,84,0,Under way using engine,2026-08-25 02:12:25,2026-08-24 18:12:25
143-10.756E,41-39.848N,143.179263,41.664137,016.3,88.8,84,0,Under way using engine,2026-08-25 02:13:19,2026-08-24 18:13:19
143-11.080E,41-39.850N,143.184665,41.664165,016.2,89.4,84,0,Under way using engine,2026-08-25 02:14:13,2026-08-24 18:14:13
143-11.403E,41-39.854N,143.190055,41.664227,016.1,88.7,83,0,Under way using engine,2026-08-25 02:15:07,2026-08-24 18:15:07
143-11.726E,41-39.859N,143.195432,41.664312,016.0,87.7,83,0,Under way using engine,2026-08-25 02:16:02,2026-08-24 18:16:02
143-12.048E,41-39.867N,143.200802,41.664443,016.0,87.8,82,0,Under way using engine,2026-08-25 02:16:55,2026-08-24 18:16:55
143-12.371E,41-39.878N,143.206185,41.664628,016.3,86.7,83,0,Under way using engine,2026-08-25 02:17:50,2026-08-24 18:17:50
143-12.693E,41-39.885N,143.211555,41.664742,016.1,87.6,83,0,Under way using engine,2026-08-25 02:18:43,2026-08-24 18:18:43
143-13.013E,41-39.891N,143.216888,41.664842,016.1,86.1,83,0,Under way using engine,2026-08-25 02:19:37,2026-08-24 18:19:37
143-13.333E,41-39.896N,143.222222,41.664933,016.1,90.1,83,0,Under way using engine,2026-08-25 02:20:31,2026-08-24 18:20:31
143-13.653E,41-39.900N,143.227545,41.665008,015.7,90.3,83,0,Under way using engine,2026-08-25 02:21:25,2026-08-24 18:21:25
143-13.966E,41-39.907N,143.232763,41.665117,015.8,85.6,83,0,Under way using engine,2026-08-25 02:22:19,2026-08-24 18:22:19
143-14.290E,41-39.914N,143.238163,41.665235,015.9,89.9,83,0,Under way using engine,2026-08-25 02:23:13,2026-08-24 18:23:13
143-14.608E,41-39.921N,143.243465,41.665353,015.9,86,83,0,Under way using engine,2026-08-25 02:24:07,2026-08-24 18:24:07
143-14.925E,41-39.928N,143.248753,41.665463,015.9,88.9,83,0,Under way using engine,2026-08-25 02:25:01,2026-08-24 18:25:01
143-15.242E,41-39.934N,143.254032,41.665567,015.8,87.6,83,0,Under way using engine,2026-08-25 02:25:55,2026-08-24 18:25:55
143-15.560E,41-39.942N,143.259332,41.665692,015.9,89.4,83,0,Under way using engine,2026-08-25 02:26:49,2026-08-24 18:26:49
143-15.873E,41-39.951N,143.264548,41.665842,015.8,85.2,83,0,Under way using engine,2026-08-25 02:27:43,2026-08-24 18:27:43
143-16.197E,41-39.960N,143.269957,41.666005,015.9,88.4,83,0,Under way using engine,2026-08-25 02:28:37,2026-08-24 18:28:37
143-16.516E,41-39.971N,143.27526,41.666185,015.9,88.6,83,0,Under way using engine,2026-08-25 02:29:31,2026-08-24 18:29:31
143-16.834E,41-39.982N,143.280565,41.666368,015.8,85.8,83,0,Under way using engine,2026-08-25 02:30:25,2026-08-24 18:30:25
143-17.150E,41-39.994N,143.285832,41.666572,015.6,86.3,83,0,Under way using engine,2026-08-25 02:31:19,2026-08-24 18:31:19
143-17.466E,41-40.005N,143.291092,41.666758,015.7,88.7,83,0,Under way using engine,2026-08-25 02:32:13,2026-08-24 18:32:13
143-17.781E,41-40.019N,143.296355,41.666982,015.8,86.5,83,0,Under way using engine,2026-08-25 02:33:07,2026-08-24 18:33:07
143-18.096E,41-40.031N,143.301592,41.667175,015.7,87.3,83,0,Under way using engine,2026-08-25 02:34:01,2026-08-24 18:34:01
143-18.409E,41-40.043N,143.306812,41.667388,015.6,84.9,83,0,Under way using engine,2026-08-25 02:34:55,2026-08-24 18:34:55
143-18.716E,41-40.065N,143.311927,41.667753,015.1,79.9,72,0,Under way using engine,2026-08-25 02:35:50,2026-08-24 18:35:50
143-19.047E,41-40.131N,143.317447,41.668845,015.2,74.4,69,0,Under way using engine,2026-08-25 02:36:50,2026-08-24 18:36:50
143-19.358E,41-40.206N,143.322633,41.6701,015.1,69.8,68,0,Under way using engine,2026-08-25 02:37:49,2026-08-24 18:37:49
143-19.684E,41-40.290N,143.32807,41.671492,015.2,71,68,0,Under way using engine,2026-08-25 02:38:49,2026-08-24 18:38:49
143-19.998E,41-40.372N,143.333305,41.672868,015.2,72.5,68,0,Under way using engine,2026-08-25 02:39:49,2026-08-24 18:39:49
143-20.319E,41-40.453N,143.338653,41.674213,015.1,70.7,68,0,Under way using engine,2026-08-25 02:40:49,2026-08-24 18:40:49
143-20.644E,41-40.539N,143.344067,41.675645,015.2,72.7,68,0,Under way using engine,2026-08-25 02:41:49,2026-08-24 18:41:49
143-20.964E,41-40.624N,143.349395,41.677063,015.2,68.4,68,0,Under way using engine,2026-08-25 02:42:49,2026-08-24 18:42:49
143-21.284E,41-40.706N,143.35474,41.678438,015.1,69.9,68,0,Under way using engine,2026-08-25 02:43:50,2026-08-24 18:43:50
143-21.606E,41-40.790N,143.360093,41.679828,015.1,70.2,68,0,Under way using engine,2026-08-25 02:44:50,2026-08-24 18:44:50
143-21.927E,41-40.873N,143.365455,41.68121,015.3,70.2,68,0,Under way using engine,2026-08-25 02:45:49,2026-08-24 18:45:49
143-22.254E,41-40.958N,143.370903,41.682635,015.2,71,68,0,Under way using engine,2026-08-25 02:46:49,2026-08-24 18:46:49
143-22.571E,41-41.041N,143.376178,41.684015,015.1,70,68,0,Under way using engine,2026-08-25 02:47:50,2026-08-24 18:47:50
143-22.898E,41-41.125N,143.381637,41.685423,015.2,69.9,68,0,Under way using engine,2026-08-25 02:48:50,2026-08-24 18:48:50
143-23.214E,41-41.205N,143.386905,41.686758,015.1,70.8,67,0,Under way using engine,2026-08-25 02:49:50,2026-08-24 18:49:50
143-23.532E,41-41.292N,143.392198,41.688195,015.0,66.4,62,0,Under way using engine,2026-08-25 02:50:50,2026-08-24 18:50:50
143-23.837E,41-41.397N,143.397277,41.689948,015.1,61.3,58,0,Under way using engine,2026-08-25 02:51:50,2026-08-24 18:51:50
143-24.157E,41-41.534N,143.402613,41.692237,015.0,57.2,56,0,Under way using engine,2026-08-25 02:52:55,2026-08-24 18:52:55
143-24.473E,41-41.681N,143.407882,41.694677,015.1,56.9,55,0,Under way using engine,2026-08-25 02:54:01,2026-08-24 18:54:01
143-24.783E,41-41.828N,143.413043,41.697132,015.3,60,55,0,Under way using engine,2026-08-25 02:55:07,2026-08-24 18:55:07
143-25.097E,41-41.976N,143.418287,41.699602,015.2,56.3,55,0,Under way using engine,2026-08-25 02:56:13,2026-08-24 18:56:13
143-25.415E,41-42.129N,143.423585,41.702143,015.2,57.9,55,0,Under way using engine,2026-08-25 02:57:19,2026-08-24 18:57:19
143-25.726E,41-42.275N,143.428765,41.704585,015.2,60.6,55,0,Under way using engine,2026-08-25 02:58:25,2026-08-24 18:58:25
143-26.041E,41-42.425N,143.434017,41.707077,015.2,57.2,55,0,Under way using engine,2026-08-25 02:59:31,2026-08-24 18:59:31
143-26.362E,41-42.574N,143.439363,41.709572,015.1,59.2,55,0,Under way using engine,2026-08-25 03:00:37,2026-08-24 19:00:37
143-26.678E,41-42.722N,143.44463,41.712033,015.3,57,55,0,Under way using engine,2026-08-25 03:01:43,2026-08-24 19:01:43
143-26.995E,41-42.870N,143.449923,41.714503,015.3,58.8,55,0,Under way using engine,2026-08-25 03:02:49,2026-08-24 19:02:49
143-27.315E,41-43.017N,143.455255,41.716955,015.3,58.7,55,0,Under way using engine,2026-08-25 03:03:55,2026-08-24 19:03:55
143-27.628E,41-43.164N,143.46047,41.719408,015.2,59.2,55,0,Under way using engine,2026-08-25 03:05:01,2026-08-24 19:05:01
143-27.948E,41-43.314N,143.465793,41.721898,015.4,59.4,55,0,Under way using engine,2026-08-25 03:06:07,2026-08-24 19:06:07
143-28.277E,41-43.469N,143.471282,41.724487,015.4,57.5,55,0,Under way using engine,2026-08-25 03:07:14,2026-08-24 19:07:14
143-28.593E,41-43.616N,143.476555,41.726938,015.6,57.8,55,0,Under way using engine,2026-08-25 03:08:19,2026-08-24 19:08:19
143-28.910E,41-43.763N,143.481828,41.729388,015.3,59.2,55,0,Under way using engine,2026-08-25 03:09:24,2026-08-24 19:09:24
143-29.235E,41-43.915N,143.487242,41.731912,015.3,57.3,55,0,Under way using engine,2026-08-25 03:10:31,2026-08-24 19:10:31
143-29.550E,41-44.064N,143.492507,41.734403,015.2,58.8,55,0,Under way using engine,2026-08-25 03:11:37,2026-08-24 19:11:37
143-29.867E,41-44.213N,143.497785,41.736877,015.3,58.7,56,0,Under way using engine,2026-08-25 03:12:43,2026-08-24 19:12:43
143-30.181E,41-44.355N,143.503012,41.739255,015.1,57,55,0,Under way using engine,2026-08-25 03:13:49,2026-08-24 19:13:49
143-30.502E,41-44.501N,143.508365,41.741677,015.0,58.5,55,0,Under way using engine,2026-08-25 03:14:55,2026-08-24 19:14:55
143-30.817E,41-44.645N,143.513615,41.744078,015.0,57.9,55,0,Under way using engine,2026-08-25 03:16:01,2026-08-24 19:16:01
143-31.131E,41-44.790N,143.518858,41.746492,014.9,56.3,55,0,Under way using engine,2026-08-25 03:17:08,2026-08-24 19:17:08
143-31.441E,41-44.931N,143.524017,41.748857,015.1,57.2,55,0,Under way using engine,2026-08-25 03:18:13,2026-08-24 19:18:13
143-31.763E,41-45.078N,143.52938,41.751308,015.2,56.9,55,0,Under way using engine,2026-08-25 03:19:19,2026-08-24 19:19:19
143-32.079E,41-45.222N,143.534658,41.753698,015.4,57.8,55,0,Under way using engine,2026-08-25 03:20:25,2026-08-24 19:20:25
143-32.433E,41-45.381N,143.540542,41.75635,015.5,61.2,55,0,Under way using engine,2026-08-25 03:21:37,2026-08-24 19:21:37
143-32.760E,41-45.531N,143.546002,41.758857,015.4,59.5,55,0,Under way using engine,2026-08-25 03:22:43,2026-08-24 19:22:43
143-33.078E,41-45.676N,143.551293,41.761268,015.3,59.9,55,0,Under way using engine,2026-08-25 03:23:49,2026-08-24 19:23:49
143-33.400E,41-45.822N,143.556672,41.763705,015.4,62.2,55,0,Under way using engine,2026-08-25 03:24:55,2026-08-24 19:24:55
143-33.734E,41-45.972N,143.562225,41.766198,015.4,56.4,55,0,Under way using engine,2026-08-25 03:26:01,2026-08-24 19:26:01
143-34.044E,41-46.116N,143.567397,41.768592,015.4,55.7,55,0,Under way using engine,2026-08-25 03:27:07,2026-08-24 19:27:07
143-34.369E,41-46.265N,143.572812,41.77109,015.4,59.2,55,0,Under way using engine,2026-08-25 03:28:13,2026-08-24 19:28:13
143-34.686E,41-46.415N,143.578103,41.773585,015.3,58,55,0,Under way using engine,2026-08-25 03:29:19,2026-08-24 19:29:19
143-35.006E,41-46.563N,143.583427,41.776047,015.3,57.8,55,0,Under way using engine,2026-08-25 03:30:25,2026-08-24 19:30:25
143-35.352E,41-46.724N,143.5892,41.778728,015.3,60.6,55,0,Under way using engine,2026-08-25 03:31:37,2026-08-24 19:31:37
143-35.666E,41-46.873N,143.594432,41.78122,015.1,58.3,55,0,Under way using engine,2026-08-25 03:32:43,2026-08-24 19:32:43
143-35.976E,41-47.017N,143.599603,41.78361,015.1,57.4,56,0,Under way using engine,2026-08-25 03:33:49,2026-08-24 19:33:49
143-36.295E,41-47.165N,143.604913,41.786087,015.1,59.9,56,0,Under way using engine,2026-08-25 03:34:55,2026-08-24 19:34:55
143-36.611E,41-47.314N,143.61018,41.788572,014.9,56.9,55,0,Under way using engine,2026-08-25 03:36:01,2026-08-24 19:36:01
143-36.913E,41-47.458N,143.61522,41.79097,015.0,58.5,55,0,Under way using engine,2026-08-25 03:37:06,2026-08-24 19:37:06
143-37.229E,41-47.609N,143.620488,41.793475,015.3,55.8,55,0,Under way using engine,2026-08-25 03:38:13,2026-08-24 19:38:13
143-37.540E,41-47.759N,143.625665,41.795975,015.0,58.4,56,0,Under way using engine,2026-08-25 03:39:19,2026-08-24 19:39:19
143-37.852E,41-47.906N,143.63087,41.79844,015.0,59.1,55,0,Under way using engine,2026-08-25 03:40:25,2026-08-24 19:40:25
143-38.171E,41-48.058N,143.636188,41.800962,015.4,59.3,55,0,Under way using engine,2026-08-25 03:41:32,2026-08-24 19:41:32
143-38.482E,41-48.205N,143.64137,41.803413,015.3,57.5,55,0,Under way using engine,2026-08-25 03:42:37,2026-08-24 19:42:37
143-38.801E,41-48.354N,143.646682,41.805893,015.3,55.5,55,0,Under way using engine,2026-08-25 03:43:43,2026-08-24 19:43:43
143-39.121E,41-48.503N,143.652013,41.808382,015.4,56.7,55,0,Under way using engine,2026-08-25 03:44:49,2026-08-24 19:44:49
143-39.443E,41-48.651N,143.657378,41.810857,015.3,58.2,55,0,Under way using engine,2026-08-25 03:45:55,2026-08-24 19:45:55
143-39.767E,41-48.798N,143.662783,41.813307,015.5,57.2,57,12,Under way using engine,2026-08-25 03:47:02,2026-08-24 19:47:02
143-40.074E,41-48.926N,143.667908,41.81543,015.6,58.4,58,0,Under way using engine,2026-08-25 03:48:02,2026-08-24 19:48:02
143-40.374E,41-49.047N,143.672908,41.817455,015.6,61.9,58,0,Under way using engine,2026-08-25 03:49:01,2026-08-24 19:49:01
143-40.679E,41-49.174N,143.67798,41.81956,015.6,62.2,58,0,Under way using engine,2026-08-25 03:50:01,2026-08-24 19:50:01
143-40.986E,41-49.298N,143.683098,41.821635,015.5,61.8,58,0,Under way using engine,2026-08-25 03:51:01,2026-08-24 19:51:01
143-41.292E,41-49.423N,143.688203,41.823713,015.3,61.7,58,0,Under way using engine,2026-08-25 03:52:01,2026-08-24 19:52:01
143-41.602E,41-49.552N,143.693367,41.82587,015.7,58.8,58,0,Under way using engine,2026-08-25 03:53:02,2026-08-24 19:53:02
143-41.927E,41-49.693N,143.698788,41.828222,015.8,57.2,59,0,Under way using engine,2026-08-25 03:54:07,2026-08-24 19:54:07
143-42.234E,41-49.821N,143.703898,41.830358,015.4,63,58,0,Under way using engine,2026-08-25 03:55:08,2026-08-24 19:55:08
143-42.563E,41-49.962N,143.709385,41.832692,015.5,60.9,58,0,Under way using engine,2026-08-25 03:56:13,2026-08-24 19:56:13
143-42.880E,41-50.098N,143.714667,41.83496,015.3,63,58,0,Under way using engine,2026-08-25 03:57:19,2026-08-24 19:57:19
143-43.183E,41-50.225N,143.71972,41.837085,015.3,59.7,58,0,Under way using engine,2026-08-25 03:58:19,2026-08-24 19:58:19
143-43.504E,41-50.363N,143.725067,41.839383,015.2,60.3,58,0,Under way using engine,2026-08-25 03:59:24,2026-08-24 19:59:24
143-43.839E,41-50.503N,143.730648,41.841722,015.4,60,58,0,Under way using engine,2026-08-25 04:00:31,2026-08-24 20:00:31
143-44.173E,41-50.645N,143.736213,41.844085,015.4,58.1,57,0,Under way using engine,2026-08-25 04:01:37,2026-08-24 20:01:37
143-44.484E,41-50.788N,143.741395,41.846465,015.3,55.2,53,0,Under way using engine,2026-08-25 04:02:43,2026-08-24 20:02:43
143-44.800E,41-50.949N,143.746668,41.849145,015.4,55.6,54,0,Under way using engine,2026-08-25 04:03:49,2026-08-24 20:03:49
143-45.111E,41-51.108N,143.751855,41.851802,015.5,55.2,53,0,Under way using engine,2026-08-25 04:04:55,2026-08-24 20:04:55
143-45.422E,41-51.266N,143.75703,41.85444,015.2,55.4,54,0,Under way using engine,2026-08-25 04:06:01,2026-08-24 20:06:01
143-45.732E,41-51.422N,143.762202,41.85704,015.2,56.1,54,0,Under way using engine,2026-08-25 04:07:07,2026-08-24 20:07:07
143-46.046E,41-51.574N,143.767437,41.859573,015.4,56.8,54,0,Under way using engine,2026-08-25 04:08:13,2026-08-24 20:08:13
143-46.352E,41-51.728N,143.772527,41.86213,015.0,57.2,54,0,Under way using engine,2026-08-25 04:09:18,2026-08-24 20:09:18
143-46.667E,41-51.885N,143.777782,41.864748,015.3,54.7,54,0,Under way using engine,2026-08-25 04:10:25,2026-08-24 20:10:25
143-46.977E,41-52.040N,143.782958,41.867328,015.3,56,55,0,Under way using engine,2026-08-25 04:11:31,2026-08-24 20:11:31
143-47.289E,41-52.189N,143.788147,41.869817,015.3,59.1,55,0,Under way using engine,2026-08-25 04:12:36,2026-08-24 20:12:36
143-47.609E,41-52.344N,143.793487,41.872393,015.3,54.3,55,0,Under way using engine,2026-08-25 04:13:43,2026-08-24 20:13:43
143-47.920E,41-52.494N,143.798667,41.874902,015.3,56.7,55,0,Under way using engine,2026-08-25 04:14:49,2026-08-24 20:14:49
143-48.236E,41-52.646N,143.803927,41.877437,015.3,55.8,55,0,Under way using engine,2026-08-25 04:15:55,2026-08-24 20:15:55
143-48.556E,41-52.802N,143.809262,41.880035,015.4,57,55,0,Under way using engine,2026-08-25 04:17:01,2026-08-24 20:17:01
143-48.871E,41-52.956N,143.814523,41.882608,015.4,56.8,55,0,Under way using engine,2026-08-25 04:18:07,2026-08-24 20:18:07
143-49.183E,41-53.108N,143.81972,41.885125,015.3,56.1,55,0,Under way using engine,2026-08-25 04:19:13,2026-08-24 20:19:13
143-49.504E,41-53.266N,143.825072,41.887772,015.4,54.6,55,0,Under way using engine,2026-08-25 04:20:19,2026-08-24 20:20:19
143-49.820E,41-53.424N,143.830325,41.890403,015.7,55.5,55,0,Under way using engine,2026-08-25 04:21:25,2026-08-24 20:21:25
143-50.135E,41-53.581N,143.835583,41.893017,015.5,55.9,55,0,Under way using engine,2026-08-25 04:22:31,2026-08-24 20:22:31
143-50.456E,41-53.741N,143.840935,41.89569,015.4,54.6,55,0,Under way using engine,2026-08-25 04:23:38,2026-08-24 20:23:38
143-50.764E,41-53.894N,143.84606,41.898225,015.5,55.7,55,0,Under way using engine,2026-08-25 04:24:43,2026-08-24 20:24:43
143-51.085E,41-54.054N,143.85141,41.900903,015.4,56,55,0,Under way using engine,2026-08-25 04:25:49,2026-08-24 20:25:49
143-51.402E,41-54.212N,143.8567,41.903525,015.7,56.3,55,0,Under way using engine,2026-08-25 04:26:55,2026-08-24 20:26:55
143-51.721E,41-54.369N,143.86201,41.906142,015.5,58.1,55,0,Under way using engine,2026-08-25 04:28:01,2026-08-24 20:28:01
143-52.039E,41-54.527N,143.867323,41.908782,015.4,56.9,55,0,Under way using engine,2026-08-25 04:29:07,2026-08-24 20:29:07
143-52.361E,41-54.690N,143.872677,41.911497,015.6,56.5,55,0,Under way using engine,2026-08-25 04:30:13,2026-08-24 20:30:13
143-52.674E,41-54.846N,143.877903,41.914093,015.6,55.3,56,0,Under way using engine,2026-08-25 04:31:19,2026-08-24 20:31:19
143-52.996E,41-55.000N,143.88326,41.916667,015.6,54.9,57,0,Under way using engine,2026-08-25 04:32:25,2026-08-24 20:32:25
143-53.325E,41-55.153N,143.888743,41.919223,015.6,58.3,57,0,Under way using engine,2026-08-25 04:33:31,2026-08-24 20:33:31
143-53.643E,41-55.303N,143.894057,41.921718,015.6,58.4,58,0,Under way using engine,2026-08-25 04:34:37,2026-08-24 20:34:37
143-53.968E,41-55.455N,143.899467,41.924243,015.7,57.1,57,0,Under way using engine,2026-08-25 04:35:43,2026-08-24 20:35:43
143-54.287E,41-55.603N,143.904787,41.926717,015.5,60.6,57,0,Under way using engine,2026-08-25 04:36:48,2026-08-24 20:36:48
143-54.616E,41-55.756N,143.910272,41.92927,015.6,56.9,57,0,Under way using engine,2026-08-25 04:37:55,2026-08-24 20:37:55
143-54.940E,41-55.908N,143.915662,41.9318,015.5,58.2,57,0,Under way using engine,2026-08-25 04:39:01,2026-08-24 20:39:01
143-55.257E,41-56.056N,143.920955,41.934268,015.5,59,57,0,Under way using engine,2026-08-25 04:40:06,2026-08-24 20:40:06
143-55.583E,41-56.210N,143.92638,41.936837,015.3,56.5,57,0,Under way using engine,2026-08-25 04:41:13,2026-08-24 20:41:13
143-55.902E,41-56.362N,143.931695,41.93937,015.4,57.7,57,0,Under way using engine,2026-08-25 04:42:19,2026-08-24 20:42:19
143-56.216E,41-56.512N,143.936927,41.941862,015.3,55.3,57,0,Under way using engine,2026-08-25 04:43:24,2026-08-24 20:43:24
143-56.535E,41-56.662N,143.942253,41.944362,015.3,58.4,56,0,Under way using engine,2026-08-25 04:44:30,2026-08-24 20:44:30
143-56.856E,41-56.819N,143.947605,41.94699,015.4,56,56,0,Under way using engine,2026-08-25 04:45:37,2026-08-24 20:45:37
143-57.166E,41-56.973N,143.952763,41.949543,015.2,55,56,0,Under way using engine,2026-08-25 04:46:43,2026-08-24 20:46:43
143-57.485E,41-57.132N,143.958083,41.952192,015.2,58.8,56,0,Under way using engine,2026-08-25 04:47:49,2026-08-24 20:47:49
143-57.801E,41-57.286N,143.963343,41.954763,015.4,58.1,56,0,Under way using engine,2026-08-25 04:48:55,2026-08-24 20:48:55
143-58.111E,41-57.438N,143.968515,41.9573,015.3,55.5,56,0,Under way using engine,2026-08-25 04:50:01,2026-08-24 20:50:01
143-58.430E,41-57.595N,143.973832,41.959912,015.2,55.7,56,0,Under way using engine,2026-08-25 04:51:07,2026-08-24 20:51:07
143-58.749E,41-57.750N,143.979155,41.962502,015.2,55.9,56,0,Under way using engine,2026-08-25 04:52:13,2026-08-24 20:52:13
143-59.059E,41-57.902N,143.984312,41.965027,015.1,56.7,56,0,Under way using engine,2026-08-25 04:53:19,2026-08-24 20:53:19
143-59.374E,41-58.053N,143.989563,41.967548,015.2,58.3,56,0,Under way using engine,2026-08-25 04:54:25,2026-08-24 20:54:25
143-59.744E,41-58.233N,143.995738,41.97055,015.2,58.4,56,0,Under way using engine,2026-08-25 04:55:43,2026-08-24 20:55:43
144-0.113E,41-58.413N,144.001877,41.973547,015.1,56.7,56,0,Under way using engine,2026-08-25 04:57:01,2026-08-24 20:57:01
144-0.454E,41-58.577N,144.007572,41.976283,015.0,55.7,56,0,Under way using engine,2026-08-25 04:58:14,2026-08-24 20:58:14
144-0.766E,41-58.729N,144.01277,41.978813,014.8,59.4,56,0,Under way using engine,2026-08-25 04:59:19,2026-08-24 20:59:19
144-1.072E,41-58.878N,144.017872,41.981292,015.0,56,56,0,Under way using engine,2026-08-25 05:00:25,2026-08-24 21:00:25
144-1.387E,41-59.030N,144.023115,41.983833,015.0,57.6,56,0,Under way using engine,2026-08-25 05:01:31,2026-08-24 21:01:31
144-1.695E,41-59.180N,144.028243,41.986337,015.0,58.4,56,0,Under way using engine,2026-08-25 05:02:36,2026-08-24 21:02:36
144-2.001E,41-59.330N,144.033345,41.988837,014.8,57.4,56,0,Under way using engine,2026-08-25 05:03:43,2026-08-24 21:03:43
144-2.336E,41-59.494N,144.038927,41.99157,014.7,55.8,56,0,Under way using engine,2026-08-25 05:04:55,2026-08-24 21:04:55
144-2.672E,41-59.657N,144.044527,41.994277,014.7,54.4,56,0,Under way using engine,2026-08-25 05:06:07,2026-08-24 21:06:07
144-3.002E,41-59.817N,144.050027,41.996948,014.9,57.1,56,0,Under way using engine,2026-08-25 05:07:18,2026-08-24 21:07:18
144-3.423E,42-0.021N,144.057048,42.000355,014.7,55,56,0,Under way using engine,2026-08-25 05:08:49,2026-08-24 21:08:49
144-3.782E,42-0.198N,144.063027,42.003298,014.7,58.8,56,0,Under way using engine,2026-08-25 05:10:07,2026-08-24 21:10:07
144-4.163E,42-0.384N,144.069388,42.006402,014.7,55.6,56,0,Under way using engine,2026-08-25 05:11:31,2026-08-24 21:11:31
144-4.524E,42-0.562N,144.075405,42.009368,014.8,54.2,56,0,Under way using engine,2026-08-25 05:12:49,2026-08-24 21:12:49
144-5.561E,42-1.074N,144.09269,42.017895,014.8,54.8,56,0,Under way using engine,2026-08-25 05:16:37,2026-08-24 21:16:37
144-6.353E,42-1.469N,144.105883,42.024477,014.6,54.5,56,0,Under way using engine,2026-08-25 05:19:30,2026-08-24 21:19:30
144-6.809E,42-1.701N,144.113482,42.028343,014.6,55.5,56,0,Under way using engine,2026-08-25 05:21:12,2026-08-24 21:21:12
144-8.038E,42-2.321N,144.133972,42.038687,014.5,57,56,0,Under way using engine,2026-08-25 05:25:49,2026-08-24 21:25:49
144-8.663E,42-2.636N,144.14439,42.043935,014.7,54.6,56,0,Under way using engine,2026-08-25 05:28:07,2026-08-24 21:28:07
144-9.095E,42-2.853N,144.151587,42.047558,014.4,54.8,56,0,Under way using engine,2026-08-25 05:29:42,2026-08-24 21:29:42
144-10.413E,42-3.523N,144.173547,42.058723,014.4,57.3,56,0,Under way using engine,2026-08-25 05:34:46,2026-08-24 21:34:46
144-11.931E,42-4.301N,144.198842,42.071682,014.6,52.3,56,0,Under way using engine,2026-08-25 05:40:21,2026-08-24 21:40:21
144-13.477E,42-5.082N,144.22462,42.084707,014.2,57.6,57,0,Under way using engine,2026-08-25 05:46:14,2026-08-24 21:46:14
144-14.200E,42-5.436N,144.236662,42.090603,014.1,55.3,57,0,Under way using engine,2026-08-25 05:48:54,2026-08-24 21:48:54
144-15.925E,42-6.279N,144.265415,42.104653,014.3,58.1,57,0,Under way using engine,2026-08-25 05:55:19,2026-08-24 21:55:19
144-17.517E,42-7.053N,144.29195,42.117555,014.5,57.1,57,0,Under way using engine,2026-08-25 06:01:07,2026-08-24 22:01:07
144-17.840E,42-7.211N,144.297327,42.120178,014.3,55.5,57,0,Under way using engine,2026-08-25 06:02:20,2026-08-24 22:02:20
144-18.216E,42-7.395N,144.303592,42.123253,014.4,56.4,57,0,Under way using engine,2026-08-25 06:03:43,2026-08-24 22:03:43
144-18.805E,42-7.687N,144.313413,42.128117,014.3,55.7,57,0,Under way using engine,2026-08-25 06:05:55,2026-08-24 22:05:55
144-19.153E,42-7.859N,144.319218,42.13099,014.3,56.1,57,0,Under way using engine,2026-08-25 06:07:13,2026-08-24 22:07:13
144-19.474E,42-8.018N,144.32457,42.133633,014.4,54.3,57,0,Under way using engine,2026-08-25 06:08:25,2026-08-24 22:08:25
144-19.791E,42-8.175N,144.329847,42.136255,014.3,56.9,57,0,Under way using engine,2026-08-25 06:09:37,2026-08-24 22:09:37
144-20.117E,42-8.337N,144.335285,42.138955,014.5,52.7,57,0,Under way using engine,2026-08-25 06:10:49,2026-08-24 22:10:49
144-20.495E,42-8.523N,144.341575,42.142047,014.5,58.3,57,0,Under way using engine,2026-08-25 06:12:13,2026-08-24 22:12:13
144-20.819E,42-8.682N,144.346983,42.144695,014.4,54.8,57,0,Under way using engine,2026-08-25 06:13:25,2026-08-24 22:13:25
144-21.139E,42-8.840N,144.35231,42.147332,014.3,56.7,57,0,Under way using engine,2026-08-25 06:14:37,2026-08-24 22:14:37
144-21.440E,42-8.989N,144.357328,42.14982,014.5,54.4,57,0,Under way using engine,2026-08-25 06:15:43,2026-08-24 22:15:43
144-21.796E,42-9.163N,144.363267,42.152712,014.4,55.2,57,0,Under way using engine,2026-08-25 06:17:02,2026-08-24 22:17:02
144-22.143E,42-9.332N,144.369047,42.155537,014.4,56.1,57,0,Under way using engine,2026-08-25 06:18:19,2026-08-24 22:18:19
144-22.467E,42-9.491N,144.374443,42.158185,014.5,56.9,57,0,Under way using engine,2026-08-25 06:19:32,2026-08-24 22:19:32
144-22.818E,42-9.666N,144.380293,42.161093,014.5,53.5,57,0,Under way using engine,2026-08-25 06:20:49,2026-08-24 22:20:49
144-23.576E,42-10.042N,144.39293,42.167373,014.3,56.6,57,0,Under way using engine,2026-08-25 06:23:37,2026-08-24 22:23:37
144-23.899E,42-10.204N,144.398317,42.17007,014.5,54.1,57,0,Under way using engine,2026-08-25 06:24:49,2026-08-24 22:24:49
144-24.222E,42-10.366N,144.403707,42.17277,014.5,58.6,57,0,Under way using engine,2026-08-25 06:26:01,2026-08-24 22:26:01
144-24.546E,42-10.528N,144.409103,42.175465,014.4,54.3,57,0,Under way using engine,2026-08-25 06:27:12,2026-08-24 22:27:12
144-25.350E,42-10.930N,144.422498,42.18217,014.4,56.7,57,0,Under way using engine,2026-08-25 06:30:12,2026-08-24 22:30:12
144-25.651E,42-11.083N,144.427512,42.18472,014.3,57,57,0,Under way using engine,2026-08-25 06:31:20,2026-08-24 22:31:20
144-25.974E,42-11.244N,144.432903,42.187408,014.6,56.5,58,0,Under way using engine,2026-08-25 06:32:31,2026-08-24 22:32:31
144-26.300E,42-11.403N,144.43833,42.190048,014.4,54.7,58,0,Under way using engine,2026-08-25 06:33:43,2026-08-24 22:33:43
144-26.628E,42-11.560N,144.443808,42.192667,014.5,60.6,58,0,Under way using engine,2026-08-25 06:34:55,2026-08-24 22:34:55
144-26.934E,42-11.706N,144.448908,42.195103,014.6,57.9,58,0,Under way using engine,2026-08-25 06:36:02,2026-08-24 22:36:02
144-27.259E,42-11.861N,144.454318,42.197688,014.5,56.8,58,0,Under way using engine,2026-08-25 06:37:13,2026-08-24 22:37:13
144-27.561E,42-12.005N,144.459353,42.200078,014.5,59.4,58,0,Under way using engine,2026-08-25 06:38:19,2026-08-24 22:38:19
144-27.864E,42-12.149N,144.464403,42.202483,014.4,55.4,58,0,Under way using engine,2026-08-25 06:39:25,2026-08-24 22:39:25
144-28.254E,42-12.336N,144.470903,42.205597,014.5,56.9,58,0,Under way using engine,2026-08-25 06:40:49,2026-08-24 22:40:49
144-28.580E,42-12.493N,144.47633,42.208222,014.8,52.8,58,0,Under way using engine,2026-08-25 06:42:01,2026-08-24 22:42:01
144-28.938E,42-12.666N,144.482307,42.211098,014.5,55,58,0,Under way using engine,2026-08-25 06:43:19,2026-08-24 22:43:19
144-29.300E,42-12.837N,144.488327,42.213952,014.7,56.6,58,0,Under way using engine,2026-08-25 06:44:37,2026-08-24 22:44:37
144-29.609E,42-12.984N,144.493478,42.216397,014.5,55.9,58,0,Under way using engine,2026-08-25 06:45:44,2026-08-24 22:45:44
144-30.564E,42-13.457N,144.509393,42.224282,014.6,55.8,57,0,Under way using engine,2026-08-25 06:49:14,2026-08-24 22:49:14
144-30.882E,42-13.616N,144.514692,42.226927,014.5,56.6,57,0,Under way using engine,2026-08-25 06:50:25,2026-08-24 22:50:25
144-31.397E,42-13.873N,144.523283,42.231213,014.7,56.5,57,0,Under way using engine,2026-08-25 06:52:19,2026-08-24 22:52:19
144-31.700E,42-14.024N,144.528332,42.233727,014.8,54.4,57,0,Under way using engine,2026-08-25 06:53:25,2026-08-24 22:53:25
144-32.055E,42-14.199N,144.534247,42.236647,014.6,55.2,57,0,Under way using engine,2026-08-25 06:54:43,2026-08-24 22:54:43
144-32.409E,42-14.374N,144.540148,42.23957,014.8,57,57,0,Under way using engine,2026-08-25 06:56:01,2026-08-24 22:56:01
144-32.738E,42-14.537N,144.545628,42.24228,014.6,56.1,57,0,Under way using engine,2026-08-25 06:57:14,2026-08-24 22:57:14
144-33.227E,42-14.777N,144.553787,42.246283,014.4,57.3,57,0,Under way using engine,2026-08-25 06:59:01,2026-08-24 22:59:01
144-33.558E,42-14.938N,144.5593,42.24897,014.8,55.1,57,0,Under way using engine,2026-08-25 07:00:13,2026-08-24 23:00:13
144-34.720E,42-15.501N,144.578663,42.258353,014.5,59.7,57,0,Under way using engine,2026-08-25 07:04:25,2026-08-24 23:04:25
144-35.713E,42-15.979N,144.595213,42.266313,014.7,57.3,57,0,Under way using engine,2026-08-25 07:08:01,2026-08-24 23:08:01
144-36.103E,42-16.168N,144.601712,42.26946,014.5,58.9,57,0,Under way using engine,2026-08-25 07:09:25,2026-08-24 23:09:25
144-36.428E,42-16.325N,144.60713,42.272088,014.6,56.5,57,0,Under way using engine,2026-08-25 07:10:37,2026-08-24 23:10:37
144-37.094E,42-16.650N,144.618227,42.277497,014.6,57,57,0,Under way using engine,2026-08-25 07:13:02,2026-08-24 23:13:02
144-37.420E,42-16.808N,144.623667,42.280125,014.5,56.7,57,0,Under way using engine,2026-08-25 07:14:14,2026-08-24 23:14:14
144-37.724E,42-16.955N,144.628735,42.282578,014.5,57.5,57,0,Under way using engine,2026-08-25 07:15:19,2026-08-24 23:15:19
144-38.028E,42-17.102N,144.633808,42.28504,014.5,56.2,57,0,Under way using engine,2026-08-25 07:16:25,2026-08-24 23:16:25
144-38.332E,42-17.250N,144.638865,42.2875,014.6,55.1,57,0,Under way using engine,2026-08-25 07:17:31,2026-08-24 23:17:31
144-38.663E,42-17.409N,144.644388,42.290148,014.6,56.3,57,0,Under way using engine,2026-08-25 07:18:43,2026-08-24 23:18:43
144-38.966E,42-17.555N,144.649437,42.29258,014.6,57.4,57,0,Under way using engine,2026-08-25 07:19:48,2026-08-24 23:19:48
144-39.270E,42-17.700N,144.654493,42.295005,014.4,58.6,57,0,Under way using engine,2026-08-25 07:20:55,2026-08-24 23:20:55
144-39.627E,42-17.874N,144.660457,42.297895,014.7,55.2,57,0,Under way using engine,2026-08-25 07:22:13,2026-08-24 23:22:13
144-39.931E,42-18.020N,144.66551,42.30034,014.4,55.6,57,0,Under way using engine,2026-08-25 07:23:19,2026-08-24 23:23:19
144-40.265E,42-18.183N,144.671078,42.303052,014.4,57.4,57,0,Under way using engine,2026-08-25 07:24:31,2026-08-24 23:24:31
144-40.585E,42-18.339N,144.676413,42.305657,014.5,56.6,57,0,Under way using engine,2026-08-25 07:25:43,2026-08-24 23:25:43
144-40.893E,42-18.488N,144.681545,42.308133,014.5,57.8,57,0,Under way using engine,2026-08-25 07:26:49,2026-08-24 23:26:49
144-41.195E,42-18.634N,144.686588,42.310565,014.6,57.8,57,0,Under way using engine,2026-08-25 07:27:54,2026-08-24 23:27:54
144-41.498E,42-18.781N,144.691632,42.313015,014.5,57.4,57,0,Under way using engine,2026-08-25 07:29:01,2026-08-24 23:29:01
144-41.801E,42-18.928N,144.696688,42.315473,014.6,54,57,0,Under way using engine,2026-08-25 07:30:07,2026-08-24 23:30:07
144-42.132E,42-19.090N,144.702198,42.318167,014.6,57.2,57,0,Under way using engine,2026-08-25 07:31:19,2026-08-24 23:31:19
144-42.436E,42-19.237N,144.707265,42.320623,014.6,57.9,57,0,Under way using engine,2026-08-25 07:32:25,2026-08-24 23:32:25
144-42.739E,42-19.386N,144.712322,42.323098,014.5,60.1,57,0,Under way using engine,2026-08-25 07:33:31,2026-08-24 23:33:31
144-43.069E,42-19.548N,144.717815,42.325807,014.7,53,57,0,Under way using engine,2026-08-25 07:34:42,2026-08-24 23:34:42
144-43.373E,42-19.698N,144.722875,42.328307,014.8,54.7,57,0,Under way using engine,2026-08-25 07:35:50,2026-08-24 23:35:50
144-43.677E,42-19.847N,144.727942,42.330788,014.7,55.8,57,0,Under way using engine,2026-08-25 07:36:55,2026-08-24 23:36:55
144-43.981E,42-19.997N,144.733012,42.333285,014.9,53.7,57,0,Under way using engine,2026-08-25 07:38:01,2026-08-24 23:38:01
144-44.288E,42-20.146N,144.738128,42.335767,015.0,56.6,57,0,Under way using engine,2026-08-25 07:39:07,2026-08-24 23:39:07
144-45.258E,42-20.625N,144.754302,42.343752,014.8,54.9,57,0,Under way using engine,2026-08-25 07:42:42,2026-08-24 23:42:42
144-45.647E,42-20.817N,144.760785,42.346958,014.9,56,57,0,Under way using engine,2026-08-25 07:44:01,2026-08-24 23:44:01
144-45.950E,42-20.970N,144.765837,42.349503,015.0,54.2,57,0,Under way using engine,2026-08-25 07:45:07,2026-08-24 23:45:07
144-46.254E,42-21.121N,144.770907,42.352022,014.8,57.6,57,0,Under way using engine,2026-08-25 07:46:13,2026-08-24 23:46:13
144-46.581E,42-21.284N,144.776343,42.354738,014.9,53.9,57,0,Under way using engine,2026-08-25 07:47:24,2026-08-24 23:47:24
144-46.917E,42-21.451N,144.781957,42.357522,014.8,56.5,57,0,Under way using engine,2026-08-25 07:48:38,2026-08-24 23:48:38
144-47.222E,42-21.603N,144.787032,42.360052,014.7,54.6,57,0,Under way using engine,2026-08-25 07:49:43,2026-08-24 23:49:43
144-47.580E,42-21.782N,144.793005,42.36304,014.8,55.2,57,0,Under way using engine,2026-08-25 07:51:01,2026-08-24 23:51:01
144-48.355E,42-22.169N,144.80592,42.36949,014.7,55.8,57,0,Under way using engine,2026-08-25 07:53:53,2026-08-24 23:53:53
144-48.799E,42-22.392N,144.813315,42.373193,014.8,57.7,57,0,Under way using engine,2026-08-25 07:55:25,2026-08-24 23:55:25
144-50.632E,42-23.317N,144.843868,42.38861,015.0,54.2,57,0,Under way using engine,2026-08-25 08:02:03,2026-08-25 00:02:03
144-53.387E,42-24.722N,144.889783,42.41204,014.8,54.7,57,0,Under way using engine,2026-08-25 08:12:01,2026-08-25 00:12:01
144-53.744E,42-24.903N,144.895725,42.415057,014.8,56.5,57,0,Under way using engine,2026-08-25 08:13:19,2026-08-25 00:13:19
144-54.044E,42-25.058N,144.900733,42.417632,014.7,55.2,57,0,Under way using engine,2026-08-25 08:14:25,2026-08-25 00:14:25
144-55.363E,42-25.730N,144.92272,42.428828,014.7,55.9,57,0,Under way using engine,2026-08-25 08:19:14,2026-08-25 00:19:14
144-55.879E,42-25.992N,144.931315,42.433208,014.6,58.1,57,0,Under way using engine,2026-08-25 08:21:07,2026-08-25 00:21:07
144-56.502E,42-26.313N,144.941697,42.438553,014.8,56.1,58,0,Under way using engine,2026-08-25 08:23:25,2026-08-25 00:23:25
144-56.836E,42-26.484N,144.94726,42.441402,014.7,56.4,57,0,Under way using engine,2026-08-25 08:24:38,2026-08-25 00:24:38
144-57.169E,42-26.656N,144.952815,42.444273,014.9,56.6,57,0,Under way using engine,2026-08-25 08:25:50,2026-08-25 00:25:50
144-57.489E,42-26.820N,144.958148,42.447007,014.6,55.9,57,0,Under way using engine,2026-08-25 08:27:01,2026-08-25 00:27:01
144-57.823E,42-26.992N,144.963713,42.449862,014.8,56.2,57,0,Under way using engine,2026-08-25 08:28:13,2026-08-25 00:28:13
144-58.491E,42-27.327N,144.97485,42.455455,014.7,58.8,59,0,Under way using engine,2026-08-25 08:30:47,2026-08-25 00:30:47
144-59.221E,42-27.671N,144.987015,42.461187,014.9,58.9,59,0,Under way using engine,2026-08-25 08:33:13,2026-08-25 00:33:13
144-59.613E,42-27.854N,144.993552,42.464237,014.8,56.6,59,0,Under way using engine,2026-08-25 08:34:36,2026-08-25 00:34:36
145-0.044E,42-28.055N,145.000728,42.46758,015.1,55.7,59,0,Under way using engine,2026-08-25 08:36:07,2026-08-25 00:36:07
145-0.353E,42-28.200N,145.005883,42.469992,014.9,59.3,59,0,Under way using engine,2026-08-25 08:37:13,2026-08-25 00:37:13
145-0.752E,42-28.386N,145.012532,42.473095,014.9,58.1,59,0,Under way using engine,2026-08-25 08:38:36,2026-08-25 00:38:36
145-1.182E,42-28.588N,145.019705,42.476472,014.9,56,59,0,Under way using engine,2026-08-25 08:40:08,2026-08-25 00:40:08
145-2.909E,42-29.414N,145.048477,42.490225,014.8,58.3,58,0,Under way using engine,2026-08-25 08:46:04,2026-08-25 00:46:04
145-5.762E,42-30.801N,145.096038,42.513347,015.1,53.7,58,0,Under way using engine,2026-08-25 08:56:26,2026-08-25 00:56:26
145-7.808E,42-31.787N,145.130133,42.529788,015.1,55.5,58,0,Under way using engine,2026-08-25 09:03:37,2026-08-25 01:03:37
145-9.940E,42-32.811N,145.165668,42.546858,015.1,54.6,58,0,Under way using engine,2026-08-25 09:11:01,2026-08-25 01:11:01
145-10.605E,42-33.129N,145.17675,42.552148,015.1,55.3,58,0,Under way using engine,2026-08-25 09:13:10,2026-08-25 01:13:10
145-11.721E,42-33.663N,145.195358,42.561045,015.2,58.2,58,0,Under way using engine,2026-08-25 09:17:16,2026-08-25 01:17:16
145-12.842E,42-34.195N,145.214027,42.56992,015.0,57.9,58,0,Under way using engine,2026-08-25 09:21:09,2026-08-25 01:21:09
145-13.735E,42-34.618N,145.228917,42.576963,015.3,56.6,58,0,Under way using engine,2026-08-25 09:24:13,2026-08-25 01:24:13
145-14.283E,42-34.877N,145.238058,42.581287,015.1,58.1,58,0,Under way using engine,2026-08-25 09:26:08,2026-08-25 01:26:08
145-16.332E,42-35.847N,145.272193,42.597445,015.3,56.5,58,0,Under way using engine,2026-08-25 09:33:19,2026-08-25 01:33:19
145-16.916E,42-36.121N,145.28194,42.602023,015.1,55.8,58,0,Under way using engine,2026-08-25 09:35:12,2026-08-25 01:35:12
145-18.449E,42-36.846N,145.307477,42.614108,014.9,59.4,58,0,Under way using engine,2026-08-25 09:40:22,2026-08-25 01:40:22
145-18.996E,42-37.108N,145.316602,42.618473,015.2,57.9,58,0,Under way using engine,2026-08-25 09:42:27,2026-08-25 01:42:27
145-19.659E,42-37.422N,145.327657,42.623708,015.1,57.5,58,0,Under way using engine,2026-08-25 09:44:46,2026-08-25 01:44:46
145-21.066E,42-38.086N,145.351092,42.634773,015.0,57,58,0,Under way using engine,2026-08-25 09:49:28,2026-08-25 01:49:28
145-22.943E,42-38.977N,145.382387,42.649618,015.1,57.5,58,0,Under way using engine,2026-08-25 09:56:12,2026-08-25 01:56:12
145-23.782E,42-39.376N,145.39637,42.65626,015.0,60,58,0,Under way using engine,2026-08-25 09:59:08,2026-08-25 01:59:08
145-24.101E,42-39.526N,145.401688,42.658772,015.4,53.1,58,0,Under way using engine,2026-08-25 10:00:08,2026-08-25 02:00:08
145-25.608E,42-40.235N,145.426803,42.67058,015.3,57.3,58,0,Under way using engine,2026-08-25 10:05:25,2026-08-25 02:05:25
145-26.055E,42-40.438N,145.434247,42.673965,015.2,57.5,60,0,Under way using engine,2026-08-25 10:06:53,2026-08-25 02:06:53
145-27.429E,42-41.033N,145.457158,42.683887,015.1,60.5,59,0,Under way using engine,2026-08-25 10:11:24,2026-08-25 02:11:24
145-28.764E,42-41.635N,145.479393,42.693913,015.4,58,59,0,Under way using engine,2026-08-25 10:15:59,2026-08-25 02:15:59
145-30.129E,42-42.257N,145.502145,42.704275,015.2,62.8,59,0,Under way using engine,2026-08-25 10:20:30,2026-08-25 02:20:30
145-31.644E,42-42.996N,145.527405,42.716608,015.6,54,56,0,Under way using engine,2026-08-25 10:25:35,2026-08-25 02:25:35
145-33.561E,42-43.969N,145.559353,42.732815,015.6,58,56,0,Under way using engine,2026-08-25 10:32:26,2026-08-25 02:32:26
145-34.741E,42-44.558N,145.579013,42.742637,015.5,55,56,0,Under way using engine,2026-08-25 10:36:20,2026-08-25 02:36:20
145-35.973E,42-45.177N,145.599552,42.752943,015.7,53,55,0,Under way using engine,2026-08-25 10:40:34,2026-08-25 02:40:34
145-36.588E,42-45.490N,145.609795,42.75817,015.8,53,55,0,Under way using engine,2026-08-25 10:42:43,2026-08-25 02:42:43
145-38.072E,42-46.258N,145.634527,42.770973,015.9,53.4,54,0,Under way using engine,2026-08-25 10:47:41,2026-08-25 02:47:41
145-40.734E,42-47.634N,145.678905,42.793892,015.9,54.5,54,0,Under way using engine,2026-08-25 10:56:42,2026-08-25 02:56:42
145-42.332E,42-48.450N,145.705532,42.807498,016.1,54.3,54,0,Under way using engine,2026-08-25 11:01:58,2026-08-25 03:01:58
145-43.440E,42-49.009N,145.723997,42.81681,016.0,56.3,54,0,Under way using engine,2026-08-25 11:05:48,2026-08-25 03:05:48
145-45.478E,42-50.039N,145.757972,42.833975,016.1,55.1,54,0,Under way using engine,2026-08-25 11:12:38,2026-08-25 03:12:38
145-46.630E,42-50.616N,145.777168,42.843598,016.1,56.2,54,0,Under way using engine,2026-08-25 11:16:27,2026-08-25 03:16:27
145-49.365E,42-51.963N,145.822753,42.866048,016.1,58.8,54,0,Under way using engine,2026-08-25 11:25:19,2026-08-25 03:25:19
145-51.014E,42-52.777N,145.850238,42.879618,016.3,55.6,54,0,Under way using engine,2026-08-25 11:30:46,2026-08-25 03:30:46
145-52.980E,42-53.736N,145.882997,42.895598,015.8,54.5,54,0,Under way using engine,2026-08-25 11:37:16,2026-08-25 03:37:16
145-53.366E,42-53.924N,145.889432,42.898727,015.9,54.4,54,0,Under way using engine,2026-08-25 11:38:22,2026-08-25 03:38:22
145-55.611E,42-55.021N,145.92685,42.917018,015.8,55,54,0,Under way using engine,2026-08-25 11:46:05,2026-08-25 03:46:05
145-56.478E,42-55.446N,145.941293,42.924102,015.6,57,54,0,Under way using engine,2026-08-25 11:48:57,2026-08-25 03:48:57
145-59.752E,42-57.278N,145.995862,42.95463,015.6,52.2,50,0,Under way using engine,2026-08-25 12:00:41,2026-08-25 04:00:41
146-1.546E,42-58.299N,146.025772,42.971645,015.5,53.5,50,0,Under way using engine,2026-08-25 12:07:03,2026-08-25 04:07:03
146-3.009E,42-59.115N,146.050143,42.985248,015.4,49.9,50,0,Under way using engine,2026-08-25 12:12:21,2026-08-25 04:12:21
146-3.706E,42-59.500N,146.061768,42.991672,015.3,51.2,50,0,Under way using engine,2026-08-25 12:14:34,2026-08-25 04:14:34
146-5.115E,43-0.226N,146.085247,43.00377,015.2,59.2,54,0,Under way using engine,2026-08-25 12:19:39,2026-08-25 04:19:39
146-6.348E,43-0.809N,146.105802,43.013485,015.4,58.4,59,0,Under way using engine,2026-08-25 12:23:39,2026-08-25 04:23:39
146-9.129E,43-1.913N,146.15215,43.031888,015.6,60.7,59,0,Under way using engine,2026-08-25 12:32:40,2026-08-25 04:32:40
146-13.590E,43-3.654N,146.226492,43.060892,015.2,61.8,59,0,Under way using engine,2026-08-25 12:47:23,2026-08-25 04:47:23
146-13.931E,43-3.786N,146.232182,43.063105,015.0,61.6,59,0,Under way using engine,2026-08-25 12:48:26,2026-08-25 04:48:26
146-14.673E,43-4.109N,146.244555,43.06849,015.1,57.1,55,0,Under way using engine,2026-08-25 12:50:46,2026-08-25 04:50:46
146-16.396E,43-4.915N,146.273263,43.081918,015.0,54.9,52,0,Under way using engine,2026-08-25 12:56:56,2026-08-25 04:56:56
146-17.265E,43-5.361N,146.28775,43.089343,015.1,53.9,52,0,Under way using engine,2026-08-25 12:59:46,2026-08-25 04:59:46
146-21.075E,43-7.323N,146.351257,43.122042,015.0,54,52,0,Under way using engine,2026-08-25 13:13:27,2026-08-25 05:13:27
146-24.903E,43-9.327N,146.415055,43.15545,015.0,55,52,0,Under way using engine,2026-08-25 13:26:51,2026-08-25 05:26:51
146-25.666E,43-9.718N,146.427762,43.161973,015.0,56.9,52,0,Under way using engine,2026-08-25 13:29:46,2026-08-25 05:29:46
146-26.139E,43-9.963N,146.435655,43.166052,015.1,55.1,52,0,Under way using engine,2026-08-25 13:31:26,2026-08-25 05:31:26
146-27.447E,43-10.640N,146.45745,43.177338,015.1,53.2,52,0,Under way using engine,2026-08-25 13:35:52,2026-08-25 05:35:52
146-30.771E,43-12.330N,146.512852,43.205503,015.1,55.2,52,0,Under way using engine,2026-08-25 13:47:43,2026-08-25 05:47:43
146-31.964E,43-12.934N,146.532733,43.21556,015.1,57.3,52,0,Under way using engine,2026-08-25 13:51:51,2026-08-25 05:51:51
146-32.441E,43-13.177N,146.54069,43.219618,015.0,54.6,52,0,Under way using engine,2026-08-25 13:53:33,2026-08-25 05:53:33
146-35.133E,43-14.580N,146.585547,43.242992,014.7,52.9,52,0,Under way using engine,2026-08-25 14:02:58,2026-08-25 06:02:58
146-36.233E,43-15.109N,146.603885,43.25182,014.8,60.8,54,0,Under way using engine,2026-08-25 14:07:00,2026-08-25 06:07:00
146-37.713E,43-15.800N,146.628553,43.26334,014.7,57,55,0,Under way using engine,2026-08-25 14:12:03,2026-08-25 06:12:03
146-41.874E,43-17.662N,146.697893,43.29436,014.8,61.5,58,0,Under way using engine,2026-08-25 14:26:33,2026-08-25 06:26:33
146-42.467E,43-17.908N,146.70778,43.298463,015.0,59.3,59,0,Under way using engine,2026-08-25 14:28:33,2026-08-25 06:28:33
146-45.642E,43-19.224N,146.760695,43.320407,014.4,60.6,58,0,Under way using engine,2026-08-25 14:39:10,2026-08-25 06:39:10
146-48.225E,43-20.336N,146.803748,43.338927,014.4,57,53,0,Under way using engine,2026-08-25 14:48:16,2026-08-25 06:48:16
146-50.641E,43-21.555N,146.84401,43.359242,014.3,51.4,51,0,Under way using engine,2026-08-25 14:57:16,2026-08-25 06:57:16
146-55.520E,43-24.164N,146.925333,43.402732,014.9,51.5,52,0,Under way using engine,2026-08-25 15:15:28,2026-08-25 07:15:28
146-56.331E,43-24.596N,146.938843,43.409932,014.8,52.5,51,0,Under way using engine,2026-08-25 15:18:42,2026-08-25 07:18:42
146-58.034E,43-25.454N,146.967227,43.42424,014.7,58.6,53,0,Under way using engine,2026-08-25 15:24:34,2026-08-25 07:24:34
147-0.083E,43-26.468N,147.00139,43.441137,014.7,54.8,53,0,Under way using engine,2026-08-25 15:32:04,2026-08-25 07:32:04
147-1.175E,43-27.010N,147.019583,43.450162,014.7,55,53,0,Under way using engine,2026-08-25 15:35:59,2026-08-25 07:35:59
147-3.743E,43-28.283N,147.062387,43.471385,014.7,56.6,54,0,Under way using engine,2026-08-25 15:45:08,2026-08-25 07:45:08
147-5.654E,43-29.227N,147.094228,43.487122,015.0,52.5,54,0,Under way using engine,2026-08-25 15:51:46,2026-08-25 07:51:46
147-6.509E,43-29.647N,147.10848,43.494115,015.0,55.4,54,0,Under way using engine,2026-08-25 15:54:56,2026-08-25 07:54:56
147-10.635E,43-31.541N,147.177253,43.525688,015.0,53.4,54,0,Under way using engine,2026-08-25 16:09:03,2026-08-25 08:09:03
147-11.796E,43-32.091N,147.196602,43.534847,015.3,57.3,55,0,Under way using engine,2026-08-25 16:13:03,2026-08-25 08:13:03
147-12.355E,43-32.353N,147.205917,43.539223,015.2,56.8,55,0,Under way using engine,2026-08-25 16:14:58,2026-08-25 08:14:58
147-14.279E,43-33.263N,147.23799,43.554378,015.3,57.1,55,12,Under way using engine,2026-08-25 16:21:40,2026-08-25 08:21:40
147-20.313E,43-36.069N,147.338557,43.601142,015.2,53.9,53,12,Under way using engine,2026-08-25 16:42:16,2026-08-25 08:42:16
147-22.881E,43-37.323N,147.381357,43.622047,015.1,58.3,53,0,Under way using engine,2026-08-25 16:51:01,2026-08-25 08:51:01
147-24.108E,43-37.913N,147.401795,43.631878,015.1,58,53,0,Under way using engine,2026-08-25 16:55:06,2026-08-25 08:55:06
147-29.237E,43-40.421N,147.487285,43.673688,014.9,55.6,52,0,Under way using engine,2026-08-25 17:13:06,2026-08-25 09:13:06
147-35.557E,43-43.539N,147.592613,43.725643,014.7,51.7,52,0,Under way using engine,2026-08-25 17:35:33,2026-08-25 09:35:33
147-37.797E,43-44.647N,147.629947,43.74412,014.7,55.3,52,0,Under way using engine,2026-08-25 17:43:33,2026-08-25 09:43:33
147-39.146E,43-45.319N,147.652432,43.755322,015.1,55.7,52,0,Under way using engine,2026-08-25 17:48:23,2026-08-25 09:48:23
147-39.829E,43-45.656N,147.663817,43.760925,014.9,54.8,52,0,Under way using engine,2026-08-25 17:50:48,2026-08-25 09:50:48
147-42.968E,43-47.108N,147.71613,43.785125,014.8,57.3,54,0,Under way using engine,2026-08-25 18:01:37,2026-08-25 10:01:37
147-43.316E,43-47.263N,147.721925,43.78772,014.8,58.6,54,0,Under way using engine,2026-08-25 18:02:49,2026-08-25 10:02:49
147-43.783E,43-47.471N,147.729713,43.791185,014.9,55.7,54,0,Under way using engine,2026-08-25 18:04:25,2026-08-25 10:04:25
147-44.102E,43-47.618N,147.735027,43.793637,015.0,55.5,54,0,Under way using engine,2026-08-25 18:05:31,2026-08-25 10:05:31
147-44.426E,43-47.769N,147.740433,43.796143,015.1,56,54,0,Under way using engine,2026-08-25 18:06:37,2026-08-25 10:06:37
147-44.741E,43-47.914N,147.745678,43.798567,015.0,57.8,54,0,Under way using engine,2026-08-25 18:07:44,2026-08-25 10:07:44
147-45.088E,43-48.075N,147.751473,43.801258,015.0,55.8,54,0,Under way using engine,2026-08-25 18:08:55,2026-08-25 10:08:55
147-45.409E,43-48.223N,147.756817,43.803718,014.9,56.6,54,0,Under way using engine,2026-08-25 18:10:01,2026-08-25 10:10:01
147-45.730E,43-48.371N,147.762162,43.806177,014.8,54.7,54,0,Under way using engine,2026-08-25 18:11:07,2026-08-25 10:11:07
147-46.056E,43-48.519N,147.767592,43.808658,015.1,57.1,54,0,Under way using engine,2026-08-25 18:12:14,2026-08-25 10:12:14
147-46.372E,43-48.662N,147.772868,43.811032,014.9,58.3,54,0,Under way using engine,2026-08-25 18:13:19,2026-08-25 10:13:19
147-46.692E,43-48.808N,147.778195,43.813462,015.0,54.6,54,0,Under way using engine,2026-08-25 18:14:25,2026-08-25 10:14:25
147-47.016E,43-48.956N,147.783598,43.815925,015.0,58.1,53,0,Under way using engine,2026-08-25 18:15:32,2026-08-25 10:15:32
147-47.327E,43-49.104N,147.788788,43.8184,015.0,56.2,52,0,Under way using engine,2026-08-25 18:16:38,2026-08-25 10:16:38
147-47.638E,43-49.258N,147.793973,43.82097,015.0,53.6,52,0,Under way using engine,2026-08-25 18:17:43,2026-08-25 10:17:43
147-47.949E,43-49.415N,147.799142,43.823577,015.0,54,52,0,Under way using engine,2026-08-25 18:18:49,2026-08-25 10:18:49
147-48.320E,43-49.601N,147.805332,43.82668,014.9,56.5,52,0,Under way using engine,2026-08-25 18:20:08,2026-08-25 10:20:08
147-48.628E,43-49.754N,147.81047,43.829235,015.0,54.7,52,0,Under way using engine,2026-08-25 18:21:14,2026-08-25 10:21:14
147-48.969E,43-49.925N,147.816143,43.832082,015.1,53.8,52,0,Under way using engine,2026-08-25 18:22:25,2026-08-25 10:22:25
147-49.335E,43-50.110N,147.822242,43.835163,014.8,54.6,52,0,Under way using engine,2026-08-25 18:23:43,2026-08-25 10:23:43
147-49.644E,43-50.264N,147.827398,43.837733,014.7,56.8,52,0,Under way using engine,2026-08-25 18:24:49,2026-08-25 10:24:49
147-50.004E,43-50.445N,147.833403,43.840752,014.7,57.2,52,0,Under way using engine,2026-08-25 18:26:07,2026-08-25 10:26:07
147-50.321E,43-50.606N,147.838688,43.843437,014.7,53.7,52,0,Under way using engine,2026-08-25 18:27:14,2026-08-25 10:27:14
147-50.625E,43-50.761N,147.843755,43.846015,014.9,55.9,52,0,Under way using engine,2026-08-25 18:28:19,2026-08-25 10:28:19
147-50.935E,43-50.919N,147.848923,43.848648,014.9,55.2,52,0,Under way using engine,2026-08-25 18:29:25,2026-08-25 10:29:25
147-51.251E,43-51.077N,147.854178,43.85129,014.9,54,52,0,Under way using engine,2026-08-25 18:30:31,2026-08-25 10:30:31
147-55.709E,43-53.251N,147.92848,43.887522,014.9,59.1,54,0,Under way using engine,2026-08-25 18:46:03,2026-08-25 10:46:03
148-5.045E,43-57.629N,148.084083,43.96049,014.5,57.4,54,0,Under way using engine,2026-08-25 19:18:37,2026-08-25 11:18:37
148-8.591E,43-59.303N,148.143175,43.988388,014.9,57.2,54,0,Under way using engine,2026-08-25 19:30:50,2026-08-25 11:30:50
148-8.973E,43-59.483N,148.149542,43.991385,014.9,58.2,54,0,Under way using engine,2026-08-25 19:32:09,2026-08-25 11:32:09
148-12.672E,44-1.300N,148.211203,44.02167,015.1,52,53,12,Under way using engine,2026-08-25 19:45:00,2026-08-25 11:45:00
148-13.247E,44-1.584N,148.220788,44.026392,015.0,55.1,53,0,Under way using engine,2026-08-25 19:47:02,2026-08-25 11:47:02
148-14.253E,44-2.078N,148.237542,44.034638,015.0,58.3,53,0,Under way using engine,2026-08-25 19:50:30,2026-08-25 11:50:30
148-15.177E,44-2.531N,148.252952,44.042187,015.0,54.2,53,0,Under way using engine,2026-08-25 19:53:41,2026-08-25 11:53:41
148-15.584E,44-2.733N,148.259737,44.045552,015.1,57.1,53,0,Under way using engine,2026-08-25 19:55:09,2026-08-25 11:55:09
148-16.098E,44-2.987N,148.268308,44.049775,015.2,52.7,53,0,Under way using engine,2026-08-25 19:56:51,2026-08-25 11:56:51
148-18.438E,44-4.136N,148.307305,44.068927,015.4,53.6,54,0,Under way using engine,2026-08-25 20:04:55,2026-08-25 12:04:55
148-19.169E,44-4.497N,148.319488,44.074957,015.2,57.3,54,0,Under way using engine,2026-08-25 20:07:25,2026-08-25 12:07:25
148-19.521E,44-4.666N,148.32535,44.077768,015.2,56.6,54,0,Under way using engine,2026-08-25 20:08:45,2026-08-25 12:08:45
148-21.079E,44-5.410N,148.351318,44.090163,015.2,57.1,54,0,Under way using engine,2026-08-25 20:14:03,2026-08-25 12:14:03
148-22.748E,44-6.206N,148.379138,44.103428,015.3,58.7,54,0,Under way using engine,2026-08-25 20:19:41,2026-08-25 12:19:41
148-23.134E,44-6.386N,148.385573,44.10643,015.2,57.8,54,0,Under way using engine,2026-08-25 20:20:57,2026-08-25 12:20:57
148-23.527E,44-6.571N,148.392113,44.10952,015.5,55.5,54,0,Under way using engine,2026-08-25 20:22:17,2026-08-25 12:22:17
148-24.893E,44-7.217N,148.414877,44.120282,015.4,57.5,54,0,Under way using engine,2026-08-25 20:26:54,2026-08-25 12:26:54
148-26.127E,44-7.798N,148.43545,44.129962,015.5,57.4,54,0,Under way using engine,2026-08-25 20:31:04,2026-08-25 12:31:04
148-26.490E,44-7.969N,148.441492,44.13281,015.8,58,54,0,Under way using engine,2026-08-25 20:32:13,2026-08-25 12:32:13
148-28.127E,44-8.746N,148.468775,44.145773,015.8,58.4,54,0,Under way using engine,2026-08-25 20:37:37,2026-08-25 12:37:37
148-28.859E,44-9.087N,148.480982,44.151448,015.5,57.3,54,0,Under way using engine,2026-08-25 20:39:59,2026-08-25 12:39:59
148-34.199E,44-11.531N,148.56998,44.192185,015.6,57.2,52,0,Under way using engine,2026-08-25 20:57:29,2026-08-25 12:57:29
148-42.788E,44-15.695N,148.71314,44.26158,015.4,56.4,52,0,Under way using engine,2026-08-25 21:26:27,2026-08-25 13:26:27
148-43.734E,44-16.143N,148.728902,44.26905,015.1,55.3,53,0,Under way using engine,2026-08-25 21:29:41,2026-08-25 13:29:41
148-44.230E,44-16.369N,148.737162,44.272823,015.0,62.3,53,0,Under way using engine,2026-08-25 21:31:22,2026-08-25 13:31:22
148-50.175E,44-19.196N,148.836247,44.31994,015.0,55.1,52,0,Under way using engine,2026-08-25 21:51:38,2026-08-25 13:51:38
148-50.786E,44-19.497N,148.846427,44.324958,015.1,54.1,52,0,Under way using engine,2026-08-25 21:53:47,2026-08-25 13:53:47
148-52.073E,44-20.125N,148.867883,44.33542,015.1,58,52,0,Under way using engine,2026-08-25 21:58:08,2026-08-25 13:58:08
148-52.538E,44-20.353N,148.875633,44.339223,015.1,52.9,52,12,Under way using engine,2026-08-25 21:59:48,2026-08-25 13:59:48
148-52.917E,44-20.538N,148.881955,44.342298,015.0,57.3,52,0,Under way using engine,2026-08-25 22:01:05,2026-08-25 14:01:05
148-54.893E,44-21.491N,148.914882,44.358182,015.0,55.4,52,0,Under way using engine,2026-08-25 22:07:54,2026-08-25 14:07:54
148-55.282E,44-21.679N,148.92137,44.361322,013.7,57.7,52,0,Under way using engine,2026-08-25 22:09:18,2026-08-25 14:09:18
148-55.954E,44-21.999N,148.932568,44.366658,014.6,58.2,52,0,Under way using engine,2026-08-25 22:11:44,2026-08-25 14:11:44
148-57.880E,44-22.907N,148.96467,44.381785,015.1,55.4,53,0,Under way using engine,2026-08-25 22:18:15,2026-08-25 14:18:15
148-58.476E,44-23.187N,148.974603,44.386442,015.4,56,52,0,Under way using engine,2026-08-25 22:20:18,2026-08-25 14:20:18
149-5.536E,44-26.531N,149.092262,44.442183,015.6,57.8,51,0,Under way using engine,2026-08-25 22:44:01,2026-08-25 14:44:01
149-7.965E,44-27.678N,149.132742,44.461302,015.4,55.4,52,0,Under way using engine,2026-08-25 22:51:55,2026-08-25 14:51:55
149-10.933E,44-29.080N,149.18222,44.484667,015.4,58.1,52,0,Under way using engine,2026-08-25 23:01:45,2026-08-25 15:01:45
149-13.843E,44-30.469N,149.230722,44.50781,014.9,53.7,50,12,Under way using engine,2026-08-25 23:11:29,2026-08-25 15:11:29
149-17.996E,44-32.558N,149.299925,44.542627,014.8,54.3,54,0,Under way using engine,2026-08-25 23:26:18,2026-08-25 15:26:18
149-20.442E,44-33.684N,149.340698,44.561393,014.8,52.6,54,0,Under way using engine,2026-08-25 23:34:40,2026-08-25 15:34:40
149-23.874E,44-35.310N,149.397907,44.588498,014.6,58.3,54,0,Under way using engine,2026-08-25 23:46:40,2026-08-25 15:46:40
149-24.774E,44-35.739N,149.412908,44.595653,014.9,61.1,54,0,Under way using engine,2026-08-25 23:49:52,2026-08-25 15:49:52
149-25.787E,44-36.227N,149.429775,44.603778,014.7,56.5,54,0,Under way using engine,2026-08-25 23:53:28,2026-08-25 15:53:28
149-26.318E,44-36.486N,149.438637,44.608107,014.3,57,54,0,Under way using engine,2026-08-25 23:55:24,2026-08-25 15:55:24
149-26.676E,44-36.660N,149.444608,44.611005,014.3,57.2,54,0,Under way using engine,2026-08-25 23:56:41,2026-08-25 15:56:41
149-28.346E,44-37.493N,149.472435,44.624882,014.5,54.7,54,0,Under way using engine,2026-08-26 00:02:37,2026-08-25 16:02:37
149-31.293E,44-38.829N,149.521542,44.647152,014.6,59.4,58,0,Under way using engine,2026-08-26 00:12:55,2026-08-25 16:12:55
149-32.163E,44-39.212N,149.536042,44.653525,014.8,59.4,58,0,Under way using engine,2026-08-26 00:15:55,2026-08-25 16:15:55
149-32.815E,44-39.503N,149.546912,44.658375,014.6,57.9,58,0,Under way using engine,2026-08-26 00:18:10,2026-08-25 16:18:10
149-33.122E,44-39.637N,149.552035,44.660612,014.3,58.6,58,0,Under way using engine,2026-08-26 00:19:15,2026-08-25 16:19:15
149-33.647E,44-39.872N,149.560775,44.664527,014.4,57.9,58,0,Under way using engine,2026-08-26 00:21:07,2026-08-25 16:21:07
149-36.123E,44-41.062N,149.602055,44.684363,014.8,55.6,56,0,Under way using engine,2026-08-26 00:29:54,2026-08-25 16:29:54
149-37.294E,44-41.640N,149.621568,44.693995,014.3,55.3,56,0,Under way using engine,2026-08-26 00:34:09,2026-08-25 16:34:09
149-38.109E,44-42.036N,149.635152,44.700607,014.5,56.7,56,0,Under way using engine,2026-08-26 00:36:59,2026-08-25 16:36:59
149-38.675E,44-42.308N,149.644588,44.705133,014.7,56.9,57,0,Under way using engine,2026-08-26 00:38:59,2026-08-25 16:38:59
149-40.984E,44-43.375N,149.683067,44.722913,014.6,57.2,57,0,Under way using engine,2026-08-26 00:47:03,2026-08-25 16:47:03
149-50.156E,44-47.693N,149.83594,44.79489,015.3,55.3,55,0,Under way using engine,2026-08-26 01:18:33,2026-08-25 17:18:33
149-50.780E,44-47.994N,149.846328,44.799907,015.5,56.2,55,0,Under way using engine,2026-08-26 01:20:33,2026-08-25 17:20:33
149-53.439E,44-49.286N,149.890657,44.82143,015.2,56.5,56,0,Under way using engine,2026-08-26 01:29:34,2026-08-25 17:29:34
149-54.990E,44-50.015N,149.916503,44.833585,015.2,54,56,0,Under way using engine,2026-08-26 01:34:53,2026-08-25 17:34:53
149-58.541E,44-51.665N,149.975678,44.861078,014.9,59,58,0,Under way using engine,2026-08-26 01:46:45,2026-08-25 17:46:45
150-1.178E,44-52.891N,150.01963,44.881522,014.8,55.8,57,0,Under way using engine,2026-08-26 01:55:49,2026-08-25 17:55:49
150-1.784E,44-53.183N,150.02974,44.886375,014.7,56,57,0,Under way using engine,2026-08-26 01:57:53,2026-08-25 17:57:53
150-4.116E,44-54.278N,150.068602,44.904627,014.9,56,56,0,Under way using engine,2026-08-26 02:05:50,2026-08-25 18:05:50
150-4.610E,44-54.513N,150.07684,44.908557,015.0,54.4,56,12,Under way using engine,2026-08-26 02:07:31,2026-08-25 18:07:31
150-5.393E,44-54.886N,150.08988,44.914767,014.8,57.6,56,0,Under way using engine,2026-08-26 02:10:16,2026-08-25 18:10:16
150-7.378E,44-55.806N,150.122962,44.9301,014.7,53.1,55,0,Under way using engine,2026-08-26 02:17:03,2026-08-25 18:17:03
150-7.840E,44-56.025N,150.130668,44.933742,014.6,56.5,55,0,Under way using engine,2026-08-26 02:18:38,2026-08-25 18:18:38
150-8.933E,44-56.527N,150.148887,44.942113,014.7,56.5,55,0,Under way using engine,2026-08-26 02:22:28,2026-08-25 18:22:28
150-10.398E,44-57.170N,150.173302,44.952837,014.9,58.3,55,0,Under way using engine,2026-08-26 02:27:29,2026-08-25 18:27:29
150-10.753E,44-57.324N,150.179213,44.9554,014.7,58.1,54,0,Under way using engine,2026-08-26 02:28:39,2026-08-25 18:28:39
150-11.840E,44-57.840N,150.197332,44.964002,014.5,54,52,0,Under way using engine,2026-08-26 02:32:29,2026-08-25 18:32:29
150-12.377E,44-58.098N,150.206285,44.968298,014.7,55.5,52,0,Under way using engine,2026-08-26 02:34:19,2026-08-25 18:34:19
150-13.117E,44-58.456N,150.21861,44.974267,014.6,56.9,52,0,Under way using engine,2026-08-26 02:36:56,2026-08-25 18:36:56
150-13.710E,44-58.747N,150.228505,44.979122,014.3,54.5,52,0,Under way using engine,2026-08-26 02:39:01,2026-08-25 18:39:01
150-14.830E,44-59.302N,150.24717,44.98837,014.5,57.3,52,0,Under way using engine,2026-08-26 02:43:06,2026-08-25 18:43:06
150-15.335E,44-59.552N,150.25559,44.992533,014.8,54.4,53,0,Under way using engine,2026-08-26 02:44:49,2026-08-25 18:44:49
150-15.786E,44-59.774N,150.263092,44.996233,014.6,54.4,52,0,Under way using engine,2026-08-26 02:46:26,2026-08-25 18:46:26
150-16.265E,45-0.008N,150.271085,45.000137,014.7,56,52,0,Under way using engine,2026-08-26 02:48:07,2026-08-25 18:48:07
150-17.210E,45-0.460N,150.286827,45.007667,014.7,55.1,52,0,Under way using engine,2026-08-26 02:51:27,2026-08-25 18:51:27
150-17.553E,45-0.622N,150.292545,45.010372,014.7,55.6,52,0,Under way using engine,2026-08-26 02:52:42,2026-08-25 18:52:42
150-17.927E,45-0.796N,150.298785,45.013273,014.6,56.4,52,0,Under way using engine,2026-08-26 02:53:55,2026-08-25 18:53:55
150-18.424E,45-1.026N,150.30707,45.017095,014.8,57,52,0,Under way using engine,2026-08-26 02:55:40,2026-08-25 18:55:40
150-19.470E,45-1.500N,150.324507,45.024992,015.1,56.4,52,0,Under way using engine,2026-08-26 02:59:12,2026-08-25 18:59:12
150-19.824E,45-1.667N,150.330397,45.027787,014.8,54.6,52,0,Under way using engine,2026-08-26 03:00:30,2026-08-25 19:00:30
150-20.410E,45-1.944N,150.340165,45.032403,015.1,53,53,0,Under way using engine,2026-08-26 03:02:27,2026-08-25 19:02:27
150-22.019E,45-2.688N,150.366975,45.044803,015.0,57.1,52,0,Under way using engine,2026-08-26 03:07:54,2026-08-25 19:07:54
150-22.321E,45-2.830N,150.372022,45.047163,015.2,59.1,52,0,Under way using engine,2026-08-26 03:08:53,2026-08-25 19:08:53
150-22.915E,45-3.109N,150.381915,45.051818,014.9,56.2,52,0,Under way using engine,2026-08-26 03:10:54,2026-08-25 19:10:54
150-24.016E,45-3.624N,150.40027,45.060403,015.1,54.2,51,0,Under way using engine,2026-08-26 03:14:31,2026-08-25 19:14:31
150-24.708E,45-3.967N,150.4118,45.066115,015.2,56.3,51,0,Under way using engine,2026-08-26 03:17:01,2026-08-25 19:17:01
150-25.184E,45-4.202N,150.419733,45.070032,015.3,53.6,51,0,Under way using engine,2026-08-26 03:18:34,2026-08-25 19:18:34
150-25.360E,45-4.290N,150.422673,45.071493,015.4,54.7,51,0,Under way using engine,2026-08-26 03:19:06,2026-08-25 19:19:06
150-25.859E,45-4.542N,150.430985,45.075692,015.0,54.3,51,0,Under way using engine,2026-08-26 03:20:51,2026-08-25 19:20:51
150-27.141E,45-5.192N,150.452358,45.086532,015.4,54.1,52,12,Under way using engine,2026-08-26 03:25:13,2026-08-25 19:25:13
150-27.951E,45-5.586N,150.465842,45.093102,015.5,53.6,53,0,Under way using engine,2026-08-26 03:27:59,2026-08-25 19:27:59
150-28.761E,45-5.961N,150.479357,45.099355,015.1,58.6,54,0,Under way using engine,2026-08-26 03:30:42,2026-08-25 19:30:42
150-29.067E,45-6.096N,150.484453,45.101603,015.2,59.1,54,0,Under way using engine,2026-08-26 03:31:42,2026-08-25 19:31:42
150-29.498E,45-6.284N,150.491625,45.104725,015.5,58.6,54,0,Under way using engine,2026-08-26 03:33:04,2026-08-25 19:33:04
150-30.476E,45-6.723N,150.50793,45.112048,015.2,56.4,54,0,Under way using engine,2026-08-26 03:36:21,2026-08-25 19:36:21
150-31.081E,45-6.996N,150.518017,45.116595,015.2,57.7,54,0,Under way using engine,2026-08-26 03:38:13,2026-08-25 19:38:13
150-32.185E,45-7.504N,150.536423,45.125062,015.3,59,54,0,Under way using engine,2026-08-26 03:42:00,2026-08-25 19:42:00
150-35.294E,45-8.951N,150.58823,45.14918,015.3,56,54,0,Under way using engine,2026-08-26 03:52:11,2026-08-25 19:52:11
150-36.888E,45-9.682N,150.614797,45.161367,014.9,59.2,54,0,Under way using engine,2026-08-26 03:57:45,2026-08-25 19:57:45
150-37.650E,45-10.033N,150.627492,45.167223,014.8,56.3,53,0,Under way using engine,2026-08-26 04:00:23,2026-08-25 20:00:23
150-38.003E,45-10.202N,150.633378,45.170037,015.0,53.3,52,0,Under way using engine,2026-08-26 04:01:22,2026-08-25 20:01:22
150-43.000E,45-12.601N,150.716668,45.210017,014.7,59,52,0,Under way using engine,2026-08-26 04:18:39,2026-08-25 20:18:39
150-43.586E,45-12.875N,150.726425,45.214583,014.8,54.3,52,0,Under way using engine,2026-08-26 04:20:38,2026-08-25 20:20:38
150-46.286E,45-14.142N,150.771428,45.235692,014.4,54.8,52,0,Under way using engine,2026-08-26 04:29:56,2026-08-25 20:29:56
150-47.292E,45-14.611N,150.788208,45.24351,014.7,55,52,0,Under way using engine,2026-08-26 04:33:28,2026-08-25 20:33:28
150-49.315E,45-15.575N,150.82192,45.259587,014.6,54.3,52,0,Under way using engine,2026-08-26 04:40:28,2026-08-25 20:40:28
150-51.881E,45-16.793N,150.864683,45.279882,014.6,55,52,0,Under way using engine,2026-08-26 04:49:20,2026-08-25 20:49:20
150-52.877E,45-17.272N,150.881287,45.287872,014.5,55,53,12,Under way using engine,2026-08-26 04:52:51,2026-08-25 20:52:51
150-53.468E,45-17.555N,150.891133,45.29259,014.4,54.1,52,0,Under way using engine,2026-08-26 04:54:54,2026-08-25 20:54:54
150-53.832E,45-17.730N,150.897208,45.295502,014.3,57.7,52,0,Under way using engine,2026-08-26 04:56:15,2026-08-25 20:56:15
150-56.468E,45-19.024N,150.94113,45.317062,014.6,54.7,52,0,Under way using engine,2026-08-26 05:05:39,2026-08-25 21:05:39
150-58.222E,45-19.901N,150.970372,45.331688,014.6,56.7,52,0,Under way using engine,2026-08-26 05:11:58,2026-08-25 21:11:58
150-58.749E,45-20.166N,150.979147,45.336105,014.6,57.5,52,0,Under way using engine,2026-08-26 05:13:50,2026-08-25 21:13:50
150-59.085E,45-20.337N,150.984753,45.338943,014.6,52,52,0,Under way using engine,2026-08-26 05:15:02,2026-08-25 21:15:02
150-59.512E,45-20.551N,150.991873,45.342522,014.3,54.6,51,0,Under way using engine,2026-08-26 05:16:32,2026-08-25 21:16:32
151-0.239E,45-20.918N,151.003977,45.34864,014.5,53.7,52,0,Under way using engine,2026-08-26 05:19:10,2026-08-25 21:19:10
151-0.664E,45-21.132N,151.01106,45.352203,014.3,54.7,52,0,Under way using engine,2026-08-26 05:20:42,2026-08-25 21:20:42
151-2.084E,45-21.819N,151.034727,45.363658,014.8,54,55,0,Under way using engine,2026-08-26 05:25:36,2026-08-25 21:25:36
151-2.751E,45-22.122N,151.045847,45.368697,014.6,54.7,54,0,Under way using engine,2026-08-26 05:27:46,2026-08-25 21:27:46
151-6.111E,45-23.672N,151.101855,45.39454,014.2,56.3,54,0,Under way using engine,2026-08-26 05:39:43,2026-08-25 21:39:43
151-6.944E,45-24.058N,151.115733,45.400967,013.9,56.6,54,0,Under way using engine,2026-08-26 05:42:44,2026-08-25 21:42:44
151-7.117E,45-24.137N,151.11862,45.402278,014.1,57.3,53,0,Under way using engine,2026-08-26 05:43:20,2026-08-25 21:43:20
151-10.078E,45-25.481N,151.16797,45.424675,014.0,58.5,57,0,Under way using engine,2026-08-26 05:53:53,2026-08-25 21:53:53
151-10.455E,45-25.640N,151.174258,45.427338,014.2,59.8,57,0,Under way using engine,2026-08-26 05:54:58,2026-08-25 21:54:58
151-13.435E,45-26.887N,151.22391,45.448118,014.4,61.8,56,0,Under way using engine,2026-08-26 06:05:24,2026-08-25 22:05:24
151-13.633E,45-26.971N,151.227218,45.449518,014.2,61.2,55,0,Under way using engine,2026-08-26 06:06:07,2026-08-25 22:06:07
151-15.306E,45-27.746N,151.255095,45.46244,014.4,55.6,54,0,Under way using engine,2026-08-26 06:12:02,2026-08-25 22:12:02
151-16.475E,45-28.301N,151.27459,45.47169,014.1,55.8,54,0,Under way using engine,2026-08-26 06:16:14,2026-08-25 22:16:14
151-17.316E,45-28.693N,151.288593,45.478218,014.2,55.1,54,0,Under way using engine,2026-08-26 06:19:13,2026-08-25 22:19:13
151-18.144E,45-29.071N,151.3024,45.48451,014.1,58.4,54,0,Under way using engine,2026-08-26 06:22:07,2026-08-25 22:22:07
151-19.759E,45-29.836N,151.329323,45.497272,014.5,55,54,0,Under way using engine,2026-08-26 06:27:49,2026-08-25 22:27:49
151-20.764E,45-30.305N,151.346073,45.505078,014.7,58.6,55,0,Under way using engine,2026-08-26 06:31:10,2026-08-25 22:31:10
151-21.599E,45-30.700N,151.359982,45.511667,014.7,56.9,56,0,Under way using engine,2026-08-26 06:34:13,2026-08-25 22:34:13
151-22.871E,45-31.284N,151.381182,45.521408,014.5,57.3,56,0,Under way using engine,2026-08-26 06:38:38,2026-08-25 22:38:38
151-23.711E,45-31.673N,151.39518,45.52788,014.7,55,56,0,Under way using engine,2026-08-26 06:41:30,2026-08-25 22:41:30
151-25.367E,45-32.429N,151.422785,45.54048,014.1,54.8,56,0,Under way using engine,2026-08-26 06:47:22,2026-08-25 22:47:22
151-26.663E,45-32.997N,151.444377,45.54995,014.3,56.6,56,0,Under way using engine,2026-08-26 06:51:51,2026-08-25 22:51:51
151-27.094E,45-33.180N,151.451563,45.553007,014.1,62.1,56,0,Under way using engine,2026-08-26 06:53:20,2026-08-25 22:53:20
151-28.095E,45-33.604N,151.468243,45.560063,014.1,60.1,55,0,Under way using engine,2026-08-26 06:56:54,2026-08-25 22:56:54
151-28.845E,45-33.929N,151.480752,45.565483,014.2,60.4,54,0,Under way using engine,2026-08-26 06:59:31,2026-08-25 22:59:31
151-31.341E,45-35.227N,151.522352,45.58712,014.3,51.2,51,12,Under way using engine,2026-08-26 07:08:33,2026-08-25 23:08:33
151-32.196E,45-35.667N,151.536603,45.594447,014.5,56.5,53,0,Under way using engine,2026-08-26 07:11:40,2026-08-25 23:11:40
151-32.660E,45-35.879N,151.544338,45.597977,014.4,57.5,54,0,Under way using engine,2026-08-26 07:13:13,2026-08-25 23:13:13
151-33.577E,45-36.289N,151.559618,45.60482,014.6,55.8,54,0,Under way using engine,2026-08-26 07:16:21,2026-08-25 23:16:21
151-33.986E,45-36.479N,151.566428,45.607975,014.7,58.8,54,0,Under way using engine,2026-08-26 07:17:42,2026-08-25 23:17:42
151-35.593E,45-37.233N,151.59321,45.620558,014.5,55.5,54,0,Under way using engine,2026-08-26 07:23:20,2026-08-25 23:23:20
151-36.506E,45-37.664N,151.608433,45.62773,014.6,55.1,54,0,Under way using engine,2026-08-26 07:26:33,2026-08-25 23:26:33
151-37.031E,45-37.913N,151.61718,45.63188,014.6,56.4,54,0,Under way using engine,2026-08-26 07:28:20,2026-08-25 23:28:20
151-37.462E,45-38.120N,151.624373,45.635325,014.6,56.8,54,0,Under way using engine,2026-08-26 07:29:53,2026-08-25 23:29:53
151-37.981E,45-38.366N,151.63301,45.639437,014.6,55.8,54,0,Under way using engine,2026-08-26 07:31:28,2026-08-25 23:31:28
151-39.491E,45-39.071N,151.65818,45.65119,014.6,57.6,54,0,Under way using engine,2026-08-26 07:36:49,2026-08-25 23:36:49
151-39.520E,45-39.085N,151.658662,45.651418,014.7,55.2,54,0,Under way using engine,2026-08-26 07:36:56,2026-08-25 23:36:56
151-41.337E,45-39.940N,151.688943,45.665663,014.6,55.2,54,0,Under way using engine,2026-08-26 07:43:13,2026-08-25 23:43:13
151-41.389E,45-39.965N,151.68982,45.666077,014.5,55.3,54,0,Under way using engine,2026-08-26 07:43:25,2026-08-25 23:43:25
151-42.437E,45-40.453N,151.707278,45.674223,014.5,54.4,56,0,Under way using engine,2026-08-26 07:47:02,2026-08-25 23:47:02
151-43.427E,45-40.901N,151.723787,45.681675,014.7,55.7,56,0,Under way using engine,2026-08-26 07:50:31,2026-08-25 23:50:31
151-44.490E,45-41.373N,151.741502,45.689553,014.6,60.2,56,0,Under way using engine,2026-08-26 07:53:59,2026-08-25 23:53:59
151-47.127E,45-42.579N,151.785457,45.709648,014.4,57.7,56,0,Under way using engine,2026-08-26 08:02:59,2026-08-26 00:02:59
151-48.792E,45-43.333N,151.813192,45.72221,014.6,54.6,56,0,Under way using engine,2026-08-26 08:08:43,2026-08-26 00:08:43
151-49.026E,45-43.438N,151.817103,45.723972,015.0,53.7,56,0,Under way using engine,2026-08-26 08:09:32,2026-08-26 00:09:32
151-51.064E,45-44.346N,151.851073,45.739097,014.7,58.8,56,0,Under way using engine,2026-08-26 08:16:27,2026-08-26 00:16:27
151-51.982E,45-44.737N,151.866368,45.745622,014.9,59.3,55,0,Under way using engine,2026-08-26 08:19:35,2026-08-26 00:19:35
151-52.366E,45-44.906N,151.87277,45.748432,014.8,58.2,56,0,Under way using engine,2026-08-26 08:20:41,2026-08-26 00:20:41
151-55.212E,45-46.101N,151.920205,45.76835,014.7,57.7,56,0,Under way using engine,2026-08-26 08:30:17,2026-08-26 00:30:17
151-56.206E,45-46.511N,151.93676,45.775175,014.7,58.7,56,0,Under way using engine,2026-08-26 08:33:37,2026-08-26 00:33:37
151-56.631E,45-46.689N,151.943842,45.778158,014.6,57.6,56,0,Under way using engine,2026-08-26 08:35:03,2026-08-26 00:35:03
151-57.909E,45-47.232N,151.965148,45.787207,015.0,57.8,57,0,Under way using engine,2026-08-26 08:39:18,2026-08-26 00:39:18
152-0.174E,45-48.320N,152.002907,45.80533,014.5,54.2,51,0,Under way using engine,2026-08-26 08:47:16,2026-08-26 00:47:16
152-0.508E,45-48.494N,152.008462,45.808237,014.7,52.2,51,12,Under way using engine,2026-08-26 08:48:24,2026-08-26 00:48:24
152-1.664E,45-49.100N,152.027727,45.81834,014.5,54.2,51,0,Under way using engine,2026-08-26 08:52:43,2026-08-26 00:52:43
152-5.561E,45-51.088N,152.092677,45.851463,014.5,52.1,52,0,Under way using engine,2026-08-26 09:06:35,2026-08-26 01:06:35
152-7.510E,45-52.039N,152.125167,45.86731,014.9,57.2,52,0,Under way using engine,2026-08-26 09:13:32,2026-08-26 01:13:32
152-8.158E,45-52.344N,152.135968,45.872392,014.8,55.2,52,0,Under way using engine,2026-08-26 09:15:36,2026-08-26 01:15:36
152-9.718E,45-53.081N,152.161972,45.884682,015.0,56.2,52,0,Under way using engine,2026-08-26 09:20:56,2026-08-26 01:20:56
152-10.301E,45-53.367N,152.171688,45.889452,014.8,52.2,52,0,Under way using engine,2026-08-26 09:23:01,2026-08-26 01:23:01
152-10.799E,45-53.612N,152.179983,45.89353,015.0,52.7,52,0,Under way using engine,2026-08-26 09:24:36,2026-08-26 01:24:36
152-13.670E,45-55.028N,152.227837,45.917133,015.2,53.9,54,0,Under way using engine,2026-08-26 09:34:26,2026-08-26 01:34:26
152-14.932E,45-55.611N,152.24886,45.926858,015.1,56,54,0,Under way using engine,2026-08-26 09:38:51,2026-08-26 01:38:51
152-15.848E,45-56.048N,152.264125,45.93414,014.8,55.8,53,0,Under way using engine,2026-08-26 09:41:47,2026-08-26 01:41:47
152-16.174E,45-56.210N,152.269572,45.936827,015.3,54.9,54,0,Under way using engine,2026-08-26 09:42:47,2026-08-26 01:42:47
152-16.411E,45-56.323N,152.273515,45.938722,014.9,58.1,55,0,Under way using engine,2026-08-26 09:43:38,2026-08-26 01:43:38
152-16.944E,45-56.573N,152.282398,45.942883,015.1,56.5,56,0,Under way using engine,2026-08-26 09:45:26,2026-08-26 01:45:26
152-18.655E,45-57.349N,152.310913,45.955823,015.1,60.6,57,0,Under way using engine,2026-08-26 09:51:04,2026-08-26 01:51:04
152-19.548E,45-57.740N,152.3258,45.962333,015.1,58.1,57,0,Under way using engine,2026-08-26 09:53:53,2026-08-26 01:53:53
152-20.005E,45-57.938N,152.33342,45.96564,015.4,55.3,57,0,Under way using engine,2026-08-26 09:55:16,2026-08-26 01:55:16
152-22.541E,45-59.037N,152.37568,45.983958,015.4,61.3,57,0,Under way using engine,2026-08-26 10:03:30,2026-08-26 02:03:30
152-24.864E,46-0.023N,152.414395,46.000388,015.7,60.2,57,0,Under way using engine,2026-08-26 10:10:51,2026-08-26 02:10:51
152-25.407E,46-0.249N,152.423447,46.004143,015.9,56.5,57,12,Under way using engine,2026-08-26 10:12:30,2026-08-26 02:12:30
152-27.755E,46-1.227N,152.462583,46.020458,015.3,58.1,57,0,Under way using engine,2026-08-26 10:19:57,2026-08-26 02:19:57
152-28.596E,46-1.584N,152.476598,46.026402,015.3,58.6,57,0,Under way using engine,2026-08-26 10:22:37,2026-08-26 02:22:37
152-31.199E,46-2.726N,152.519987,46.04544,015.2,56.4,57,0,Under way using engine,2026-08-26 10:31:04,2026-08-26 02:31:04
152-33.897E,46-3.927N,152.564958,46.065457,015.2,57.5,57,0,Under way using engine,2026-08-26 10:39:41,2026-08-26 02:39:41
152-36.446E,46-5.067N,152.607425,46.084442,015.6,57.5,57,0,Under way using engine,2026-08-26 10:47:56,2026-08-26 02:47:56
152-37.192E,46-5.402N,152.619863,46.090025,015.4,58.5,57,0,Under way using engine,2026-08-26 10:50:21,2026-08-26 02:50:21
152-39.273E,46-6.390N,152.65455,46.106497,015.8,54.2,55,0,Under way using engine,2026-08-26 10:57:03,2026-08-26 02:57:03
152-41.048E,46-7.291N,152.684135,46.12151,015.8,52.2,53,0,Under way using engine,2026-08-26 11:02:54,2026-08-26 03:02:54
152-42.267E,46-7.943N,152.704455,46.13238,015.6,53.7,53,0,Under way using engine,2026-08-26 11:06:53,2026-08-26 03:06:53
152-43.167E,46-8.421N,152.719445,46.140343,015.5,53,53,0,Under way using engine,2026-08-26 11:09:55,2026-08-26 03:09:55
152-43.257E,46-8.469N,152.720943,46.141145,015.7,52.3,53,0,Under way using engine,2026-08-26 11:10:15,2026-08-26 03:10:15
152-43.708E,46-8.706N,152.728472,46.145097,015.7,53.8,53,0,Under way using engine,2026-08-26 11:11:43,2026-08-26 03:11:43
152-44.619E,46-9.171N,152.743653,46.152845,015.5,55.9,52,0,Under way using engine,2026-08-26 11:14:43,2026-08-26 03:14:43
152-45.011E,46-9.373N,152.750182,46.156223,015.4,56.9,53,0,Under way using engine,2026-08-26 11:16:00,2026-08-26 03:16:00
152-45.251E,46-9.499N,152.754185,46.158315,015.7,51.2,53,0,Under way using engine,2026-08-26 11:16:50,2026-08-26 03:16:50
152-49.292E,46-11.325N,152.82153,46.188745,015.4,57.6,59,0,Under way using engine,2026-08-26 11:29:55,2026-08-26 03:29:55
152-49.481E,46-11.406N,152.824675,46.190097,015.3,57.1,58,0,Under way using engine,2026-08-26 11:30:37,2026-08-26 03:30:37
152-50.361E,46-11.798N,152.839343,46.196627,015.6,57.7,57,0,Under way using engine,2026-08-26 11:33:21,2026-08-26 03:33:21
152-51.188E,46-12.179N,152.853137,46.202983,015.3,57.3,58,0,Under way using engine,2026-08-26 11:36:07,2026-08-26 03:36:07
152-51.528E,46-12.330N,152.858802,46.205495,015.4,54.7,57,0,Under way using engine,2026-08-26 11:37:10,2026-08-26 03:37:10
152-52.920E,46-12.958N,152.882003,46.215963,015.3,54.8,55,0,Under way using engine,2026-08-26 11:41:41,2026-08-26 03:41:41
152-53.427E,46-13.207N,152.890448,46.220112,015.4,54.6,55,0,Under way using engine,2026-08-26 11:43:17,2026-08-26 03:43:17
152-53.816E,46-13.401N,152.896925,46.223352,015.6,53.7,56,0,Under way using engine,2026-08-26 11:44:39,2026-08-26 03:44:39
152-56.168E,46-14.539N,152.936135,46.242322,015.5,51.9,55,0,Under way using engine,2026-08-26 11:52:18,2026-08-26 03:52:18
152-57.377E,46-15.122N,152.956275,46.25204,016.0,54.7,55,0,Under way using engine,2026-08-26 11:56:14,2026-08-26 03:56:14
152-57.842E,46-15.346N,152.964038,46.255767,015.7,55.2,55,0,Under way using engine,2026-08-26 11:57:48,2026-08-26 03:57:48
152-59.274E,46-16.047N,152.987905,46.267442,015.7,55.6,56,0,Under way using engine,2026-08-26 12:02:23,2026-08-26 04:02:23
152-59.593E,46-16.201N,152.99321,46.270017,015.9,54.3,55,0,Under way using engine,2026-08-26 12:03:22,2026-08-26 04:03:22
153-0.022E,46-16.410N,153.000362,46.273498,015.8,56.1,55,0,Under way using engine,2026-08-26 12:04:45,2026-08-26 04:04:45
153-0.723E,46-16.752N,153.012042,46.2792,016.1,54.8,55,0,Under way using engine,2026-08-26 12:06:56,2026-08-26 04:06:56
153-1.569E,46-17.175N,153.026143,46.286252,016.2,53.8,55,0,Under way using engine,2026-08-26 12:09:39,2026-08-26 04:09:39
153-4.008E,46-18.408N,153.066807,46.306798,016.0,55.2,56,0,Under way using engine,2026-08-26 12:17:28,2026-08-26 04:17:28
153-4.669E,46-18.732N,153.077818,46.312208,016.2,52.1,55,0,Under way using engine,2026-08-26 12:19:30,2026-08-26 04:19:30
153-6.517E,46-19.682N,153.10862,46.328038,016.2,53.1,56,0,Under way using engine,2026-08-26 12:25:42,2026-08-26 04:25:42
153-7.016E,46-19.935N,153.116932,46.332242,016.0,54.9,55,0,Under way using engine,2026-08-26 12:27:10,2026-08-26 04:27:10
153-7.830E,46-20.347N,153.1305,46.339123,016.3,54.3,55,0,Under way using engine,2026-08-26 12:29:44,2026-08-26 04:29:44
153-7.862E,46-20.363N,153.13103,46.33938,016.3,55.3,55,0,Under way using engine,2026-08-26 12:29:49,2026-08-26 04:29:49
153-11.702E,46-22.175N,153.195038,46.369588,015.8,59.7,59,0,Under way using engine,2026-08-26 12:41:50,2026-08-26 04:41:50
153-13.544E,46-22.959N,153.225728,46.382655,015.8,59.9,59,0,Under way using engine,2026-08-26 12:47:33,2026-08-26 04:47:33
153-14.578E,46-23.390N,153.24296,46.389833,015.7,55.9,59,12,Under way using engine,2026-08-26 12:50:49,2026-08-26 04:50:49
153-16.033E,46-24.008N,153.267215,46.400137,015.2,57.3,59,0,Under way using engine,2026-08-26 12:55:20,2026-08-26 04:55:20
153-16.920E,46-24.387N,153.281995,46.406458,015.7,57.5,59,0,Under way using engine,2026-08-26 12:58:10,2026-08-26 04:58:10
153-19.037E,46-25.287N,153.317277,46.421453,015.4,58.9,59,0,Under way using engine,2026-08-26 13:04:48,2026-08-26 05:04:48
153-21.787E,46-26.462N,153.363115,46.441033,015.3,56.8,59,0,Under way using engine,2026-08-26 13:13:33,2026-08-26 05:13:33
153-22.688E,46-26.847N,153.378135,46.447458,016.0,57.2,59,0,Under way using engine,2026-08-26 13:16:23,2026-08-26 05:16:23
153-23.020E,46-26.988N,153.38367,46.449802,016.1,57.8,60,0,Under way using engine,2026-08-26 13:17:23,2026-08-26 05:17:23
153-23.977E,46-27.392N,153.39962,46.456527,016.4,56,59,0,Under way using engine,2026-08-26 13:20:18,2026-08-26 05:20:18
153-25.297E,46-27.939N,153.421622,46.465655,015.9,57.3,59,0,Under way using engine,2026-08-26 13:24:14,2026-08-26 05:24:14
153-29.242E,46-29.777N,153.487368,46.496278,015.5,48.7,48,0,Under way using engine,2026-08-26 13:36:51,2026-08-26 05:36:51
153-30.064E,46-30.331N,153.50106,46.505513,016.0,40.8,36,0,Under way using engine,2026-08-26 13:39:52,2026-08-26 05:39:52
153-32.285E,46-32.714N,153.538088,46.54524,015.8,30.5,31,0,Under way using engine,2026-08-26 13:50:31,2026-08-26 05:50:31
153-32.712E,46-33.191N,153.545192,46.553185,016.1,28.9,31,0,Under way using engine,2026-08-26 13:52:36,2026-08-26 05:52:36
153-33.047E,46-33.557N,153.55078,46.559283,015.9,30.9,32,0,Under way using engine,2026-08-26 13:54:11,2026-08-26 05:54:11
153-33.896E,46-34.443N,153.564925,46.57405,016.0,34,32,0,Under way using engine,2026-08-26 13:58:11,2026-08-26 05:58:11
153-34.260E,46-34.817N,153.570998,46.580275,016.0,33.7,32,0,Under way using engine,2026-08-26 13:59:49,2026-08-26 05:59:49
153-36.100E,46-36.690N,153.60166,46.611495,016.3,35.4,31,0,Under way using engine,2026-08-26 14:08:14,2026-08-26 06:08:14
153-36.844E,46-37.437N,153.614073,46.623953,016.1,35,32,0,Under way using engine,2026-08-26 14:11:40,2026-08-26 06:11:40
153-38.182E,46-38.748N,153.636362,46.645792,016.0,34.3,32,0,Under way using engine,2026-08-26 14:17:45,2026-08-26 06:17:45
153-38.742E,46-39.292N,153.6457,46.65486,015.8,33.7,32,0,Under way using engine,2026-08-26 14:20:08,2026-08-26 06:20:08
153-40.190E,46-40.688N,153.669835,46.678127,015.7,36.8,32,0,Under way using engine,2026-08-26 14:26:40,2026-08-26 06:26:40
153-42.342E,46-42.827N,153.7057,46.713777,015.4,35.8,30,0,Under way using engine,2026-08-26 14:36:38,2026-08-26 06:36:38
153-45.115E,46-45.835N,153.75191,46.763918,015.6,33.4,27,0,Under way using engine,2026-08-26 14:50:17,2026-08-26 06:50:17
153-45.734E,46-46.554N,153.762225,46.775898,015.8,32.9,27,0,Under way using engine,2026-08-26 14:53:23,2026-08-26 06:53:23
153-47.479E,46-48.596N,153.791313,46.809932,015.6,30.6,27,0,Under way using engine,2026-08-26 15:02:29,2026-08-26 07:02:29
153-48.893E,46-50.229N,153.814885,46.837142,015.8,33.1,27,0,Under way using engine,2026-08-26 15:09:47,2026-08-26 07:09:47
153-49.368E,46-50.779N,153.822808,46.846318,015.7,29.6,27,0,Under way using engine,2026-08-26 15:12:10,2026-08-26 07:12:10
153-50.333E,46-51.912N,153.838877,46.865207,015.7,29.5,28,0,Under way using engine,2026-08-26 15:17:14,2026-08-26 07:17:14
153-51.851E,46-53.694N,153.864178,46.894907,016.1,30.3,27,0,Under way using engine,2026-08-26 15:24:57,2026-08-26 07:24:57
153-52.980E,46-55.025N,153.882997,46.917082,015.6,31.9,27,0,Under way using engine,2026-08-26 15:30:54,2026-08-26 07:30:54
153-53.831E,46-56.005N,153.897178,46.933417,015.4,32.3,27,0,Under way using engine,2026-08-26 15:35:17,2026-08-26 07:35:17
153-54.449E,46-56.718N,153.90748,46.945292,015.3,30.6,28,0,Under way using engine,2026-08-26 15:38:27,2026-08-26 07:38:27
153-55.184E,46-57.504N,153.919733,46.958408,015.3,33.5,28,0,Under way using engine,2026-08-26 15:42:11,2026-08-26 07:42:11
153-55.657E,46-58.026N,153.927617,46.967092,015.4,32.1,29,0,Under way using engine,2026-08-26 15:44:32,2026-08-26 07:44:32
153-56.204E,46-58.616N,153.936735,46.976938,015.3,31.7,28,0,Under way using engine,2026-08-26 15:47:19,2026-08-26 07:47:19
153-56.993E,46-59.459N,153.94988,46.990988,015.4,34.7,28,0,Under way using engine,2026-08-26 15:51:10,2026-08-26 07:51:10
153-58.048E,47-0.576N,153.967468,47.0096,015.3,34.5,28,0,Under way using engine,2026-08-26 15:56:21,2026-08-26 07:56:21
153-59.740E,47-2.462N,153.995662,47.041027,015.5,30.3,28,0,Under way using engine,2026-08-26 16:04:59,2026-08-26 08:04:59
154-0.366E,47-3.169N,154.006108,47.052823,015.4,29.7,28,0,Under way using engine,2026-08-26 16:08:10,2026-08-26 08:08:10
154-0.956E,47-3.850N,154.015928,47.064172,015.2,32.3,28,0,Under way using engine,2026-08-26 16:11:19,2026-08-26 08:11:19
154-1.688E,47-4.715N,154.028132,47.078582,015.5,31.7,29,0,Under way using engine,2026-08-26 16:15:06,2026-08-26 08:15:06
154-3.115E,47-6.388N,154.05192,47.106473,015.9,31.6,30,0,Under way using engine,2026-08-26 16:22:33,2026-08-26 08:22:33
154-3.822E,47-7.173N,154.063705,47.119557,015.8,30.8,30,0,Under way using engine,2026-08-26 16:26:03,2026-08-26 08:26:03
154-4.103E,47-7.487N,154.06838,47.124788,015.7,32.2,30,0,Under way using engine,2026-08-26 16:27:27,2026-08-26 08:27:27
154-6.210E,47-9.674N,154.103497,47.161228,015.3,34.4,30,0,Under way using engine,2026-08-26 16:37:26,2026-08-26 08:37:26
154-6.820E,47-10.290N,154.113672,47.171507,015.6,32.9,30,0,Under way using engine,2026-08-26 16:40:21,2026-08-26 08:40:21
154-8.010E,47-11.459N,154.1335,47.190982,015.5,34.5,30,0,Under way using engine,2026-08-26 16:45:53,2026-08-26 08:45:53
154-9.391E,47-12.897N,154.156523,47.214952,015.2,33,30,0,Under way using engine,2026-08-26 16:52:39,2026-08-26 08:52:39
154-9.869E,47-13.408N,154.16448,47.22347,015.5,32.8,30,0,Under way using engine,2026-08-26 16:55:03,2026-08-26 08:55:03
154-11.007E,47-14.618N,154.183445,47.243635,015.7,32.1,30,0,Under way using engine,2026-08-26 17:00:40,2026-08-26 09:00:40
154-11.436E,47-15.080N,154.190595,47.25134,015.6,30.5,30,0,Under way using engine,2026-08-26 17:02:45,2026-08-26 09:02:45
154-13.650E,47-17.591N,154.227493,47.293187,015.2,30.7,27,0,Under way using engine,2026-08-26 17:14:15,2026-08-26 09:14:15
154-13.922E,47-17.920N,154.232025,47.298668,015.3,28.4,28,0,Under way using engine,2026-08-26 17:15:44,2026-08-26 09:15:44
154-14.464E,47-18.562N,154.241063,47.309365,015.3,29.2,29,0,Under way using engine,2026-08-26 17:18:37,2026-08-26 09:18:37
154-15.084E,47-19.292N,154.251405,47.32154,015.6,30.3,28,0,Under way using engine,2026-08-26 17:21:58,2026-08-26 09:21:58
154-15.294E,47-19.537N,154.254905,47.325613,015.3,31.5,29,0,Under way using engine,2026-08-26 17:23:01,2026-08-26 09:23:01
154-15.602E,47-19.894N,154.26004,47.331567,015.5,29.9,29,0,Under way using engine,2026-08-26 17:24:39,2026-08-26 09:24:39
154-16.027E,47-20.383N,154.267112,47.339723,015.6,29.2,29,0,Under way using engine,2026-08-26 17:26:49,2026-08-26 09:26:49
154-16.341E,47-20.744N,154.272353,47.345727,015.6,32.5,29,0,Under way using engine,2026-08-26 17:28:29,2026-08-26 09:28:29
154-17.477E,47-22.023N,154.291285,47.367043,015.9,29.4,29,0,Under way using engine,2026-08-26 17:34:08,2026-08-26 09:34:08
154-18.070E,47-22.680N,154.30116,47.378,015.4,32.1,29,0,Under way using engine,2026-08-26 17:37:04,2026-08-26 09:37:04
154-19.305E,47-24.020N,154.321747,47.40033,015.5,29.8,29,0,Under way using engine,2026-08-26 17:43:09,2026-08-26 09:43:09
154-19.855E,47-24.601N,154.330918,47.410018,015.4,31.7,29,0,Under way using engine,2026-08-26 17:45:50,2026-08-26 09:45:50
154-20.608E,47-25.384N,154.343465,47.42306,015.2,36.5,29,0,Under way using engine,2026-08-26 17:49:27,2026-08-26 09:49:27
154-21.228E,47-26.023N,154.353803,47.433723,015.5,33.9,29,0,Under way using engine,2026-08-26 17:52:29,2026-08-26 09:52:29
154-21.774E,47-26.610N,154.362908,47.443508,015.1,31.1,29,0,Under way using engine,2026-08-26 17:55:08,2026-08-26 09:55:08
154-23.004E,47-27.907N,154.383408,47.465117,014.7,30.5,29,0,Under way using engine,2026-08-26 18:01:22,2026-08-26 10:01:22
154-23.966E,47-28.930N,154.399435,47.482168,015.0,33.7,29,0,Under way using engine,2026-08-26 18:06:13,2026-08-26 10:06:13
154-25.370E,47-30.391N,154.422832,47.506512,015.2,32.4,27,0,Under way using engine,2026-08-26 18:13:09,2026-08-26 10:13:09
154-25.943E,47-31.025N,154.432378,47.51708,015.5,32.2,26,0,Under way using engine,2026-08-26 18:16:05,2026-08-26 10:16:05
154-26.661E,47-31.892N,154.444357,47.531532,015.6,30.5,28,0,Under way using engine,2026-08-26 18:19:52,2026-08-26 10:19:52
154-27.021E,47-32.327N,154.450343,47.538787,015.6,28.7,27,0,Under way using engine,2026-08-26 18:21:48,2026-08-26 10:21:48
154-29.468E,47-35.089N,154.491135,47.584812,014.6,32.1,31,0,Under way using engine,2026-08-26 18:34:50,2026-08-26 10:34:50
154-29.936E,47-35.560N,154.498925,47.592668,014.8,32.3,31,0,Under way using engine,2026-08-26 18:37:09,2026-08-26 10:37:09
154-30.495E,47-36.116N,154.508245,47.601937,013.7,35.2,31,0,Under way using engine,2026-08-26 18:40:08,2026-08-26 10:40:08
154-30.816E,47-36.428N,154.513608,47.60714,014.7,35.9,31,0,Under way using engine,2026-08-26 18:41:49,2026-08-26 10:41:49
154-31.470E,47-37.136N,154.524495,47.618932,015.3,26.4,27,0,Under way using engine,2026-08-26 18:45:05,2026-08-26 10:45:05
154-32.207E,47-38.022N,154.536775,47.633692,015.1,31.9,30,0,Under way using engine,2026-08-26 18:49:04,2026-08-26 10:49:04
154-33.996E,47-39.959N,154.566605,47.66599,015.3,30.3,31,0,Under way using engine,2026-08-26 18:58:03,2026-08-26 10:58:03
154-34.511E,47-40.531N,154.57518,47.675518,015.2,33.6,31,0,Under way using engine,2026-08-26 19:00:43,2026-08-26 11:00:43
154-35.180E,47-41.292N,154.586332,47.688198,015.2,29.8,31,0,Under way using engine,2026-08-26 19:04:11,2026-08-26 11:04:11
154-35.633E,47-41.822N,154.593887,47.697025,015.3,32.9,32,0,Under way using engine,2026-08-26 19:06:36,2026-08-26 11:06:36
154-36.060E,47-42.280N,154.600995,47.704668,015.2,31.4,32,0,Under way using engine,2026-08-26 19:08:40,2026-08-26 11:08:40
154-36.898E,47-43.169N,154.614965,47.719485,015.0,33.1,32,0,Under way using engine,2026-08-26 19:12:49,2026-08-26 11:12:49
154-37.380E,47-43.682N,154.623,47.728028,015.1,32.3,32,0,Under way using engine,2026-08-26 19:15:17,2026-08-26 11:15:17
154-37.753E,47-44.085N,154.629218,47.734752,015.0,31.4,32,0,Under way using engine,2026-08-26 19:17:09,2026-08-26 11:17:09
154-38.128E,47-44.489N,154.635465,47.741482,015.0,30.8,32,0,Under way using engine,2026-08-26 19:19:07,2026-08-26 11:19:07
154-38.616E,47-45.010N,154.643593,47.750163,014.7,30.6,32,0,Under way using engine,2026-08-26 19:21:31,2026-08-26 11:21:31
154-39.270E,47-45.698N,154.654492,47.761628,014.7,33,32,0,Under way using engine,2026-08-26 19:24:52,2026-08-26 11:24:52
154-39.898E,47-46.359N,154.664962,47.772645,014.8,30.4,32,0,Under way using engine,2026-08-26 19:28:05,2026-08-26 11:28:05
154-40.704E,47-47.183N,154.678402,47.786387,014.7,34.3,32,0,Under way using engine,2026-08-26 19:32:05,2026-08-26 11:32:05
154-41.110E,47-47.592N,154.685172,47.793195,014.8,32.3,32,0,Under way using engine,2026-08-26 19:34:02,2026-08-26 11:34:02
154-41.482E,47-47.954N,154.691362,47.799228,014.9,35,32,0,Under way using engine,2026-08-26 19:35:52,2026-08-26 11:35:52
154-42.369E,47-48.826N,154.706152,47.813773,014.8,34,32,0,Under way using engine,2026-08-26 19:40:08,2026-08-26 11:40:08
154-43.232E,47-49.670N,154.720535,47.827835,014.7,33.2,32,12,Under way using engine,2026-08-26 19:44:13,2026-08-26 11:44:13
154-43.612E,47-50.033N,154.726867,47.833875,014.7,33.6,31,0,Under way using engine,2026-08-26 19:46:02,2026-08-26 11:46:02
154-44.552E,47-51.003N,154.74254,47.850048,015.0,33.9,30,0,Under way using engine,2026-08-26 19:50:47,2026-08-26 11:50:47
154-45.124E,47-51.611N,154.752063,47.860178,015.0,35.9,30,0,Under way using engine,2026-08-26 19:53:38,2026-08-26 11:53:38
154-46.095E,47-52.621N,154.768252,47.877017,015.0,32.4,30,0,Under way using engine,2026-08-26 19:58:27,2026-08-26 11:58:27
154-46.478E,47-53.018N,154.774628,47.883632,015.3,32.9,30,0,Under way using engine,2026-08-26 20:00:23,2026-08-26 12:00:23
154-47.286E,47-53.873N,154.7881,47.897882,015.0,31.5,30,0,Under way using engine,2026-08-26 20:04:20,2026-08-26 12:04:20
154-47.325E,47-53.915N,154.788758,47.898587,014.9,31.7,30,0,Under way using engine,2026-08-26 20:04:32,2026-08-26 12:04:32
154-47.919E,47-54.557N,154.798653,47.90928,015.1,33.6,30,0,Under way using engine,2026-08-26 20:07:37,2026-08-26 12:07:37
154-48.215E,47-54.878N,154.803575,47.914637,015.1,32.4,30,0,Under way using engine,2026-08-26 20:09:04,2026-08-26 12:09:04
154-48.314E,47-54.985N,154.805225,47.916413,014.9,31.6,30,0,Under way using engine,2026-08-26 20:09:32,2026-08-26 12:09:32
154-50.189E,47-56.994N,154.836485,47.949898,014.7,32.5,30,0,Under way using engine,2026-08-26 20:19:06,2026-08-26 12:19:06
154-50.832E,47-57.677N,154.847205,47.96129,015.0,33.4,30,0,Under way using engine,2026-08-26 20:22:19,2026-08-26 12:22:19
154-51.454E,47-58.329N,154.857568,47.972148,014.8,30.5,30,0,Under way using engine,2026-08-26 20:25:26,2026-08-26 12:25:26
154-51.655E,47-58.537N,154.860915,47.975613,014.7,33.2,30,0,Under way using engine,2026-08-26 20:26:29,2026-08-26 12:26:29
154-57.184E,48-4.801N,154.953068,48.08001,014.5,30.2,27,0,Under way using engine,2026-08-26 20:56:15,2026-08-26 12:56:15
154-59.291E,48-6.986N,154.988183,48.116427,014.1,34.6,27,0,Under way using engine,2026-08-26 21:07:11,2026-08-26 13:07:11
155-1.549E,48-9.284N,155.025822,48.154738,014.3,31,27,0,Under way using engine,2026-08-26 21:18:46,2026-08-26 13:18:46
155-2.191E,48-9.922N,155.036523,48.165365,014.6,33.7,27,0,Under way using engine,2026-08-26 21:21:59,2026-08-26 13:21:59
155-2.576E,48-10.305N,155.042938,48.171742,014.5,32.6,27,0,Under way using engine,2026-08-26 21:23:50,2026-08-26 13:23:50
155-2.995E,48-10.726N,155.04991,48.178763,014.5,33.9,27,0,Under way using engine,2026-08-26 21:26:00,2026-08-26 13:26:00
155-3.658E,48-11.420N,155.06096,48.190327,014.4,32.8,28,0,Under way using engine,2026-08-26 21:29:21,2026-08-26 13:29:21
155-3.957E,48-11.738N,155.065942,48.19563,014.0,30.2,27,0,Under way using engine,2026-08-26 21:31:01,2026-08-26 13:31:01
155-4.776E,48-12.621N,155.0796,48.210343,014.0,32.5,27,0,Under way using engine,2026-08-26 21:35:23,2026-08-26 13:35:23
155-5.344E,48-13.243N,155.089062,48.220723,014.1,29.5,25,0,Under way using engine,2026-08-26 21:38:28,2026-08-26 13:38:28
155-5.691E,48-13.653N,155.09485,48.227552,014.0,29.6,25,0,Under way using engine,2026-08-26 21:40:28,2026-08-26 13:40:28
155-6.236E,48-14.302N,155.103938,48.238367,013.9,28.9,25,0,Under way using engine,2026-08-26 21:43:38,2026-08-26 13:43:38
155-7.971E,48-16.261N,155.13285,48.27101,014.0,33.5,28,0,Under way using engine,2026-08-26 21:53:29,2026-08-26 13:53:29
155-8.275E,48-16.568N,155.137915,48.276125,013.9,31.8,28,0,Under way using engine,2026-08-26 21:55:04,2026-08-26 13:55:04
155-9.716E,48-18.064N,155.161928,48.301067,013.6,31.8,28,0,Under way using engine,2026-08-26 22:02:47,2026-08-26 14:02:47
155-10.940E,48-19.361N,155.182327,48.32269,014.0,30.3,28,0,Under way using engine,2026-08-26 22:09:20,2026-08-26 14:09:20
155-11.290E,48-19.733N,155.188167,48.32888,013.9,31.3,28,0,Under way using engine,2026-08-26 22:11:19,2026-08-26 14:11:19
155-12.995E,48-21.546N,155.216583,48.359107,013.8,30.1,27,0,Under way using engine,2026-08-26 22:20:25,2026-08-26 14:20:25
155-14.235E,48-23.059N,155.237257,48.384322,014.1,28.5,25,0,Under way using engine,2026-08-26 22:27:43,2026-08-26 14:27:43
155-15.966E,48-24.948N,155.266102,48.415795,013.7,32.7,30,0,Under way using engine,2026-08-26 22:37:23,2026-08-26 14:37:23
155-17.282E,48-26.371N,155.28804,48.439522,013.6,32.1,30,0,Under way using engine,2026-08-26 22:44:44,2026-08-26 14:44:44
155-18.103E,48-27.216N,155.301723,48.453607,013.2,34.9,28,0,Under way using engine,2026-08-26 22:49:10,2026-08-26 14:49:10
155-18.769E,48-27.895N,155.312823,48.464923,013.3,31.1,29,0,Under way using engine,2026-08-26 22:52:55,2026-08-26 14:52:55
155-19.733E,48-28.884N,155.328887,48.481392,013.3,30.4,24,0,Under way using engine,2026-08-26 22:58:11,2026-08-26 14:58:11
155-20.073E,48-29.260N,155.334553,48.48767,013.0,33.2,26,0,Under way using engine,2026-08-26 23:00:16,2026-08-26 15:00:16
155-20.423E,48-29.634N,155.34038,48.493903,013.3,32.1,26,0,Under way using engine,2026-08-26 23:02:13,2026-08-26 15:02:13
155-21.024E,48-30.272N,155.350392,48.50454,013.7,31.7,26,0,Under way using engine,2026-08-26 23:05:31,2026-08-26 15:05:31
155-23.184E,48-32.636N,155.386397,48.543933,013.7,31.1,27,0,Under way using engine,2026-08-26 23:17:40,2026-08-26 15:17:40
155-23.604E,48-33.094N,155.393392,48.551563,014.1,28.4,27,0,Under way using engine,2026-08-26 23:19:56,2026-08-26 15:19:56
155-23.985E,48-33.487N,155.399742,48.558122,013.9,33,27,0,Under way using engine,2026-08-26 23:21:54,2026-08-26 15:21:54
155-24.332E,48-33.860N,155.405525,48.564332,013.9,30.1,27,0,Under way using engine,2026-08-26 23:23:49,2026-08-26 15:23:49
155-25.505E,48-35.117N,155.425075,48.585285,014.2,32.6,28,0,Under way using engine,2026-08-26 23:30:09,2026-08-26 15:30:09
155-28.328E,48-38.126N,155.472137,48.635438,014.2,30.9,29,0,Under way using engine,2026-08-26 23:45:08,2026-08-26 15:45:08
155-29.318E,48-39.239N,155.488637,48.653988,013.8,29,29,0,Under way using engine,2026-08-26 23:50:37,2026-08-26 15:50:37
155-30.070E,48-40.069N,155.50116,48.667812,013.8,28.1,28,0,Under way using engine,2026-08-26 23:54:50,2026-08-26 15:54:50
155-30.370E,48-40.386N,155.506163,48.6731,013.6,35.2,30,0,Under way using engine,2026-08-26 23:56:32,2026-08-26 15:56:32
155-30.696E,48-40.722N,155.511597,48.678695,013.9,30.2,31,0,Under way using engine,2026-08-26 23:58:11,2026-08-26 15:58:11
155-31.478E,48-41.520N,155.52464,48.692003,014.0,32.9,31,0,Under way using engine,2026-08-27 00:02:21,2026-08-26 16:02:21
155-31.903E,48-41.952N,155.531718,48.6992,014.0,31.8,31,0,Under way using engine,2026-08-27 00:04:30,2026-08-26 16:04:30
155-32.212E,48-42.261N,155.536862,48.704345,013.9,36.1,31,0,Under way using engine,2026-08-27 00:06:06,2026-08-26 16:06:06
155-33.702E,48-43.753N,155.561695,48.729213,013.6,31.3,31,0,Under way using engine,2026-08-27 00:13:59,2026-08-26 16:13:59
155-34.230E,48-44.280N,155.570493,48.737998,013.8,35.5,31,0,Under way using engine,2026-08-27 00:16:34,2026-08-26 16:16:34
155-35.406E,48-45.537N,155.590105,48.758958,013.9,31.5,28,0,Under way using engine,2026-08-27 00:23:06,2026-08-26 16:23:06
155-36.035E,48-46.285N,155.600583,48.771423,014.0,27.1,30,12,Under way using engine,2026-08-27 00:26:45,2026-08-26 16:26:45
155-37.215E,48-47.561N,155.620253,48.79268,013.8,31.1,31,0,Under way using engine,2026-08-27 00:33:15,2026-08-26 16:33:15
155-38.601E,48-49.059N,155.643352,48.817658,014.0,30.6,31,0,Under way using engine,2026-08-27 00:40:49,2026-08-26 16:40:49
155-41.626E,48-52.131N,155.693773,48.868847,013.6,33.9,31,0,Under way using engine,2026-08-27 00:56:30,2026-08-26 16:56:30
155-43.285E,48-53.908N,155.72141,48.898465,013.4,34.8,30,0,Under way using engine,2026-08-27 01:05:44,2026-08-26 17:05:44
155-45.454E,48-56.200N,155.75756,48.93666,013.4,33.2,30,0,Under way using engine,2026-08-27 01:17:55,2026-08-26 17:17:55
155-45.864E,48-56.607N,155.764403,48.943442,013.4,34.4,30,0,Under way using engine,2026-08-27 01:20:08,2026-08-26 17:20:08
155-47.447E,48-58.210N,155.790783,48.970173,013.3,33.1,29,0,Under way using engine,2026-08-27 01:28:33,2026-08-26 17:28:33
155-48.351E,48-59.194N,155.805858,48.98656,013.6,32.2,28,0,Under way using engine,2026-08-27 01:33:42,2026-08-26 17:33:42
155-48.752E,48-59.642N,155.812538,48.99404,013.6,28.4,28,0,Under way using engine,2026-08-27 01:35:57,2026-08-26 17:35:57
155-49.179E,49-0.114N,155.819653,49.001905,013.6,30.9,28,0,Under way using engine,2026-08-27 01:38:25,2026-08-26 17:38:25
155-49.518E,49-0.483N,155.825305,49.008052,013.8,28.4,28,0,Under way using engine,2026-08-27 01:40:15,2026-08-26 17:40:15
155-50.127E,49-1.162N,155.835445,49.019372,013.5,28.5,29,0,Under way using engine,2026-08-27 01:43:42,2026-08-26 17:43:42
155-50.940E,49-2.012N,155.849,49.033533,013.8,29.9,30,0,Under way using engine,2026-08-27 01:48:09,2026-08-26 17:48:09
155-52.706E,49-3.815N,155.878437,49.063577,014.0,31.2,31,0,Under way using engine,2026-08-27 01:57:20,2026-08-26 17:57:20
155-54.417E,49-5.569N,155.906945,49.09282,014.1,30.9,31,0,Under way using engine,2026-08-27 02:06:08,2026-08-26 18:06:08
155-54.856E,49-6.023N,155.91427,49.100378,014.1,33.2,31,0,Under way using engine,2026-08-27 02:08:28,2026-08-26 18:08:28
155-55.251E,49-6.444N,155.920852,49.107398,014.1,32.1,31,0,Under way using engine,2026-08-27 02:10:31,2026-08-26 18:10:31
155-56.142E,49-7.388N,155.935697,49.123133,013.9,31.3,31,0,Under way using engine,2026-08-27 02:15:20,2026-08-26 18:15:20
155-57.692E,49-9.010N,155.961532,49.150172,013.8,33.8,31,0,Under way using engine,2026-08-27 02:23:38,2026-08-26 18:23:38
155-58.040E,49-9.366N,155.967327,49.156095,013.8,29.5,31,0,Under way using engine,2026-08-27 02:25:25,2026-08-26 18:25:25
155-58.904E,49-10.272N,155.981727,49.171203,014.1,28.6,30,12,Under way using engine,2026-08-27 02:30:00,2026-08-26 18:30:00
155-59.172E,49-10.577N,155.9862,49.176283,014.1,27.9,30,0,Under way using engine,2026-08-27 02:31:33,2026-08-26 18:31:33
155-59.454E,49-10.881N,155.990895,49.181352,014.1,30.7,30,0,Under way using engine,2026-08-27 02:33:00,2026-08-26 18:33:00
156-0.156E,49-11.643N,156.0026,49.194043,014.1,32.1,31,0,Under way using engine,2026-08-27 02:36:48,2026-08-26 18:36:48
156-0.644E,49-12.166N,156.010725,49.202767,014.0,33.7,31,0,Under way using engine,2026-08-27 02:39:32,2026-08-26 18:39:32
156-1.063E,49-12.609N,156.017722,49.210157,014.1,33.2,31,0,Under way using engine,2026-08-27 02:41:38,2026-08-26 18:41:38
156-1.636E,49-13.216N,156.027272,49.220265,014.0,34.7,33,0,Under way using engine,2026-08-27 02:44:37,2026-08-26 18:44:37
156-1.984E,49-13.573N,156.033068,49.22622,014.2,31.8,32,0,Under way using engine,2026-08-27 02:46:25,2026-08-26 18:46:25
156-2.931E,49-14.540N,156.04885,49.242328,014.2,33.2,32,0,Under way using engine,2026-08-27 02:51:18,2026-08-26 18:51:18
156-3.243E,49-14.858N,156.054042,49.247625,014.4,31.1,32,0,Under way using engine,2026-08-27 02:52:50,2026-08-26 18:52:50
156-3.633E,49-15.258N,156.060558,49.254307,014.4,29.4,32,0,Under way using engine,2026-08-27 02:54:49,2026-08-26 18:54:49
156-5.002E,49-16.653N,156.083362,49.277555,014.2,34.4,32,0,Under way using engine,2026-08-27 03:01:53,2026-08-26 19:01:53
156-5.295E,49-16.959N,156.08825,49.282653,014.2,32.2,32,0,Under way using engine,2026-08-27 03:03:20,2026-08-26 19:03:20
156-6.189E,49-17.873N,156.103153,49.297882,014.0,34,32,0,Under way using engine,2026-08-27 03:07:44,2026-08-26 19:07:44
156-8.185E,49-19.932N,156.136417,49.332197,014.1,30.1,31,0,Under way using engine,2026-08-27 03:18:26,2026-08-26 19:18:26
156-8.735E,49-20.502N,156.145583,49.341707,014.0,31.4,31,0,Under way using engine,2026-08-27 03:21:23,2026-08-26 19:21:23
156-9.440E,49-21.234N,156.157327,49.353902,013.8,32.6,30,0,Under way using engine,2026-08-27 03:25:02,2026-08-26 19:25:02
156-11.481E,49-23.425N,156.191343,49.390417,014.3,31.3,29,0,Under way using engine,2026-08-27 03:35:56,2026-08-26 19:35:56
156-11.878E,49-23.866N,156.19797,49.397765,014.3,29.3,30,0,Under way using engine,2026-08-27 03:38:06,2026-08-26 19:38:06
156-13.627E,49-25.729N,156.227122,49.42882,014.5,29.5,31,0,Under way using engine,2026-08-27 03:47:03,2026-08-26 19:47:03
156-15.442E,49-27.534N,156.257367,49.458903,014.2,39,36,0,Under way using engine,2026-08-27 03:56:09,2026-08-26 19:56:09
156-19.212E,49-31.349N,156.320198,49.52249,014.4,28.1,30,0,Under way using engine,2026-08-27 04:15:23,2026-08-26 20:15:23
156-21.866E,49-34.212N,156.36443,49.570207,014.6,31.1,30,0,Under way using engine,2026-08-27 04:29:10,2026-08-26 20:29:10
156-22.311E,49-34.686N,156.371855,49.578095,014.5,31.9,30,0,Under way using engine,2026-08-27 04:31:26,2026-08-26 20:31:26
156-23.711E,49-36.108N,156.395187,49.601807,014.4,30.3,29,0,Under way using engine,2026-08-27 04:38:24,2026-08-26 20:38:24
156-24.203E,49-36.617N,156.403382,49.610282,014.3,32.5,29,0,Under way using engine,2026-08-27 04:40:56,2026-08-26 20:40:56
156-25.624E,49-38.096N,156.427073,49.634927,014.4,31.4,28,0,Under way using engine,2026-08-27 04:48:06,2026-08-26 20:48:06
156-26.465E,49-38.982N,156.44108,49.649705,014.6,34.7,29,0,Under way using engine,2026-08-27 04:52:14,2026-08-26 20:52:14
156-28.486E,49-41.079N,156.474762,49.684648,014.6,31,29,0,Under way using engine,2026-08-27 05:02:45,2026-08-26 21:02:45
156-28.789E,49-41.391N,156.479812,49.689843,014.6,36.6,30,0,Under way using engine,2026-08-27 05:04:08,2026-08-26 21:04:08
156-29.635E,49-42.251N,156.493915,49.704183,014.5,30.9,29,0,Under way using engine,2026-08-27 05:08:19,2026-08-26 21:08:19
156-30.159E,49-42.784N,156.50265,49.713073,014.5,32.2,29,0,Under way using engine,2026-08-27 05:10:57,2026-08-26 21:10:57
156-31.524E,49-44.145N,156.525392,49.735743,014.5,34.1,29,0,Under way using engine,2026-08-27 05:17:37,2026-08-26 21:17:37
156-31.856E,49-44.467N,156.53094,49.741113,014.4,32.1,29,0,Under way using engine,2026-08-27 05:19:13,2026-08-26 21:19:13
156-33.301E,49-45.840N,156.555022,49.763995,014.7,33,28,0,Under way using engine,2026-08-27 05:26:03,2026-08-26 21:26:03
156-33.715E,49-46.247N,156.561912,49.770777,014.8,32.4,28,0,Under way using engine,2026-08-27 05:28:01,2026-08-26 21:28:01
156-34.150E,49-46.683N,156.569168,49.778045,014.9,29.9,28,0,Under way using engine,2026-08-27 05:30:11,2026-08-26 21:30:11
156-35.234E,49-47.793N,156.587238,49.796552,014.6,28.9,27,0,Under way using engine,2026-08-27 05:35:31,2026-08-26 21:35:31
156-35.815E,49-48.417N,156.596918,49.806945,014.7,30.7,27,0,Under way using engine,2026-08-27 05:38:20,2026-08-26 21:38:20
156-37.415E,49-50.256N,156.623583,49.837607,014.7,29.3,26,0,Under way using engine,2026-08-27 05:47:06,2026-08-26 21:47:06
156-37.704E,49-50.600N,156.628402,49.843327,014.7,25.9,26,0,Under way using engine,2026-08-27 05:48:44,2026-08-26 21:48:44
156-38.904E,49-51.950N,156.648395,49.865825,014.6,32.7,29,0,Under way using engine,2026-08-27 05:55:07,2026-08-26 21:55:07
156-39.428E,49-52.514N,156.657135,49.875227,014.6,27.8,28,0,Under way using engine,2026-08-27 05:57:53,2026-08-26 21:57:53
156-39.997E,49-53.140N,156.66662,49.885665,014.5,31.5,30,0,Under way using engine,2026-08-27 06:00:53,2026-08-26 22:00:53
156-41.634E,49-54.820N,156.693895,49.913668,014.2,32,29,0,Under way using engine,2026-08-27 06:09:07,2026-08-26 22:09:07
156-42.720E,49-55.924N,156.711998,49.932062,014.2,32,29,0,Under way using engine,2026-08-27 06:14:38,2026-08-26 22:14:38
156-44.394E,49-57.632N,156.739897,49.96053,014.2,30.2,29,0,Under way using engine,2026-08-27 06:23:09,2026-08-26 22:23:09
156-45.239E,49-58.491N,156.753978,49.974843,014.0,31.5,29,0,Under way using engine,2026-08-27 06:27:25,2026-08-26 22:27:25
156-46.175E,49-59.448N,156.769587,49.990803,014.0,31.4,28,0,Under way using engine,2026-08-27 06:32:15,2026-08-26 22:32:15
156-47.394E,50-0.707N,156.7899,50.01178,014.0,32.8,30,0,Under way using engine,2026-08-27 06:38:32,2026-08-26 22:38:32
156-47.794E,50-1.120N,156.796563,50.018673,014.0,30.4,29,0,Under way using engine,2026-08-27 06:40:39,2026-08-26 22:40:39
156-49.469E,50-2.855N,156.824483,50.047577,014.1,32.5,29,0,Under way using engine,2026-08-27 06:49:16,2026-08-26 22:49:16
156-49.870E,50-3.271N,156.831165,50.054513,014.1,29.3,29,0,Under way using engine,2026-08-27 06:51:08,2026-08-26 22:51:08
156-51.710E,50-5.180N,156.861832,50.08634,014.1,31.2,29,0,Under way using engine,2026-08-27 07:00:56,2026-08-26 23:00:56
156-54.654E,50-8.228N,156.910907,50.137125,014.0,28.3,29,0,Under way using engine,2026-08-27 07:16:12,2026-08-26 23:16:12
156-55.256E,50-8.845N,156.920937,50.14741,014.2,28.7,29,0,Under way using engine,2026-08-27 07:19:20,2026-08-26 23:19:20
156-55.546E,50-9.145N,156.925772,50.152412,014.3,31.6,29,0,Under way using engine,2026-08-27 07:20:54,2026-08-26 23:20:54
156-55.874E,50-9.483N,156.93124,50.158058,014.2,30.2,29,0,Under way using engine,2026-08-27 07:22:35,2026-08-26 23:22:35
156-56.358E,50-9.979N,156.939293,50.166323,014.1,30.1,29,0,Under way using engine,2026-08-27 07:25:04,2026-08-26 23:25:04
156-56.671E,50-10.298N,156.944522,50.171638,014.1,32.8,29,0,Under way using engine,2026-08-27 07:26:36,2026-08-26 23:26:36
156-57.297E,50-10.930N,156.954952,50.18216,014.2,32.6,29,0,Under way using engine,2026-08-27 07:29:53,2026-08-26 23:29:53
156-57.825E,50-11.459N,156.96375,50.190985,014.0,33.7,29,0,Under way using engine,2026-08-27 07:32:33,2026-08-26 23:32:33
156-58.612E,50-12.252N,156.976868,50.2042,014.1,29,29,0,Under way using engine,2026-08-27 07:36:20,2026-08-26 23:36:20
156-59.882E,50-13.520N,156.99803,50.225338,014.1,34.6,29,0,Under way using engine,2026-08-27 07:42:59,2026-08-26 23:42:59
157-0.567E,50-14.200N,157.009455,50.236662,014.3,32.4,29,0,Under way using engine,2026-08-27 07:46:19,2026-08-26 23:46:19
157-1.203E,50-14.841N,157.020048,50.247347,014.4,31.4,29,0,Under way using engine,2026-08-27 07:49:29,2026-08-26 23:49:29
