Longitude(deg-minute),Latitude(deg-minute),Longitude,Latitude,Ship speed(kn),Ship course,Ship heading,Ship Turning Rate£¨deg/second£©,Navigation status,Last update£¨CST£©,Last update£¨UTC£©
165-32.771E,56-16.586N,165.546188,56.276428,015.2,60.9,59,0,Under way using engine,2026-08-28 15:32:37,2026-08-28 07:32:37
165-33.706E,56-16.874N,165.561763,56.281238,015.3,59.2,58,0,Under way using engine,2026-08-28 15:35:00,2026-08-28 07:35:00
165-39.999E,56-18.914N,165.666653,56.315225,015.0,61.2,59,0,Under way using engine,2026-08-28 15:51:06,2026-08-28 07:51:06
165-52.743E,56-22.950N,165.879047,56.382495,015.2,60.3,58,0,Under way using engine,2026-08-28 16:23:42,2026-08-28 08:23:42
166-12.200E,56-29.084N,166.203333,56.48473,014.5,60.6,58,0,Under way using engine,2026-08-28 17:13:36,2026-08-28 09:13:36
166-13.063E,56-29.354N,166.21772,56.489228,014.0,61,58,0,Under way using engine,2026-08-28 17:15:54,2026-08-28 09:15:54
166-17.452E,56-30.714N,166.290873,56.5119,014.7,60.5,58,0,Under way using engine,2026-08-28 17:27:00,2026-08-28 09:27:00
166-18.364E,56-31.004N,166.306068,56.516725,015.0,61.4,58,0,Under way using engine,2026-08-28 17:29:25,2026-08-28 09:29:25
166-19.345E,56-31.317N,166.322415,56.521945,015.1,59.8,58,0,Under way using engine,2026-08-28 17:31:50,2026-08-28 09:31:50
166-19.893E,56-31.492N,166.331548,56.524863,014.8,60.2,58,0,Under way using engine,2026-08-28 17:33:15,2026-08-28 09:33:15
166-20.325E,56-31.631N,166.338747,56.527177,015.1,60,58,0,Under way using engine,2026-08-28 17:34:20,2026-08-28 09:34:20
166-20.955E,56-31.830N,166.349247,56.530507,014.8,59.7,58,0,Under way using engine,2026-08-28 17:35:57,2026-08-28 09:35:57
166-22.123E,56-32.206N,166.368718,56.536772,014.8,58.4,58,0,Under way using engine,2026-08-28 17:39:02,2026-08-28 09:39:02
166-22.481E,56-32.322N,166.374677,56.538707,014.8,60.3,58,0,Under way using engine,2026-08-28 17:39:51,2026-08-28 09:39:51
166-22.864E,56-32.446N,166.38107,56.540768,014.8,61,58,0,Under way using engine,2026-08-28 17:40:50,2026-08-28 09:40:50
166-23.519E,56-32.658N,166.39199,56.544302,015.1,58.1,58,0,Under way using engine,2026-08-28 17:42:33,2026-08-28 09:42:33
166-24.227E,56-32.888N,166.40379,56.548138,014.8,59.6,58,0,Under way using engine,2026-08-28 17:44:22,2026-08-28 09:44:22
166-25.718E,56-33.374N,166.428637,56.556237,014.9,58.9,58,0,Under way using engine,2026-08-28 17:48:10,2026-08-28 09:48:10
166-26.759E,56-33.711N,166.445982,56.561853,014.5,59.2,58,0,Under way using engine,2026-08-28 17:50:52,2026-08-28 09:50:52
166-27.352E,56-33.902N,166.455865,56.565035,014.9,60.3,58,0,Under way using engine,2026-08-28 17:52:21,2026-08-28 09:52:21
166-30.052E,56-34.768N,166.500862,56.579463,015.0,59.3,59,0,Under way using engine,2026-08-28 17:59:18,2026-08-28 09:59:18
166-30.605E,56-34.939N,166.510085,56.582313,015.2,61,60,0,Under way using engine,2026-08-28 18:00:40,2026-08-28 10:00:40
166-31.319E,56-35.152N,166.521978,56.585865,014.9,61.9,60,0,Under way using engine,2026-08-28 18:02:26,2026-08-28 10:02:26
166-33.298E,56-35.744N,166.55497,56.595738,014.6,62.8,60,0,Under way using engine,2026-08-28 18:07:25,2026-08-28 10:07:25
166-34.093E,56-35.982N,166.568212,56.599708,015.3,63.4,60,0,Under way using engine,2026-08-28 18:09:26,2026-08-28 10:09:26
166-35.139E,56-36.296N,166.585653,56.604928,014.8,62.4,60,0,Under way using engine,2026-08-28 18:12:03,2026-08-28 10:12:03
166-35.933E,56-36.542N,166.59889,56.609027,015.0,60.8,58,0,Under way using engine,2026-08-28 18:14:03,2026-08-28 10:14:03
166-37.488E,56-37.049N,166.624797,56.617488,014.9,58.6,58,0,Under way using engine,2026-08-28 18:18:06,2026-08-28 10:18:06
166-38.355E,56-37.335N,166.639252,56.622252,015.1,59.4,58,0,Under way using engine,2026-08-28 18:20:13,2026-08-28 10:20:13
166-38.940E,56-37.527N,166.649,56.62545,015.1,59.2,58,0,Under way using engine,2026-08-28 18:21:45,2026-08-28 10:21:45
166-41.116E,56-38.237N,166.68526,56.637277,015.0,57.6,58,0,Under way using engine,2026-08-28 18:27:16,2026-08-28 10:27:16
166-41.784E,56-38.451N,166.696408,56.640847,015.2,59.3,59,0,Under way using engine,2026-08-28 18:28:55,2026-08-28 10:28:55
166-44.331E,56-39.210N,166.738857,56.653507,015.0,58.7,59,0,Under way using engine,2026-08-28 18:35:14,2026-08-28 10:35:14
166-44.803E,56-39.355N,166.746723,56.655918,015.3,61,59,0,Under way using engine,2026-08-28 18:36:25,2026-08-28 10:36:25
166-45.162E,56-39.466N,166.752697,56.657772,015.1,61.7,59,0,Under way using engine,2026-08-28 18:37:20,2026-08-28 10:37:20
166-45.600E,56-39.602N,166.76,56.660033,015.4,62.3,59,0,Under way using engine,2026-08-28 18:38:25,2026-08-28 10:38:25
166-46.156E,56-39.775N,166.769263,56.662918,015.0,59.8,59,0,Under way using engine,2026-08-28 18:39:50,2026-08-28 10:39:50
166-47.672E,56-40.246N,166.794535,56.670765,015.1,59.6,59,0,Under way using engine,2026-08-28 18:43:38,2026-08-28 10:43:38
166-48.023E,56-40.356N,166.800375,56.672592,015.2,59.5,59,0,Under way using engine,2026-08-28 18:44:33,2026-08-28 10:44:33
166-48.428E,56-40.480N,166.80713,56.674663,014.9,61.7,59,0,Under way using engine,2026-08-28 18:45:34,2026-08-28 10:45:34
166-48.820E,56-40.600N,166.813667,56.676665,015.3,61.7,58,0,Under way using engine,2026-08-28 18:46:33,2026-08-28 10:46:33
166-49.806E,56-40.915N,166.830098,56.68192,015.1,60.9,58,0,Under way using engine,2026-08-28 18:48:59,2026-08-28 10:48:59
166-50.120E,56-41.016N,166.835335,56.683603,015.2,60.2,58,0,Under way using engine,2026-08-28 18:49:48,2026-08-28 10:49:48
166-51.183E,56-41.358N,166.853052,56.689302,015.1,59.9,58,0,Under way using engine,2026-08-28 18:52:33,2026-08-28 10:52:33
166-51.813E,56-41.562N,166.863548,56.692702,015.0,57.4,58,0,Under way using engine,2026-08-28 18:54:07,2026-08-28 10:54:07
166-52.286E,56-41.715N,166.87144,56.695258,014.9,59.6,58,0,Under way using engine,2026-08-28 18:55:18,2026-08-28 10:55:18
166-52.995E,56-41.943N,166.88325,56.699053,015.1,59.8,58,0,Under way using engine,2026-08-28 18:57:07,2026-08-28 10:57:07
166-53.672E,56-42.162N,166.894535,56.702707,014.5,61.7,59,0,Under way using engine,2026-08-28 18:58:52,2026-08-28 10:58:52
166-54.189E,56-42.323N,166.903148,56.705387,015.2,61.9,59,0,Under way using engine,2026-08-28 19:00:07,2026-08-28 11:00:07
166-55.759E,56-42.805N,166.929323,56.71341,015.0,61,59,0,Under way using engine,2026-08-28 19:04:02,2026-08-28 11:04:02
166-56.754E,56-43.108N,166.945905,56.718467,015.2,59.5,60,0,Under way using engine,2026-08-28 19:06:32,2026-08-28 11:06:32
166-57.438E,56-43.317N,166.957303,56.721948,015.3,60.4,59,0,Under way using engine,2026-08-28 19:08:16,2026-08-28 11:08:16
166-58.205E,56-43.554N,166.970085,56.725908,015.2,60.7,59,0,Under way using engine,2026-08-28 19:10:07,2026-08-28 11:10:07
166-59.535E,56-43.962N,166.99225,56.732698,015.2,60.3,59,0,Under way using engine,2026-08-28 19:13:25,2026-08-28 11:13:25
166-59.979E,56-44.099N,166.999652,56.734982,015.3,60.1,59,0,Under way using engine,2026-08-28 19:14:31,2026-08-28 11:14:31
167-0.872E,56-44.372N,167.01454,56.739527,015.5,62.2,59,0,Under way using engine,2026-08-28 19:16:44,2026-08-28 11:16:44
167-1.245E,56-44.485N,167.020755,56.741422,015.4,59.9,59,0,Under way using engine,2026-08-28 19:17:40,2026-08-28 11:17:40
167-2.337E,56-44.819N,167.038945,56.74699,015.4,61.6,59,0,Under way using engine,2026-08-28 19:20:20,2026-08-28 11:20:20
167-3.442E,56-45.155N,167.05736,56.752583,015.3,60.8,59,0,Under way using engine,2026-08-28 19:23:04,2026-08-28 11:23:04
167-3.840E,56-45.279N,167.064005,56.754657,015.2,60.3,58,0,Under way using engine,2026-08-28 19:24:05,2026-08-28 11:24:05
167-4.487E,56-45.483N,167.074783,56.75805,015.3,59.3,58,0,Under way using engine,2026-08-28 19:25:39,2026-08-28 11:25:39
167-5.215E,56-45.716N,167.086923,56.761928,015.6,59.9,58,0,Under way using engine,2026-08-28 19:27:25,2026-08-28 11:27:25
167-6.464E,56-46.112N,167.107735,56.768527,015.4,60.8,58,0,Under way using engine,2026-08-28 19:30:31,2026-08-28 11:30:31
167-7.197E,56-46.341N,167.119948,56.77235,015.4,60.7,58,0,Under way using engine,2026-08-28 19:32:19,2026-08-28 11:32:19
167-7.712E,56-46.502N,167.128527,56.775027,014.9,61.5,58,0,Under way using engine,2026-08-28 19:33:39,2026-08-28 11:33:39
167-8.349E,56-46.702N,167.139142,56.778372,015.1,59.2,58,0,Under way using engine,2026-08-28 19:35:16,2026-08-28 11:35:16
167-9.148E,56-46.952N,167.152473,56.782525,015.3,60.9,58,0,Under way using engine,2026-08-28 19:37:14,2026-08-28 11:37:14
167-9.549E,56-47.077N,167.159158,56.784622,015.2,58.8,58,0,Under way using engine,2026-08-28 19:38:13,2026-08-28 11:38:13
167-10.552E,56-47.389N,167.175865,56.789813,015.1,60.8,58,0,Under way using engine,2026-08-28 19:40:43,2026-08-28 11:40:43
167-11.387E,56-47.651N,167.189775,56.79419,015.2,60.2,58,0,Under way using engine,2026-08-28 19:42:51,2026-08-28 11:42:51
167-11.874E,56-47.805N,167.197903,56.796742,015.2,61.4,58,0,Under way using engine,2026-08-28 19:44:03,2026-08-28 11:44:03
167-12.595E,56-48.027N,167.20991,56.800458,015.2,60.5,58,0,Under way using engine,2026-08-28 19:45:52,2026-08-28 11:45:52
167-13.395E,56-48.277N,167.223258,56.80462,015.0,60.5,58,0,Under way using engine,2026-08-28 19:47:50,2026-08-28 11:47:50
167-14.109E,56-48.501N,167.235152,56.808342,015.0,59.3,58,0,Under way using engine,2026-08-28 19:49:36,2026-08-28 11:49:36
167-15.404E,56-48.902N,167.25674,56.815025,015.4,60.6,58,0,Under way using engine,2026-08-28 19:52:48,2026-08-28 11:52:48
167-16.217E,56-49.152N,167.27028,56.819208,015.1,61.2,58,0,Under way using engine,2026-08-28 19:54:48,2026-08-28 11:54:48
167-16.691E,56-49.301N,167.278185,56.82169,015.2,58.9,58,0,Under way using engine,2026-08-28 19:56:03,2026-08-28 11:56:03
167-18.115E,56-49.747N,167.301918,56.829122,015.0,59.2,58,0,Under way using engine,2026-08-28 19:59:39,2026-08-28 11:59:39
167-20.317E,56-50.433N,167.338618,56.840558,015.3,63.5,58,0,Under way using engine,2026-08-28 20:05:09,2026-08-28 12:05:09
167-22.416E,56-51.092N,167.3736,56.85154,015.0,61.2,58,0,Under way using engine,2026-08-28 20:10:19,2026-08-28 12:10:19
167-25.658E,56-52.124N,167.42764,56.868725,015.0,59.8,58,0,Under way using engine,2026-08-28 20:18:29,2026-08-28 12:18:29
167-26.994E,56-52.545N,167.449907,56.875743,015.1,60.1,58,0,Under way using engine,2026-08-28 20:22:08,2026-08-28 12:22:08
167-27.462E,56-52.689N,167.457707,56.878158,015.0,59.6,58,0,Under way using engine,2026-08-28 20:23:13,2026-08-28 12:23:13
167-28.340E,56-52.965N,167.472335,56.882755,015.1,58.4,58,0,Under way using engine,2026-08-28 20:25:23,2026-08-28 12:25:23
167-29.450E,56-53.312N,167.49084,56.888533,015.1,59.6,58,0,Under way using engine,2026-08-28 20:28:13,2026-08-28 12:28:13
167-30.600E,56-53.675N,167.509997,56.89458,015.1,59,58,0,Under way using engine,2026-08-28 20:31:08,2026-08-28 12:31:08
167-31.154E,56-53.852N,167.519238,56.897535,015.2,59.5,58,0,Under way using engine,2026-08-28 20:32:32,2026-08-28 12:32:32
167-31.470E,56-53.954N,167.524492,56.899232,014.8,62.7,58,0,Under way using engine,2026-08-28 20:33:18,2026-08-28 12:33:18
167-32.531E,56-54.297N,167.542187,56.904958,014.9,58.6,58,0,Under way using engine,2026-08-28 20:36:10,2026-08-28 12:36:10
167-33.879E,56-54.730N,167.564658,56.91217,015.2,60.5,58,0,Under way using engine,2026-08-28 20:39:32,2026-08-28 12:39:32
167-35.105E,56-55.124N,167.585087,56.918737,015.2,59,58,0,Under way using engine,2026-08-28 20:42:30,2026-08-28 12:42:30
167-35.610E,56-55.287N,167.593503,56.921442,015.2,58,58,0,Under way using engine,2026-08-28 20:43:51,2026-08-28 12:43:51
167-36.792E,56-55.664N,167.613193,56.927738,014.9,61.5,58,0,Under way using engine,2026-08-28 20:46:52,2026-08-28 12:46:52
167-39.999E,56-56.683N,167.66665,56.944718,014.7,59.5,59,0,Under way using engine,2026-08-28 20:54:47,2026-08-28 12:54:47
167-42.833E,56-57.547N,167.713875,56.959122,014.9,60.4,59,0,Under way using engine,2026-08-28 21:02:02,2026-08-28 13:02:02
167-43.238E,56-57.670N,167.720632,56.96117,015.0,61.6,59,0,Under way using engine,2026-08-28 21:03:02,2026-08-28 13:03:02
167-43.745E,56-57.825N,167.729077,56.963753,015.0,60.9,59,0,Under way using engine,2026-08-28 21:04:19,2026-08-28 13:04:19
167-44.668E,56-58.106N,167.744473,56.96844,014.9,61.6,59,0,Under way using engine,2026-08-28 21:06:41,2026-08-28 13:06:41
167-45.156E,56-58.254N,167.752598,56.970895,015.0,60.2,59,0,Under way using engine,2026-08-28 21:07:52,2026-08-28 13:07:52
167-47.253E,56-58.908N,167.787555,56.981793,014.9,58.8,58,0,Under way using engine,2026-08-28 21:13:08,2026-08-28 13:13:08
167-47.569E,56-59.008N,167.792812,56.98346,014.9,60.8,58,0,Under way using engine,2026-08-28 21:13:55,2026-08-28 13:13:55
167-49.400E,56-59.580N,167.82334,56.992995,014.8,60.1,59,0,Under way using engine,2026-08-28 21:18:32,2026-08-28 13:18:32
167-49.752E,56-59.686N,167.829208,56.99477,015.1,59.2,59,0,Under way using engine,2026-08-28 21:19:28,2026-08-28 13:19:28
167-50.307E,56-59.856N,167.838448,56.997597,015.2,61.4,59,0,Under way using engine,2026-08-28 21:20:50,2026-08-28 13:20:50
167-51.825E,57-0.319N,167.863747,57.00531,015.1,60.8,59,0,Under way using engine,2026-08-28 21:24:37,2026-08-28 13:24:37
167-52.621E,57-0.563N,167.877017,57.00939,015.0,60.2,59,0,Under way using engine,2026-08-28 21:26:37,2026-08-28 13:26:37
167-54.137E,57-1.026N,167.902275,57.017092,015.0,61.6,59,0,Under way using engine,2026-08-28 21:30:26,2026-08-28 13:30:26
167-54.496E,57-1.136N,167.90826,57.018937,014.9,60.8,59,0,Under way using engine,2026-08-28 21:31:20,2026-08-28 13:31:20
167-55.092E,57-1.319N,167.918193,57.021975,015.0,60.1,59,0,Under way using engine,2026-08-28 21:32:52,2026-08-28 13:32:52
167-56.412E,57-1.725N,167.940195,57.028755,015.0,59.9,59,0,Under way using engine,2026-08-28 21:36:09,2026-08-28 13:36:09
167-57.524E,57-2.076N,167.958738,57.034603,015.0,59.7,58,0,Under way using engine,2026-08-28 21:38:58,2026-08-28 13:38:58
167-57.927E,57-2.207N,167.965447,57.036775,015.3,57.8,58,0,Under way using engine,2026-08-28 21:39:57,2026-08-28 13:39:57
168-0.914E,57-3.165N,168.015237,57.052743,015.2,59.2,58,0,Under way using engine,2026-08-28 21:47:26,2026-08-28 13:47:26
168-2.957E,57-3.801N,168.049282,57.063348,015.0,60.1,59,0,Under way using engine,2026-08-28 21:52:36,2026-08-28 13:52:36
168-5.002E,57-4.434N,168.08336,57.0739,015.1,61.6,59,0,Under way using engine,2026-08-28 21:57:41,2026-08-28 13:57:41
168-5.369E,57-4.547N,168.089482,57.075785,015.1,62.4,59,0,Under way using engine,2026-08-28 21:58:31,2026-08-28 13:58:31
168-5.925E,57-4.720N,168.098752,57.078663,015.1,61,59,0,Under way using engine,2026-08-28 22:00:00,2026-08-28 14:00:00
168-6.598E,57-4.928N,168.109972,57.082138,015.1,59.8,59,0,Under way using engine,2026-08-28 22:01:36,2026-08-28 14:01:36
168-7.086E,57-5.080N,168.118108,57.084673,015.1,61.1,59,0,Under way using engine,2026-08-28 22:02:54,2026-08-28 14:02:54
168-9.545E,57-5.845N,168.159075,57.097417,015.0,61.6,59,0,Under way using engine,2026-08-28 22:08:57,2026-08-28 14:08:57
168-10.755E,57-6.221N,168.179253,57.103687,015.1,58.1,59,0,Under way using engine,2026-08-28 22:11:56,2026-08-28 14:11:56
168-11.125E,57-6.336N,168.185417,57.105597,015.1,61,59,0,Under way using engine,2026-08-28 22:12:53,2026-08-28 14:12:53
168-11.645E,57-6.498N,168.19409,57.108292,015.4,62.6,59,0,Under way using engine,2026-08-28 22:14:07,2026-08-28 14:14:07
168-12.456E,57-6.747N,168.207602,57.112452,015.1,59.5,59,0,Under way using engine,2026-08-28 22:16:11,2026-08-28 14:16:11
168-13.152E,57-6.962N,168.219202,57.11603,015.3,60.1,59,0,Under way using engine,2026-08-28 22:17:50,2026-08-28 14:17:50
168-14.492E,57-7.377N,168.241528,57.122948,015.1,60.3,59,0,Under way using engine,2026-08-28 22:21:09,2026-08-28 14:21:09
168-15.299E,57-7.626N,168.254988,57.127102,015.3,60.1,59,0,Under way using engine,2026-08-28 22:23:10,2026-08-28 14:23:10
168-16.254E,57-7.921N,168.270908,57.132012,015.3,59.3,59,0,Under way using engine,2026-08-28 22:25:22,2026-08-28 14:25:22
168-20.405E,57-9.191N,168.340085,57.153183,015.0,60.6,59,0,Under way using engine,2026-08-28 22:35:51,2026-08-28 14:35:51
168-20.894E,57-9.338N,168.348235,57.155627,015.1,60.5,59,0,Under way using engine,2026-08-28 22:37:03,2026-08-28 14:37:03
168-21.627E,57-9.557N,168.360448,57.159283,015.2,60.7,59,0,Under way using engine,2026-08-28 22:38:52,2026-08-28 14:38:52
168-22.082E,57-9.693N,168.368032,57.161553,015.2,61.5,59,0,Under way using engine,2026-08-28 22:39:55,2026-08-28 14:39:55
168-23.131E,57-10.019N,168.385522,57.166983,015.3,58.1,58,0,Under way using engine,2026-08-28 22:42:31,2026-08-28 14:42:31
168-23.528E,57-10.143N,168.392137,57.169058,015.3,60.3,58,0,Under way using engine,2026-08-28 22:43:23,2026-08-28 14:43:23
168-24.096E,57-10.319N,168.401603,57.171983,015.2,61.1,58,0,Under way using engine,2026-08-28 22:44:55,2026-08-28 14:44:55
168-24.455E,57-10.430N,168.40758,57.17383,015.2,60.8,58,0,Under way using engine,2026-08-28 22:45:51,2026-08-28 14:45:51
168-25.405E,57-10.724N,168.423418,57.178728,015.3,60.6,58,0,Under way using engine,2026-08-28 22:48:12,2026-08-28 14:48:12
168-26.214E,57-10.975N,168.436897,57.18292,015.3,59.6,58,0,Under way using engine,2026-08-28 22:50:09,2026-08-28 14:50:09
168-27.270E,57-11.304N,168.454503,57.188402,015.4,62.7,58,0,Under way using engine,2026-08-28 22:52:45,2026-08-28 14:52:45
168-27.792E,57-11.465N,168.463192,57.19108,015.0,61.4,58,0,Under way using engine,2026-08-28 22:54:00,2026-08-28 14:54:00
168-28.205E,57-11.594N,168.470078,57.193227,015.5,59.2,58,0,Under way using engine,2026-08-28 22:55:00,2026-08-28 14:55:00
168-29.228E,57-11.909N,168.487133,57.198488,015.4,58.9,58,0,Under way using engine,2026-08-28 22:57:30,2026-08-28 14:57:30
168-29.557E,57-12.010N,168.492618,57.20016,015.4,59,58,0,Under way using engine,2026-08-28 22:58:20,2026-08-28 14:58:20
168-30.055E,57-12.165N,168.500917,57.202742,015.3,60.2,58,0,Under way using engine,2026-08-28 22:59:30,2026-08-28 14:59:30
168-30.832E,57-12.408N,168.513862,57.206792,015.4,60.3,58,0,Under way using engine,2026-08-28 23:01:26,2026-08-28 15:01:26
168-32.903E,57-13.063N,168.548388,57.217715,015.3,59.6,58,0,Under way using engine,2026-08-28 23:06:32,2026-08-28 15:06:32
168-33.557E,57-13.269N,168.559287,57.221153,015.4,61,58,0,Under way using engine,2026-08-28 23:08:10,2026-08-28 15:08:10
168-33.884E,57-13.373N,168.564738,57.222877,015.2,58.4,58,0,Under way using engine,2026-08-28 23:08:56,2026-08-28 15:08:56
168-35.198E,57-13.789N,168.586637,57.22981,015.3,59.8,58,0,Under way using engine,2026-08-28 23:12:09,2026-08-28 15:12:09
168-35.688E,57-13.944N,168.594802,57.232392,015.4,58.8,58,0,Under way using engine,2026-08-28 23:13:25,2026-08-28 15:13:25
168-36.454E,57-14.184N,168.607563,57.236408,015.2,59.5,58,0,Under way using engine,2026-08-28 23:15:15,2026-08-28 15:15:15
168-37.268E,57-14.442N,168.62114,57.240695,015.5,60.1,58,0,Under way using engine,2026-08-28 23:17:13,2026-08-28 15:17:13
168-37.643E,57-14.559N,168.627385,57.242645,015.4,61.7,59,0,Under way using engine,2026-08-28 23:18:09,2026-08-28 15:18:09
168-38.752E,57-14.893N,168.645863,57.248212,015.4,61.5,59,0,Under way using engine,2026-08-28 23:20:50,2026-08-28 15:20:50
168-40.618E,57-15.452N,168.67696,57.257535,015.3,61.9,59,0,Under way using engine,2026-08-28 23:25:19,2026-08-28 15:25:19
168-41.027E,57-15.573N,168.683788,57.259545,015.5,59.9,59,0,Under way using engine,2026-08-28 23:26:20,2026-08-28 15:26:20
168-41.402E,57-15.683N,168.690038,57.261383,015.6,60.3,59,0,Under way using engine,2026-08-28 23:27:14,2026-08-28 15:27:14
168-42.147E,57-15.904N,168.702455,57.265063,015.2,61.2,59,0,Under way using engine,2026-08-28 23:29:01,2026-08-28 15:29:01
168-43.565E,57-16.323N,168.726082,57.27205,015.6,61.6,59,0,Under way using engine,2026-08-28 23:32:26,2026-08-28 15:32:26
168-44.234E,57-16.521N,168.737228,57.275358,015.8,60.8,59,0,Under way using engine,2026-08-28 23:34:01,2026-08-28 15:34:01
168-44.656E,57-16.650N,168.744265,57.277502,015.5,60.9,58,0,Under way using engine,2026-08-28 23:35:02,2026-08-28 15:35:02
168-45.264E,57-16.843N,168.754407,57.280715,015.4,58.7,57,0,Under way using engine,2026-08-28 23:36:32,2026-08-28 15:36:32
168-46.131E,57-17.121N,168.768853,57.285343,015.4,59.2,57,0,Under way using engine,2026-08-28 23:38:29,2026-08-28 15:38:29
168-48.557E,57-17.900N,168.809285,57.298325,015.7,60.8,58,0,Under way using engine,2026-08-28 23:44:32,2026-08-28 15:44:32
168-50.148E,57-18.372N,168.835797,57.306208,015.4,61.1,59,0,Under way using engine,2026-08-28 23:48:21,2026-08-28 15:48:21
168-51.062E,57-18.653N,168.851032,57.310883,015.5,59.1,57,0,Under way using engine,2026-08-28 23:50:32,2026-08-28 15:50:32
168-52.374E,57-19.070N,168.872907,57.317833,015.3,58.5,57,0,Under way using engine,2026-08-28 23:53:46,2026-08-28 15:53:46
168-52.742E,57-19.186N,168.87904,57.319768,015.2,59.9,57,0,Under way using engine,2026-08-28 23:54:40,2026-08-28 15:54:40
168-53.639E,57-19.463N,168.893985,57.32438,015.3,59,58,0,Under way using engine,2026-08-28 23:56:41,2026-08-28 15:56:41
168-54.954E,57-19.867N,168.915902,57.331122,015.3,60.3,58,0,Under way using engine,2026-08-29 00:00:07,2026-08-28 16:00:07
168-55.610E,57-20.070N,168.926837,57.334498,015.3,59.7,58,0,Under way using engine,2026-08-29 00:01:37,2026-08-28 16:01:37
168-56.312E,57-20.286N,168.93853,57.338098,015.2,59.4,58,0,Under way using engine,2026-08-29 00:03:21,2026-08-28 16:03:21
168-58.170E,57-20.858N,168.969495,57.347633,015.5,59.5,58,0,Under way using engine,2026-08-29 00:07:49,2026-08-28 16:07:49
168-59.949E,57-21.402N,168.999145,57.356703,015.4,59.9,58,0,Under way using engine,2026-08-29 00:12:10,2026-08-28 16:12:10
169-0.279E,57-21.504N,169.004643,57.358405,015.5,61.2,58,0,Under way using engine,2026-08-29 00:12:57,2026-08-28 16:12:57
169-0.737E,57-21.646N,169.012287,57.360767,015.4,60.1,58,0,Under way using engine,2026-08-29 00:14:02,2026-08-28 16:14:02
169-2.448E,57-22.178N,169.040807,57.369625,015.5,59,58,0,Under way using engine,2026-08-29 00:18:13,2026-08-28 16:18:13
169-3.103E,57-22.380N,169.05171,57.373002,015.3,59.6,58,0,Under way using engine,2026-08-29 00:19:51,2026-08-28 16:19:51
169-3.512E,57-22.506N,169.058533,57.375092,015.2,60.5,58,0,Under way using engine,2026-08-29 00:20:51,2026-08-28 16:20:51
169-4.380E,57-22.772N,169.072995,57.379535,015.4,60.6,58,0,Under way using engine,2026-08-29 00:22:58,2026-08-28 16:22:58
169-5.859E,57-23.218N,169.097645,57.386972,015.3,61.3,58,0,Under way using engine,2026-08-29 00:26:33,2026-08-28 16:26:33
169-9.569E,57-24.348N,169.15948,57.405795,015.3,60.5,58,0,Under way using engine,2026-08-29 00:35:36,2026-08-28 16:35:36
169-12.352E,57-25.194N,169.205873,57.419893,015.5,59.5,58,0,Under way using engine,2026-08-29 00:42:05,2026-08-28 16:42:05
169-13.890E,57-25.665N,169.231505,57.427747,015.5,58.9,58,0,Under way using engine,2026-08-29 00:45:54,2026-08-28 16:45:54
169-14.721E,57-25.928N,169.245343,57.432128,015.2,58.6,57,0,Under way using engine,2026-08-29 00:48:02,2026-08-28 16:48:02
169-15.204E,57-26.085N,169.253403,57.434742,015.5,60.1,57,0,Under way using engine,2026-08-29 00:49:12,2026-08-28 16:49:12
169-16.237E,57-26.411N,169.27061,57.440178,015.5,61.2,58,0,Under way using engine,2026-08-29 00:51:28,2026-08-28 16:51:28
169-21.327E,57-27.992N,169.355452,57.466538,015.7,59.8,58,0,Under way using engine,2026-08-29 01:03:48,2026-08-28 17:03:48
169-24.243E,57-28.904N,169.404047,57.481738,015.5,58.3,58,0,Under way using engine,2026-08-29 01:10:52,2026-08-28 17:10:52
169-24.619E,57-29.022N,169.410323,57.483703,015.6,58.6,58,0,Under way using engine,2026-08-29 01:11:45,2026-08-28 17:11:45
169-25.080E,57-29.167N,169.418002,57.48612,015.8,58.3,58,0,Under way using engine,2026-08-29 01:12:51,2026-08-28 17:12:51
169-26.173E,57-29.515N,169.43622,57.491918,015.7,59.8,58,0,Under way using engine,2026-08-29 01:15:26,2026-08-28 17:15:26
169-28.122E,57-30.140N,169.4687,57.502337,015.5,60,58,0,Under way using engine,2026-08-29 01:20:08,2026-08-28 17:20:08
169-28.454E,57-30.246N,169.474232,57.504108,015.7,59.3,58,0,Under way using engine,2026-08-29 01:20:56,2026-08-28 17:20:56
169-29.169E,57-30.475N,169.486157,57.507915,015.8,58.3,58,0,Under way using engine,2026-08-29 01:22:36,2026-08-28 17:22:36
169-30.705E,57-30.965N,169.511748,57.516075,015.5,59,58,0,Under way using engine,2026-08-29 01:26:19,2026-08-28 17:26:19
169-31.789E,57-31.311N,169.52982,57.521847,015.5,58.8,58,0,Under way using engine,2026-08-29 01:28:57,2026-08-28 17:28:57
169-32.669E,57-31.593N,169.544477,57.526553,015.6,59,58,0,Under way using engine,2026-08-29 01:31:03,2026-08-28 17:31:03
169-33.954E,57-32.004N,169.565907,57.533402,015.4,60.4,59,0,Under way using engine,2026-08-29 01:34:09,2026-08-28 17:34:09
169-34.570E,57-32.199N,169.57617,57.536642,015.3,58.8,59,0,Under way using engine,2026-08-29 01:35:37,2026-08-28 17:35:37
169-34.944E,57-32.317N,169.5824,57.53862,015.6,59.8,59,0,Under way using engine,2026-08-29 01:36:36,2026-08-28 17:36:36
169-36.893E,57-32.938N,169.614887,57.548962,015.5,59.9,60,0,Under way using engine,2026-08-29 01:41:13,2026-08-28 17:41:13
169-37.315E,57-33.070N,169.621918,57.55117,015.5,58.9,60,0,Under way using engine,2026-08-29 01:42:18,2026-08-28 17:42:18
169-38.148E,57-33.328N,169.635807,57.555468,015.6,60.8,60,0,Under way using engine,2026-08-29 01:44:12,2026-08-28 17:44:12
169-39.185E,57-33.644N,169.653082,57.560728,015.5,60.4,60,0,Under way using engine,2026-08-29 01:46:47,2026-08-28 17:46:47
169-39.526E,57-33.747N,169.658765,57.562448,015.5,61.2,61,0,Under way using engine,2026-08-29 01:47:35,2026-08-28 17:47:35
169-40.445E,57-34.015N,169.67409,57.566912,015.4,62.9,61,0,Under way using engine,2026-08-29 01:49:42,2026-08-28 17:49:42
169-41.412E,57-34.295N,169.6902,57.571577,015.3,61.7,61,0,Under way using engine,2026-08-29 01:52:02,2026-08-28 17:52:02
169-42.838E,57-34.710N,169.713963,57.578502,015.2,61.1,61,0,Under way using engine,2026-08-29 01:55:24,2026-08-28 17:55:24
169-43.844E,57-35.006N,169.730733,57.58344,015.4,61.4,61,0,Under way using engine,2026-08-29 01:57:56,2026-08-28 17:57:56
169-44.558E,57-35.213N,169.742635,57.58689,015.5,62.9,61,0,Under way using engine,2026-08-29 01:59:29,2026-08-28 17:59:29
169-45.106E,57-35.372N,169.751763,57.589537,015.4,62.1,61,0,Under way using engine,2026-08-29 02:00:54,2026-08-28 18:00:54
169-45.526E,57-35.496N,169.758772,57.591595,015.5,59.2,61,0,Under way using engine,2026-08-29 02:01:49,2026-08-28 18:01:49
169-45.871E,57-35.596N,169.764522,57.593265,015.5,60.9,61,0,Under way using engine,2026-08-29 02:02:40,2026-08-28 18:02:40
169-46.831E,57-35.876N,169.78051,57.597933,015.5,59.9,61,0,Under way using engine,2026-08-29 02:04:55,2026-08-28 18:04:55
169-47.338E,57-36.023N,169.788965,57.600375,015.5,61.8,61,0,Under way using engine,2026-08-29 02:06:09,2026-08-28 18:06:09
169-48.397E,57-36.333N,169.806618,57.605548,015.5,62.9,61,0,Under way using engine,2026-08-29 02:08:37,2026-08-28 18:08:37
169-48.995E,57-36.507N,169.816577,57.60845,015.5,62.5,61,0,Under way using engine,2026-08-29 02:10:04,2026-08-28 18:10:04
169-51.653E,57-37.278N,169.860877,57.621303,015.3,62.1,61,0,Under way using engine,2026-08-29 02:16:25,2026-08-28 18:16:25
169-52.283E,57-37.458N,169.871388,57.624295,015.4,62.1,61,0,Under way using engine,2026-08-29 02:17:52,2026-08-28 18:17:52
169-52.827E,57-37.613N,169.880458,57.626887,015.5,60.4,61,0,Under way using engine,2026-08-29 02:19:09,2026-08-28 18:19:09
169-55.125E,57-38.278N,169.918758,57.63797,015.5,60.1,61,0,Under way using engine,2026-08-29 02:24:31,2026-08-28 18:24:31
169-56.267E,57-38.614N,169.93779,57.643572,015.5,60.5,61,0,Under way using engine,2026-08-29 02:27:14,2026-08-28 18:27:14
169-56.613E,57-38.716N,169.943553,57.64526,015.5,60.1,61,0,Under way using engine,2026-08-29 02:28:01,2026-08-28 18:28:01
169-57.838E,57-39.075N,169.963965,57.651247,015.7,61,61,0,Under way using engine,2026-08-29 02:30:57,2026-08-28 18:30:57
169-58.864E,57-39.376N,169.981067,57.656273,015.6,60.4,61,0,Under way using engine,2026-08-29 02:33:19,2026-08-28 18:33:19
170-0.350E,57-39.824N,170.005828,57.663737,015.7,59.2,59,0,Under way using engine,2026-08-29 02:36:52,2026-08-28 18:36:52
170-2.442E,57-40.500N,170.040692,57.674993,015.8,58.9,59,0,Under way using engine,2026-08-29 02:41:49,2026-08-28 18:41:49
170-2.779E,57-40.607N,170.046317,57.67679,015.8,60.2,59,0,Under way using engine,2026-08-29 02:42:37,2026-08-28 18:42:37
170-3.323E,57-40.781N,170.055375,57.679687,015.6,58.6,59,0,Under way using engine,2026-08-29 02:43:59,2026-08-28 18:43:59
170-3.867E,57-40.957N,170.064443,57.68261,015.5,58,59,0,Under way using engine,2026-08-29 02:45:14,2026-08-28 18:45:14
170-6.030E,57-41.666N,170.100498,57.694437,015.6,58.4,59,0,Under way using engine,2026-08-29 02:50:30,2026-08-28 18:50:30
170-6.431E,57-41.800N,170.107177,57.696665,015.5,59.2,59,0,Under way using engine,2026-08-29 02:51:27,2026-08-28 18:51:27
170-7.311E,57-42.090N,170.121855,57.701505,015.7,58.6,60,0,Under way using engine,2026-08-29 02:53:30,2026-08-28 18:53:30
170-8.430E,57-42.454N,170.140503,57.707562,015.6,59.1,60,0,Under way using engine,2026-08-29 02:56:04,2026-08-28 18:56:04
170-9.328E,57-42.741N,170.155467,57.712347,015.7,59.8,60,0,Under way using engine,2026-08-29 02:58:21,2026-08-28 18:58:21
170-10.178E,57-43.012N,170.16964,57.716868,015.9,58.6,60,0,Under way using engine,2026-08-29 03:00:20,2026-08-28 19:00:20
170-10.597E,57-43.146N,170.176615,57.719095,016.0,58.1,60,0,Under way using engine,2026-08-29 03:01:21,2026-08-28 19:01:21
170-11.453E,57-43.416N,170.190878,57.723603,016.0,58.1,60,0,Under way using engine,2026-08-29 03:03:22,2026-08-28 19:03:22
170-11.795E,57-43.524N,170.196585,57.725398,015.9,59.6,60,0,Under way using engine,2026-08-29 03:04:07,2026-08-28 19:04:07
170-12.647E,57-43.794N,170.210778,57.729898,015.9,59.2,60,0,Under way using engine,2026-08-29 03:06:07,2026-08-28 19:06:07
170-12.987E,57-43.901N,170.216447,57.731675,015.9,58.2,60,0,Under way using engine,2026-08-29 03:06:57,2026-08-28 19:06:57
170-14.042E,57-44.235N,170.234028,57.737243,015.6,59.7,60,0,Under way using engine,2026-08-29 03:09:25,2026-08-28 19:09:25
170-14.461E,57-44.370N,170.241013,57.739502,015.7,57.9,60,0,Under way using engine,2026-08-29 03:10:27,2026-08-28 19:10:27
170-15.922E,57-44.842N,170.265373,57.747373,015.6,59.5,60,0,Under way using engine,2026-08-29 03:13:53,2026-08-28 19:13:53
170-17.758E,57-45.434N,170.29597,57.75723,015.5,59.1,60,0,Under way using engine,2026-08-29 03:18:19,2026-08-28 19:18:19
170-18.140E,57-45.557N,170.302338,57.759278,015.7,57.9,61,0,Under way using engine,2026-08-29 03:19:17,2026-08-28 19:19:17
170-19.239E,57-45.882N,170.320657,57.764698,015.6,62,62,0,Under way using engine,2026-08-29 03:21:48,2026-08-28 19:21:48
170-19.883E,57-46.067N,170.331385,57.767782,015.6,61.4,62,0,Under way using engine,2026-08-29 03:23:20,2026-08-28 19:23:20
170-20.444E,57-46.225N,170.340735,57.770422,015.8,61.1,62,0,Under way using engine,2026-08-29 03:24:36,2026-08-28 19:24:36
170-21.473E,57-46.521N,170.357883,57.77535,015.7,62.1,62,0,Under way using engine,2026-08-29 03:27:04,2026-08-28 19:27:04
170-23.301E,57-47.038N,170.388352,57.783967,015.6,62.8,62,0,Under way using engine,2026-08-29 03:31:16,2026-08-28 19:31:16
170-23.606E,57-47.123N,170.393428,57.785383,015.7,62.9,62,0,Under way using engine,2026-08-29 03:31:57,2026-08-28 19:31:57
170-27.728E,57-48.299N,170.462127,57.804975,015.8,62.1,60,0,Under way using engine,2026-08-29 03:41:27,2026-08-28 19:41:27
170-33.199E,57-49.969N,170.55332,57.832812,015.9,60.3,59,0,Under way using engine,2026-08-29 03:54:12,2026-08-28 19:54:12
170-34.982E,57-50.499N,170.583027,57.841658,015.9,59.1,59,0,Under way using engine,2026-08-29 03:58:22,2026-08-28 19:58:22
170-35.328E,57-50.601N,170.588805,57.843355,015.9,59.8,59,0,Under way using engine,2026-08-29 03:59:12,2026-08-28 19:59:12
170-35.849E,57-50.754N,170.59749,57.845895,015.9,61.9,59,0,Under way using engine,2026-08-29 04:00:19,2026-08-28 20:00:19
170-36.249E,57-50.871N,170.60415,57.847842,016.0,61.3,59,0,Under way using engine,2026-08-29 04:01:14,2026-08-28 20:01:14
170-36.716E,57-51.006N,170.611928,57.850108,015.9,62.1,59,0,Under way using engine,2026-08-29 04:02:18,2026-08-28 20:02:18
170-38.261E,57-51.457N,170.637677,57.857622,016.0,60.9,59,0,Under way using engine,2026-08-29 04:05:49,2026-08-28 20:05:49
170-38.793E,57-51.612N,170.646552,57.860203,015.9,61.8,59,0,Under way using engine,2026-08-29 04:07:03,2026-08-28 20:07:03
170-41.246E,57-52.322N,170.687435,57.872027,016.1,61.8,59,0,Under way using engine,2026-08-29 04:12:38,2026-08-28 20:12:38
170-42.308E,57-52.628N,170.705132,57.877135,016.2,60.1,59,0,Under way using engine,2026-08-29 04:15:01,2026-08-28 20:15:01
170-43.857E,57-53.081N,170.730945,57.884685,016.1,58.9,58,0,Under way using engine,2026-08-29 04:18:35,2026-08-28 20:18:35
170-44.678E,57-53.331N,170.744628,57.888855,016.0,58.6,58,0,Under way using engine,2026-08-29 04:20:29,2026-08-28 20:20:29
170-45.243E,57-53.504N,170.754055,57.89173,015.9,59.7,58,0,Under way using engine,2026-08-29 04:21:44,2026-08-28 20:21:44
170-45.591E,57-53.609N,170.759843,57.893488,016.0,62.5,58,0,Under way using engine,2026-08-29 04:22:34,2026-08-28 20:22:34
170-48.722E,57-54.576N,170.812037,57.909597,015.8,60,58,0,Under way using engine,2026-08-29 04:29:48,2026-08-28 20:29:48
170-49.116E,57-54.697N,170.818602,57.911623,016.0,59.3,58,0,Under way using engine,2026-08-29 04:30:43,2026-08-28 20:30:43
170-50.018E,57-54.975N,170.833637,57.916248,015.8,60.3,58,0,Under way using engine,2026-08-29 04:32:51,2026-08-28 20:32:51
170-52.246E,57-55.673N,170.870762,57.927882,015.9,61.1,58,0,Under way using engine,2026-08-29 04:37:53,2026-08-28 20:37:53
170-57.198E,57-57.231N,170.953303,57.953847,016.0,58.7,58,0,Under way using engine,2026-08-29 04:49:34,2026-08-28 20:49:34
170-57.980E,57-57.478N,170.966327,57.95796,016.1,58.7,58,0,Under way using engine,2026-08-29 04:51:20,2026-08-28 20:51:20
170-58.676E,57-57.697N,170.977935,57.96161,016.1,57.8,58,0,Under way using engine,2026-08-29 04:53:02,2026-08-28 20:53:02
171-0.196E,57-58.170N,171.003265,57.969493,016.0,59.3,58,0,Under way using engine,2026-08-29 04:56:17,2026-08-28 20:56:17
171-3.156E,57-59.102N,171.052608,57.985037,015.8,59.3,58,0,Under way using engine,2026-08-29 05:03:19,2026-08-28 21:03:19
171-3.505E,57-59.212N,171.058413,57.986868,015.8,59.4,58,0,Under way using engine,2026-08-29 05:04:12,2026-08-28 21:04:12
171-4.144E,57-59.414N,171.069063,57.990233,015.8,58.2,58,0,Under way using engine,2026-08-29 05:05:29,2026-08-28 21:05:29
171-6.916E,58-0.294N,171.115265,58.004895,016.0,58.1,58,0,Under way using engine,2026-08-29 05:12:07,2026-08-28 21:12:07
171-7.354E,58-0.432N,171.122568,58.007192,016.0,59.1,58,0,Under way using engine,2026-08-29 05:13:06,2026-08-28 21:13:06
171-8.087E,58-0.662N,171.134777,58.011027,016.1,59.6,58,0,Under way using engine,2026-08-29 05:14:40,2026-08-28 21:14:40
171-11.034E,58-1.568N,171.183903,58.02613,016.1,59.6,58,0,Under way using engine,2026-08-29 05:21:39,2026-08-28 21:21:39
171-11.398E,58-1.678N,171.189972,58.027968,015.9,61.1,58,0,Under way using engine,2026-08-29 05:22:26,2026-08-28 21:22:26
171-14.563E,58-2.625N,171.242715,58.043742,016.1,62.1,59,0,Under way using engine,2026-08-29 05:29:37,2026-08-28 21:29:37
171-15.048E,58-2.763N,171.250803,58.046042,016.1,62.9,59,0,Under way using engine,2026-08-29 05:30:46,2026-08-28 21:30:46
171-15.503E,58-2.892N,171.258375,58.0482,016.0,61.8,59,0,Under way using engine,2026-08-29 05:31:46,2026-08-28 21:31:46
171-17.211E,58-3.368N,171.286843,58.056125,016.2,65,59,0,Under way using engine,2026-08-29 05:35:39,2026-08-28 21:35:39
171-19.281E,58-3.944N,171.321357,58.065728,016.1,61.6,59,0,Under way using engine,2026-08-29 05:40:12,2026-08-28 21:40:12
171-19.690E,58-4.058N,171.328167,58.067627,016.0,61.5,59,0,Under way using engine,2026-08-29 05:40:53,2026-08-28 21:40:53
171-21.477E,58-4.549N,171.357942,58.075822,016.0,62.5,58,0,Under way using engine,2026-08-29 05:45:00,2026-08-28 21:45:00
171-23.030E,58-4.986N,171.383827,58.083095,015.9,61.5,58,0,Under way using engine,2026-08-29 05:48:32,2026-08-28 21:48:32
171-24.308E,58-5.345N,171.405132,58.08909,015.8,62.2,58,0,Under way using engine,2026-08-29 05:51:27,2026-08-28 21:51:27
171-24.742E,58-5.467N,171.41237,58.091117,015.9,61.7,58,0,Under way using engine,2026-08-29 05:52:27,2026-08-28 21:52:27
171-26.074E,58-5.838N,171.434572,58.097293,015.9,61.7,58,0,Under way using engine,2026-08-29 05:55:27,2026-08-28 21:55:27
171-26.427E,58-5.934N,171.440448,58.098898,015.6,62.3,58,0,Under way using engine,2026-08-29 05:56:05,2026-08-28 21:56:05
171-27.080E,58-6.114N,171.451338,58.1019,015.7,63.1,58,0,Under way using engine,2026-08-29 05:57:45,2026-08-28 21:57:45
171-30.167E,58-6.960N,171.50279,58.116005,015.8,62.1,57,0,Under way using engine,2026-08-29 06:04:47,2026-08-28 22:04:47
171-30.770E,58-7.134N,171.51283,58.1189,015.8,58.2,56,0,Under way using engine,2026-08-29 06:06:07,2026-08-28 22:06:07
171-31.416E,58-7.326N,171.523603,58.122107,015.7,58.3,56,0,Under way using engine,2026-08-29 06:07:39,2026-08-28 22:07:39
171-31.980E,58-7.498N,171.533005,58.124968,015.6,60.2,56,0,Under way using engine,2026-08-29 06:08:56,2026-08-28 22:08:56
171-32.574E,58-7.679N,171.542902,58.127987,015.8,61.2,56,0,Under way using engine,2026-08-29 06:10:19,2026-08-28 22:10:19
171-33.873E,58-8.077N,171.564557,58.134612,015.6,59.4,56,0,Under way using engine,2026-08-29 06:13:19,2026-08-28 22:13:19
171-34.216E,58-8.183N,171.570265,58.136383,015.9,60.5,56,0,Under way using engine,2026-08-29 06:14:09,2026-08-28 22:14:09
171-34.811E,58-8.364N,171.580175,58.139403,015.8,62.3,56,0,Under way using engine,2026-08-29 06:15:31,2026-08-28 22:15:31
171-36.096E,58-8.760N,171.601593,58.146003,015.7,60.8,56,0,Under way using engine,2026-08-29 06:18:34,2026-08-28 22:18:34
171-36.525E,58-8.892N,171.608742,58.1482,015.6,59.9,56,0,Under way using engine,2026-08-29 06:19:32,2026-08-28 22:19:32
171-36.866E,58-8.998N,171.614433,58.149973,015.8,58.1,56,0,Under way using engine,2026-08-29 06:20:18,2026-08-28 22:20:18
171-38.500E,58-9.495N,171.641668,58.158247,015.5,60.2,56,0,Under way using engine,2026-08-29 06:24:09,2026-08-28 22:24:09
171-41.492E,58-10.420N,171.69153,58.173667,015.6,57.7,55,0,Under way using engine,2026-08-29 06:31:05,2026-08-28 22:31:05
171-41.910E,58-10.557N,171.698493,58.175958,015.7,56.7,54,0,Under way using engine,2026-08-29 06:32:08,2026-08-28 22:32:08
171-42.740E,58-10.838N,171.712325,58.180627,015.6,58,54,0,Under way using engine,2026-08-29 06:34:09,2026-08-28 22:34:09
171-43.692E,58-11.166N,171.728197,58.186098,015.7,58.2,54,0,Under way using engine,2026-08-29 06:36:29,2026-08-28 22:36:29
171-45.187E,58-11.674N,171.753123,58.194572,015.7,56.1,54,0,Under way using engine,2026-08-29 06:40:02,2026-08-28 22:40:02
171-45.610E,58-11.818N,171.760163,58.19697,015.6,57.9,54,0,Under way using engine,2026-08-29 06:41:02,2026-08-28 22:41:02
171-46.024E,58-11.961N,171.767072,58.199353,015.8,56,54,0,Under way using engine,2026-08-29 06:42:00,2026-08-28 22:42:00
171-46.812E,58-12.230N,171.780197,58.203835,015.7,57.1,54,0,Under way using engine,2026-08-29 06:43:55,2026-08-28 22:43:55
171-47.179E,58-12.354N,171.786312,58.205908,015.6,56.9,54,0,Under way using engine,2026-08-29 06:44:50,2026-08-28 22:44:50
171-47.640E,58-12.513N,171.794002,58.208542,015.6,57.9,54,0,Under way using engine,2026-08-29 06:45:57,2026-08-28 22:45:57
171-48.627E,58-12.854N,171.810443,58.214227,015.6,57.3,54,0,Under way using engine,2026-08-29 06:48:20,2026-08-28 22:48:20
171-49.828E,58-13.268N,171.830463,58.221133,015.7,56.4,54,0,Under way using engine,2026-08-29 06:51:12,2026-08-28 22:51:12
171-50.489E,58-13.499N,171.841475,58.22498,015.7,57,54,0,Under way using engine,2026-08-29 06:52:52,2026-08-28 22:52:52
171-51.243E,58-13.761N,171.854052,58.22935,015.9,55.3,54,0,Under way using engine,2026-08-29 06:54:39,2026-08-28 22:54:39
171-51.991E,58-14.022N,171.866513,58.233693,015.7,56.4,54,0,Under way using engine,2026-08-29 06:56:28,2026-08-28 22:56:28
171-52.322E,58-14.138N,171.872028,58.235627,015.7,56,54,0,Under way using engine,2026-08-29 06:57:16,2026-08-28 22:57:16
171-52.687E,58-14.266N,171.878122,58.237768,015.7,55.4,55,0,Under way using engine,2026-08-29 06:58:10,2026-08-28 22:58:10
171-53.663E,58-14.587N,171.894388,58.243113,015.9,59.2,59,0,Under way using engine,2026-08-29 07:00:29,2026-08-28 23:00:29
171-53.973E,58-14.675N,171.899552,58.244587,015.8,62.2,61,0,Under way using engine,2026-08-29 07:01:05,2026-08-28 23:01:05
171-59.085E,58-16.073N,171.984743,58.267883,016.1,60.8,60,0,Under way using engine,2026-08-29 07:12:32,2026-08-28 23:12:32
172-1.963E,58-16.904N,172.032723,58.281737,016.0,60.1,59,0,Under way using engine,2026-08-29 07:19:02,2026-08-28 23:19:02
172-2.897E,58-17.174N,172.048287,58.28623,016.0,62.4,59,0,Under way using engine,2026-08-29 07:21:10,2026-08-28 23:21:10
172-5.043E,58-17.793N,172.084055,58.296548,016.1,61.8,59,0,Under way using engine,2026-08-29 07:25:58,2026-08-28 23:25:58
172-5.838E,58-18.020N,172.097308,58.300333,016.1,63.1,59,0,Under way using engine,2026-08-29 07:27:46,2026-08-28 23:27:46
172-8.960E,58-18.899N,172.14934,58.31499,015.9,60.8,59,0,Under way using engine,2026-08-29 07:34:42,2026-08-28 23:34:42
172-11.053E,58-19.486N,172.18421,58.32477,016.1,63.6,59,0,Under way using engine,2026-08-29 07:39:31,2026-08-28 23:39:31
172-14.743E,58-20.511N,172.245713,58.341855,016.1,63,59,0,Under way using engine,2026-08-29 07:47:37,2026-08-28 23:47:37
172-15.593E,58-20.747N,172.259883,58.345782,016.0,62.1,59,0,Under way using engine,2026-08-29 07:49:31,2026-08-28 23:49:31
172-16.317E,58-20.952N,172.27195,58.349198,016.0,62.3,57,0,Under way using engine,2026-08-29 07:51:06,2026-08-28 23:51:06
172-17.158E,58-21.201N,172.285968,58.353358,016.0,60.6,57,0,Under way using engine,2026-08-29 07:53:02,2026-08-28 23:53:02
172-18.754E,58-21.676N,172.31257,58.361267,016.0,60,57,0,Under way using engine,2026-08-29 07:56:29,2026-08-28 23:56:29
172-19.056E,58-21.766N,172.317608,58.362765,016.0,61.5,57,0,Under way using engine,2026-08-29 07:57:21,2026-08-28 23:57:21
172-19.776E,58-21.977N,172.329593,58.36628,016.0,60.2,57,0,Under way using engine,2026-08-29 07:58:57,2026-08-28 23:58:57
172-22.840E,58-22.891N,172.380665,58.38151,016.0,58.2,55,0,Under way using engine,2026-08-29 08:05:41,2026-08-29 00:05:41
172-24.868E,58-23.536N,172.414468,58.392267,016.0,59,55,0,Under way using engine,2026-08-29 08:10:29,2026-08-29 00:10:29
172-25.294E,58-23.672N,172.421567,58.39453,015.9,57.8,55,0,Under way using engine,2026-08-29 08:11:32,2026-08-29 00:11:32
172-26.637E,58-24.098N,172.443948,58.401638,016.0,56.7,55,0,Under way using engine,2026-08-29 08:14:41,2026-08-29 00:14:41
172-30.878E,58-25.438N,172.514628,58.423973,015.9,58.3,55,0,Under way using engine,2026-08-29 08:24:32,2026-08-29 00:24:32
172-32.380E,58-25.913N,172.539667,58.431877,015.7,56,55,0,Under way using engine,2026-08-29 08:27:55,2026-08-29 00:27:55
172-32.817E,58-26.052N,172.546958,58.434205,015.7,59.3,56,0,Under way using engine,2026-08-29 08:28:55,2026-08-29 00:28:55
172-33.158E,58-26.158N,172.552628,58.435963,015.7,59.2,56,0,Under way using engine,2026-08-29 08:29:43,2026-08-29 00:29:43
172-33.549E,58-26.277N,172.559155,58.437957,015.9,60.4,58,0,Under way using engine,2026-08-29 08:30:37,2026-08-29 00:30:37
172-35.784E,58-26.936N,172.596403,58.448933,015.7,60.2,57,0,Under way using engine,2026-08-29 08:35:44,2026-08-29 00:35:44
172-36.831E,58-27.248N,172.613845,58.454132,015.7,61.1,57,0,Under way using engine,2026-08-29 08:38:07,2026-08-29 00:38:07
172-37.267E,58-27.378N,172.621117,58.456298,015.7,61.9,57,0,Under way using engine,2026-08-29 08:39:11,2026-08-29 00:39:11
172-38.712E,58-27.812N,172.645193,58.463535,016.0,61,57,0,Under way using engine,2026-08-29 08:42:17,2026-08-29 00:42:17
172-40.116E,58-28.231N,172.668592,58.470513,015.7,62,57,0,Under way using engine,2026-08-29 08:45:39,2026-08-29 00:45:39
172-40.945E,58-28.482N,172.682418,58.474705,015.9,60.9,57,0,Under way using engine,2026-08-29 08:47:31,2026-08-29 00:47:31
172-42.816E,58-29.046N,172.713602,58.484097,015.7,57.1,57,0,Under way using engine,2026-08-29 08:51:51,2026-08-29 00:51:51
172-44.172E,58-29.459N,172.736192,58.490975,015.8,60.4,57,0,Under way using engine,2026-08-29 08:54:54,2026-08-29 00:54:54
172-44.505E,58-29.559N,172.741755,58.492658,015.8,61.3,57,0,Under way using engine,2026-08-29 08:55:46,2026-08-29 00:55:46
172-45.068E,58-29.732N,172.751128,58.495527,015.7,59.2,57,0,Under way using engine,2026-08-29 08:57:00,2026-08-29 00:57:00
172-46.151E,58-30.066N,172.769187,58.501095,015.7,58.2,57,0,Under way using engine,2026-08-29 08:59:30,2026-08-29 00:59:30
172-47.007E,58-30.332N,172.783453,58.50554,015.6,60.6,57,0,Under way using engine,2026-08-29 09:01:34,2026-08-29 01:01:34
172-47.615E,58-30.520N,172.793587,58.508663,015.8,59.5,57,0,Under way using engine,2026-08-29 09:02:55,2026-08-29 01:02:55
172-48.475E,58-30.784N,172.807923,58.513065,015.8,60,57,0,Under way using engine,2026-08-29 09:04:56,2026-08-29 01:04:56
172-51.113E,58-31.595N,172.851878,58.526575,015.8,58.8,57,0,Under way using engine,2026-08-29 09:11:01,2026-08-29 01:11:01
172-51.757E,58-31.791N,172.862622,58.529858,015.8,58.6,57,0,Under way using engine,2026-08-29 09:12:33,2026-08-29 01:12:33
172-52.287E,58-31.952N,172.871452,58.532538,015.8,59.9,57,0,Under way using engine,2026-08-29 09:13:43,2026-08-29 01:13:43
172-53.503E,58-32.324N,172.891713,58.538737,015.8,61.3,57,0,Under way using engine,2026-08-29 09:16:30,2026-08-29 01:16:30
172-53.975E,58-32.467N,172.899578,58.54111,015.9,60.4,57,0,Under way using engine,2026-08-29 09:17:40,2026-08-29 01:17:40
172-54.765E,58-32.710N,172.912742,58.545165,015.7,60.7,57,0,Under way using engine,2026-08-29 09:19:28,2026-08-29 01:19:28
172-55.801E,58-33.029N,172.930022,58.550477,015.9,58.7,57,0,Under way using engine,2026-08-29 09:21:50,2026-08-29 01:21:50
172-56.408E,58-33.218N,172.940132,58.553628,015.8,58.2,57,0,Under way using engine,2026-08-29 09:23:11,2026-08-29 01:23:11
172-57.102E,58-33.433N,172.951692,58.557217,015.7,59.2,57,0,Under way using engine,2026-08-29 09:24:52,2026-08-29 01:24:52
172-57.749E,58-33.636N,172.96248,58.560603,015.8,59.6,57,0,Under way using engine,2026-08-29 09:26:21,2026-08-29 01:26:21
172-59.948E,58-34.330N,172.999137,58.572168,015.7,58.6,57,0,Under way using engine,2026-08-29 09:31:24,2026-08-29 01:31:24
173-0.374E,58-34.462N,173.006235,58.574363,015.7,60.1,59,0,Under way using engine,2026-08-29 09:32:28,2026-08-29 01:32:28
173-1.160E,58-34.695N,173.019327,58.578255,015.7,59.7,59,0,Under way using engine,2026-08-29 09:34:14,2026-08-29 01:34:14
173-2.432E,58-35.068N,173.040525,58.584467,015.7,60.1,59,0,Under way using engine,2026-08-29 09:37:06,2026-08-29 01:37:06
173-3.740E,58-35.452N,173.06233,58.590867,015.7,61.8,59,0,Under way using engine,2026-08-29 09:40:08,2026-08-29 01:40:08
173-4.911E,58-35.797N,173.081847,58.596615,015.6,58.8,59,0,Under way using engine,2026-08-29 09:42:41,2026-08-29 01:42:41
173-6.703E,58-36.324N,173.111713,58.605392,015.7,60.6,59,0,Under way using engine,2026-08-29 09:46:58,2026-08-29 01:46:58
173-7.218E,58-36.475N,173.120293,58.607922,015.7,60.3,59,0,Under way using engine,2026-08-29 09:48:09,2026-08-29 01:48:09
173-7.741E,58-36.629N,173.129022,58.610475,015.8,60,59,0,Under way using engine,2026-08-29 09:49:19,2026-08-29 01:49:19
173-8.222E,58-36.768N,173.137028,58.612807,015.6,61.4,59,0,Under way using engine,2026-08-29 09:50:26,2026-08-29 01:50:26
173-8.746E,58-36.918N,173.145768,58.615305,015.7,60.6,59,0,Under way using engine,2026-08-29 09:51:37,2026-08-29 01:51:37
173-9.096E,58-37.020N,173.151598,58.616998,015.6,61.9,59,0,Under way using engine,2026-08-29 09:52:26,2026-08-29 01:52:26
173-9.404E,58-37.108N,173.156732,58.618468,015.7,61,59,0,Under way using engine,2026-08-29 09:53:09,2026-08-29 01:53:09
173-10.102E,58-37.307N,173.168367,58.621778,015.7,61.2,59,0,Under way using engine,2026-08-29 09:54:43,2026-08-29 01:54:43
173-10.682E,58-37.472N,173.17804,58.624527,015.7,62.7,59,0,Under way using engine,2026-08-29 09:56:05,2026-08-29 01:56:05
173-12.821E,58-38.070N,173.21369,58.634503,015.9,61.4,59,0,Under way using engine,2026-08-29 10:00:49,2026-08-29 02:00:49
173-19.800E,58-39.995N,173.330003,58.666588,015.8,61.9,59,0,Under way using engine,2026-08-29 10:16:26,2026-08-29 02:16:26
173-20.696E,58-40.244N,173.344927,58.670737,015.9,63.9,59,0,Under way using engine,2026-08-29 10:18:26,2026-08-29 02:18:26
173-21.277E,58-40.407N,173.354623,58.673457,015.6,62,59,0,Under way using engine,2026-08-29 10:19:44,2026-08-29 02:19:44
173-22.536E,58-40.753N,173.375598,58.679222,015.8,61.5,59,0,Under way using engine,2026-08-29 10:22:29,2026-08-29 02:22:29
173-23.570E,58-41.037N,173.392838,58.68395,015.8,61.4,59,0,Under way using engine,2026-08-29 10:24:49,2026-08-29 02:24:49
173-24.241E,58-41.221N,173.404017,58.68701,015.7,63.6,59,0,Under way using engine,2026-08-29 10:26:19,2026-08-29 02:26:19
173-24.696E,58-41.345N,173.411597,58.689083,015.8,62.7,59,0,Under way using engine,2026-08-29 10:27:19,2026-08-29 02:27:19
173-25.270E,58-41.504N,173.421167,58.691728,015.8,62.5,59,0,Under way using engine,2026-08-29 10:28:36,2026-08-29 02:28:36
173-25.591E,58-41.592N,173.426518,58.693197,015.8,59.5,59,0,Under way using engine,2026-08-29 10:29:22,2026-08-29 02:29:22
173-26.171E,58-41.752N,173.436182,58.695868,015.8,62,59,0,Under way using engine,2026-08-29 10:30:29,2026-08-29 02:30:29
173-28.249E,58-42.326N,173.470812,58.705433,015.7,63.6,59,0,Under way using engine,2026-08-29 10:35:17,2026-08-29 02:35:17
173-30.735E,58-43.011N,173.512258,58.716843,015.3,60.4,56,0,Under way using engine,2026-08-29 10:40:55,2026-08-29 02:40:55
173-31.037E,58-43.102N,173.517283,58.718373,015.6,59,56,0,Under way using engine,2026-08-29 10:41:37,2026-08-29 02:41:37
173-31.842E,58-43.348N,173.530702,58.722468,015.5,57.8,56,0,Under way using engine,2026-08-29 10:43:31,2026-08-29 02:43:31
173-32.494E,58-43.546N,173.541567,58.725763,015.4,60.1,56,0,Under way using engine,2026-08-29 10:45:02,2026-08-29 02:45:02
173-32.973E,58-43.691N,173.549555,58.728185,015.5,60.5,56,0,Under way using engine,2026-08-29 10:46:12,2026-08-29 02:46:12
173-33.483E,58-43.846N,173.558058,58.730765,015.6,60.7,56,0,Under way using engine,2026-08-29 10:47:20,2026-08-29 02:47:20
173-33.836E,58-43.952N,173.563938,58.732532,015.5,59.9,56,0,Under way using engine,2026-08-29 10:48:07,2026-08-29 02:48:07
173-34.297E,58-44.091N,173.571623,58.73485,015.6,60.2,56,0,Under way using engine,2026-08-29 10:49:16,2026-08-29 02:49:16
173-34.733E,58-44.225N,173.57889,58.737083,015.6,61.2,56,0,Under way using engine,2026-08-29 10:50:11,2026-08-29 02:50:11
173-35.599E,58-44.490N,173.593318,58.741493,015.6,58.2,56,0,Under way using engine,2026-08-29 10:52:15,2026-08-29 02:52:15
173-36.207E,58-44.672N,173.603443,58.74453,015.6,62.1,56,0,Under way using engine,2026-08-29 10:53:40,2026-08-29 02:53:40
173-36.857E,58-44.867N,173.614278,58.747785,015.5,59.5,56,0,Under way using engine,2026-08-29 10:55:08,2026-08-29 02:55:08
173-37.845E,58-45.165N,173.630758,58.752748,015.6,60.8,56,0,Under way using engine,2026-08-29 10:57:25,2026-08-29 02:57:25
173-38.632E,58-45.403N,173.643863,58.756717,015.6,59.7,56,0,Under way using engine,2026-08-29 10:59:12,2026-08-29 02:59:12
173-38.936E,58-45.494N,173.648927,58.758235,015.6,59.6,56,0,Under way using engine,2026-08-29 10:59:55,2026-08-29 02:59:55
173-40.803E,58-46.057N,173.680042,58.767617,015.6,60.3,56,0,Under way using engine,2026-08-29 11:04:17,2026-08-29 03:04:17
173-42.060E,58-46.438N,173.700992,58.773963,015.4,58.4,56,0,Under way using engine,2026-08-29 11:07:08,2026-08-29 03:07:08
173-43.551E,58-46.886N,173.725857,58.781433,015.2,60.6,56,0,Under way using engine,2026-08-29 11:10:42,2026-08-29 03:10:42
173-44.156E,58-47.067N,173.735938,58.784457,015.5,59,56,0,Under way using engine,2026-08-29 11:12:04,2026-08-29 03:12:04
173-44.922E,58-47.295N,173.748695,58.788253,015.6,59.3,56,0,Under way using engine,2026-08-29 11:13:52,2026-08-29 03:13:52
173-45.654E,58-47.513N,173.760907,58.791885,015.5,60.5,56,0,Under way using engine,2026-08-29 11:15:32,2026-08-29 03:15:32
173-46.212E,58-47.681N,173.770208,58.794685,015.5,58.3,56,0,Under way using engine,2026-08-29 11:16:49,2026-08-29 03:16:49
173-46.949E,58-47.902N,173.782478,58.798367,015.4,59.9,56,0,Under way using engine,2026-08-29 11:18:32,2026-08-29 03:18:32
173-47.465E,58-48.055N,173.79108,58.80092,015.5,59.2,56,0,Under way using engine,2026-08-29 11:19:44,2026-08-29 03:19:44
173-50.675E,58-49.020N,173.844587,58.817,015.5,58.3,56,0,Under way using engine,2026-08-29 11:27:11,2026-08-29 03:27:11
173-51.051E,58-49.134N,173.850857,58.818908,015.3,58.8,56,0,Under way using engine,2026-08-29 11:28:12,2026-08-29 03:28:12
173-51.363E,58-49.230N,173.856045,58.820497,015.4,59.2,56,0,Under way using engine,2026-08-29 11:28:50,2026-08-29 03:28:50
173-52.559E,58-49.593N,173.875978,58.826555,015.4,59.5,56,0,Under way using engine,2026-08-29 11:31:36,2026-08-29 03:31:36
173-53.829E,58-49.981N,173.89715,58.833013,015.4,60.7,56,0,Under way using engine,2026-08-29 11:34:38,2026-08-29 03:34:38
173-54.762E,58-50.265N,173.912707,58.837748,015.3,59.8,56,0,Under way using engine,2026-08-29 11:36:51,2026-08-29 03:36:51
173-57.436E,58-51.087N,173.957263,58.851442,015.3,58.9,56,0,Under way using engine,2026-08-29 11:42:59,2026-08-29 03:42:59
174-0.147E,58-51.916N,174.002442,58.865263,015.3,59.6,56,0,Under way using engine,2026-08-29 11:49:30,2026-08-29 03:49:30
174-0.783E,58-52.109N,174.01305,58.868487,015.3,59.9,56,0,Under way using engine,2026-08-29 11:51:05,2026-08-29 03:51:05
174-1.939E,58-52.459N,174.032315,58.874313,015.5,59.6,56,0,Under way using engine,2026-08-29 11:53:44,2026-08-29 03:53:44
174-5.585E,58-53.551N,174.09309,58.89252,015.3,59.9,56,0,Under way using engine,2026-08-29 12:02:18,2026-08-29 04:02:18
174-6.219E,58-53.740N,174.103643,58.895662,015.3,60.4,56,0,Under way using engine,2026-08-29 12:03:50,2026-08-29 04:03:50
174-7.972E,58-54.266N,174.132863,58.904428,015.2,58.2,56,0,Under way using engine,2026-08-29 12:07:56,2026-08-29 04:07:56
174-8.556E,58-54.443N,174.142607,58.907375,015.1,61.1,56,0,Under way using engine,2026-08-29 12:09:18,2026-08-29 04:09:18
174-8.888E,58-54.542N,174.148127,58.90903,015.2,60.7,56,0,Under way using engine,2026-08-29 12:10:06,2026-08-29 04:10:06
174-9.401E,58-54.695N,174.156688,58.911588,015.2,57.5,56,0,Under way using engine,2026-08-29 12:11:17,2026-08-29 04:11:17
174-9.732E,58-54.794N,174.162207,58.913233,015.1,58.5,56,0,Under way using engine,2026-08-29 12:12:09,2026-08-29 04:12:09
174-10.920E,58-55.149N,174.182003,58.919155,015.1,59,56,0,Under way using engine,2026-08-29 12:14:56,2026-08-29 04:14:56
174-11.810E,58-55.416N,174.196825,58.923607,015.2,58.7,56,0,Under way using engine,2026-08-29 12:17:01,2026-08-29 04:17:01
174-12.113E,58-55.507N,174.201877,58.925113,015.1,60.2,56,0,Under way using engine,2026-08-29 12:17:45,2026-08-29 04:17:45
174-12.451E,58-55.608N,174.207523,58.926795,015.2,61.6,56,0,Under way using engine,2026-08-29 12:18:32,2026-08-29 04:18:32
174-12.790E,58-55.709N,174.213172,58.928487,015.1,58.9,56,0,Under way using engine,2026-08-29 12:19:11,2026-08-29 04:19:11
174-14.731E,58-56.287N,174.245512,58.938112,015.2,59.9,56,0,Under way using engine,2026-08-29 12:23:57,2026-08-29 04:23:57
174-15.155E,58-56.412N,174.252583,58.940202,015.3,60.3,56,0,Under way using engine,2026-08-29 12:24:57,2026-08-29 04:24:57
174-15.752E,58-56.587N,174.26254,58.943113,015.2,60.8,56,0,Under way using engine,2026-08-29 12:26:18,2026-08-29 04:26:18
174-16.271E,58-56.739N,174.271178,58.945655,015.2,60.5,56,0,Under way using engine,2026-08-29 12:27:33,2026-08-29 04:27:33
174-16.993E,58-56.953N,174.28322,58.949212,015.2,60.8,56,0,Under way using engine,2026-08-29 12:29:16,2026-08-29 04:29:16
174-17.669E,58-57.150N,174.294478,58.952495,015.2,61.8,56,0,Under way using engine,2026-08-29 12:30:49,2026-08-29 04:30:49
174-20.142E,58-57.876N,174.335692,58.9646,015.2,59.2,56,0,Under way using engine,2026-08-29 12:36:35,2026-08-29 04:36:35
174-21.636E,58-58.312N,174.360592,58.971873,015.1,62.8,57,0,Under way using engine,2026-08-29 12:40:12,2026-08-29 04:40:12
174-22.417E,58-58.531N,174.373623,58.975518,015.0,60.2,57,0,Under way using engine,2026-08-29 12:41:56,2026-08-29 04:41:56
174-23.622E,58-58.869N,174.393695,58.981157,015.3,60.5,57,0,Under way using engine,2026-08-29 12:44:44,2026-08-29 04:44:44
174-25.441E,58-59.400N,174.424022,58.989997,015.2,60,56,0,Under way using engine,2026-08-29 12:49:00,2026-08-29 04:49:00
174-27.745E,59-0.075N,174.462423,59.001248,015.2,59.1,56,0,Under way using engine,2026-08-29 12:54:28,2026-08-29 04:54:28
174-28.686E,59-0.351N,174.478102,59.005855,015.3,60.6,56,0,Under way using engine,2026-08-29 12:56:38,2026-08-29 04:56:38
174-30.561E,59-0.901N,174.509345,59.015022,015.2,61.5,56,0,Under way using engine,2026-08-29 13:01:02,2026-08-29 05:01:02
174-30.990E,59-1.030N,174.516497,59.017163,015.1,60,55,0,Under way using engine,2026-08-29 13:02:05,2026-08-29 05:02:05
174-32.121E,59-1.374N,174.535345,59.022903,015.1,58.9,55,0,Under way using engine,2026-08-29 13:04:34,2026-08-29 05:04:34
174-34.758E,59-2.169N,174.579292,59.036145,015.4,59.5,56,0,Under way using engine,2026-08-29 13:10:55,2026-08-29 05:10:55
174-35.692E,59-2.445N,174.594862,59.040742,015.2,61.4,56,0,Under way using engine,2026-08-29 13:13:09,2026-08-29 05:13:09
174-36.041E,59-2.548N,174.60068,59.042467,015.2,60.9,56,0,Under way using engine,2026-08-29 13:14:02,2026-08-29 05:14:02
174-36.939E,59-2.816N,174.615642,59.046933,015.3,62,56,0,Under way using engine,2026-08-29 13:16:02,2026-08-29 05:16:02
174-38.922E,59-3.400N,174.648703,59.056672,015.4,59.2,56,0,Under way using engine,2026-08-29 13:20:41,2026-08-29 05:20:41
174-43.290E,59-4.682N,174.721507,59.078033,015.2,60.7,56,0,Under way using engine,2026-08-29 13:30:50,2026-08-29 05:30:50
174-43.591E,59-4.771N,174.72651,59.079515,015.2,58.3,56,0,Under way using engine,2026-08-29 13:31:32,2026-08-29 05:31:32
174-44.455E,59-5.025N,174.740922,59.083748,015.4,60.1,56,0,Under way using engine,2026-08-29 13:33:36,2026-08-29 05:33:36
174-46.370E,59-5.591N,174.772828,59.093178,015.3,57.4,56,0,Under way using engine,2026-08-29 13:38:01,2026-08-29 05:38:01
174-49.039E,59-6.373N,174.817318,59.10622,015.2,58.7,56,0,Under way using engine,2026-08-29 13:44:13,2026-08-29 05:44:13
174-50.745E,59-6.873N,174.84575,59.114553,015.2,60.7,56,0,Under way using engine,2026-08-29 13:48:14,2026-08-29 05:48:14
174-51.512E,59-7.097N,174.85854,59.11829,015.4,59.7,56,0,Under way using engine,2026-08-29 13:50:01,2026-08-29 05:50:01
174-52.039E,59-7.252N,174.86732,59.12086,015.3,57.9,56,0,Under way using engine,2026-08-29 13:51:15,2026-08-29 05:51:15
174-52.902E,59-7.505N,174.881693,59.125075,015.2,59.4,56,0,Under way using engine,2026-08-29 13:53:16,2026-08-29 05:53:16
174-53.246E,59-7.605N,174.887428,59.126745,015.2,58.4,56,0,Under way using engine,2026-08-29 13:54:04,2026-08-29 05:54:04
174-54.445E,59-7.958N,174.907418,59.132635,015.1,58.3,56,0,Under way using engine,2026-08-29 13:56:53,2026-08-29 05:56:53
174-55.957E,59-8.398N,174.93261,59.139972,015.4,59.9,56,0,Under way using engine,2026-08-29 14:00:20,2026-08-29 06:00:20
174-56.739E,59-8.627N,174.945643,59.143777,015.4,61.6,56,0,Under way using engine,2026-08-29 14:02:12,2026-08-29 06:02:12
174-58.604E,59-9.177N,174.976728,59.152957,015.5,60.2,56,0,Under way using engine,2026-08-29 14:06:25,2026-08-29 06:06:25
174-59.430E,59-9.422N,174.9905,59.157032,015.3,60.9,56,0,Under way using engine,2026-08-29 14:08:22,2026-08-29 06:08:22
175-3.027E,59-10.499N,175.050453,59.174975,015.5,59.7,56,0,Under way using engine,2026-08-29 14:16:37,2026-08-29 06:16:37
175-3.645E,59-10.680N,175.06075,59.178008,015.4,60.1,56,0,Under way using engine,2026-08-29 14:18:05,2026-08-29 06:18:05
175-4.028E,59-10.794N,175.067132,59.179905,015.5,59.2,56,0,Under way using engine,2026-08-29 14:18:57,2026-08-29 06:18:57
175-4.768E,59-11.015N,175.079462,59.183582,015.6,59,56,0,Under way using engine,2026-08-29 14:20:37,2026-08-29 06:20:37
175-5.418E,59-11.209N,175.090302,59.18681,015.3,59.8,56,0,Under way using engine,2026-08-29 14:22:07,2026-08-29 06:22:07
175-6.497E,59-11.529N,175.10829,59.192153,015.3,58.5,56,0,Under way using engine,2026-08-29 14:24:37,2026-08-29 06:24:37
175-8.313E,59-12.064N,175.138555,59.201062,015.4,60.2,56,0,Under way using engine,2026-08-29 14:28:50,2026-08-29 06:28:50
175-8.748E,59-12.190N,175.145793,59.203168,015.2,60.8,57,0,Under way using engine,2026-08-29 14:29:50,2026-08-29 06:29:50
175-9.619E,59-12.440N,175.160323,59.207332,015.5,61,57,0,Under way using engine,2026-08-29 14:31:50,2026-08-29 06:31:50
175-10.281E,59-12.628N,175.171358,59.210473,015.2,62.5,57,0,Under way using engine,2026-08-29 14:33:22,2026-08-29 06:33:22
175-11.198E,59-12.888N,175.186633,59.214807,015.3,63,57,0,Under way using engine,2026-08-29 14:35:25,2026-08-29 06:35:25
175-14.896E,59-13.939N,175.24826,59.232317,015.4,59.6,57,0,Under way using engine,2026-08-29 14:43:56,2026-08-29 06:43:56
175-17.053E,59-14.555N,175.28421,59.242583,015.6,59.7,57,0,Under way using engine,2026-08-29 14:48:51,2026-08-29 06:48:51
175-17.535E,59-14.694N,175.292253,59.244903,015.6,59.7,57,0,Under way using engine,2026-08-29 14:49:56,2026-08-29 06:49:56
175-17.930E,59-14.808N,175.29883,59.2468,015.3,61.4,57,0,Under way using engine,2026-08-29 14:50:49,2026-08-29 06:50:49
175-18.804E,59-15.060N,175.313402,59.251,015.4,60.6,57,0,Under way using engine,2026-08-29 14:52:53,2026-08-29 06:52:53
175-20.116E,59-15.434N,175.335262,59.257228,015.3,60.9,57,0,Under way using engine,2026-08-29 14:55:51,2026-08-29 06:55:51
175-20.688E,59-15.596N,175.344807,59.25994,015.6,59.5,57,0,Under way using engine,2026-08-29 14:57:05,2026-08-29 06:57:05
175-21.657E,59-15.873N,175.360955,59.264552,015.4,62.3,57,0,Under way using engine,2026-08-29 14:59:20,2026-08-29 06:59:20
175-22.147E,59-16.015N,175.369115,59.266917,015.5,60.5,57,0,Under way using engine,2026-08-29 15:00:26,2026-08-29 07:00:26
175-22.894E,59-16.231N,175.38157,59.27051,015.6,59.4,56,0,Under way using engine,2026-08-29 15:02:07,2026-08-29 07:02:07
175-24.067E,59-16.579N,175.401115,59.276317,015.6,58.9,56,0,Under way using engine,2026-08-29 15:04:50,2026-08-29 07:04:50
175-25.463E,59-16.994N,175.42439,59.28323,015.3,59.6,56,0,Under way using engine,2026-08-29 15:08:04,2026-08-29 07:08:04
175-26.192E,59-17.213N,175.436537,59.286882,015.4,61.7,56,0,Under way using engine,2026-08-29 15:09:44,2026-08-29 07:09:44
175-27.536E,59-17.624N,175.458938,59.293737,015.4,58.3,56,0,Under way using engine,2026-08-29 15:12:51,2026-08-29 07:12:51
175-28.011E,59-17.771N,175.46685,59.296175,015.7,58.9,56,0,Under way using engine,2026-08-29 15:13:56,2026-08-29 07:13:56
175-28.486E,59-17.916N,175.474768,59.298593,015.4,60.2,56,0,Under way using engine,2026-08-29 15:15:04,2026-08-29 07:15:04
175-28.788E,59-18.008N,175.479797,59.300132,015.3,59,56,0,Under way using engine,2026-08-29 15:15:43,2026-08-29 07:15:43
175-29.218E,59-18.140N,175.486963,59.302338,015.3,59.9,56,0,Under way using engine,2026-08-29 15:16:44,2026-08-29 07:16:44
175-30.777E,59-18.615N,175.512952,59.310247,015.4,59.4,56,0,Under way using engine,2026-08-29 15:20:20,2026-08-29 07:20:20
175-32.242E,59-19.059N,175.537373,59.317642,015.4,60,56,0,Under way using engine,2026-08-29 15:23:42,2026-08-29 07:23:42
175-32.665E,59-19.188N,175.544417,59.319792,015.3,60.8,56,0,Under way using engine,2026-08-29 15:24:42,2026-08-29 07:24:42
175-34.687E,59-19.800N,175.578123,59.330008,015.4,58.4,56,0,Under way using engine,2026-08-29 15:29:27,2026-08-29 07:29:27
175-35.123E,59-19.935N,175.585382,59.332248,015.4,59.7,56,0,Under way using engine,2026-08-29 15:30:28,2026-08-29 07:30:28
175-35.989E,59-20.193N,175.59982,59.336552,015.3,57.7,57,0,Under way using engine,2026-08-29 15:32:33,2026-08-29 07:32:33
175-38.770E,59-21.000N,175.646162,59.350002,015.4,59.4,57,0,Under way using engine,2026-08-29 15:38:51,2026-08-29 07:38:51
175-40.122E,59-21.386N,175.668702,59.35644,015.4,62.5,58,0,Under way using engine,2026-08-29 15:42:02,2026-08-29 07:42:02
175-41.037E,59-21.643N,175.683953,59.360723,015.1,61.9,58,0,Under way using engine,2026-08-29 15:44:03,2026-08-29 07:44:03
175-41.517E,59-21.777N,175.691945,59.362952,015.2,60.2,58,0,Under way using engine,2026-08-29 15:45:07,2026-08-29 07:45:07
175-42.388E,59-22.021N,175.706465,59.367015,015.2,60.3,58,0,Under way using engine,2026-08-29 15:47:09,2026-08-29 07:47:09
175-42.692E,59-22.107N,175.71154,59.368445,015.1,61.6,58,0,Under way using engine,2026-08-29 15:47:49,2026-08-29 07:47:49
175-43.485E,59-22.327N,175.724743,59.372115,015.2,61.6,58,0,Under way using engine,2026-08-29 15:49:36,2026-08-29 07:49:36
175-44.215E,59-22.532N,175.736922,59.375535,015.2,58.2,58,0,Under way using engine,2026-08-29 15:51:21,2026-08-29 07:51:21
175-45.563E,59-22.910N,175.75939,59.381837,015.2,59.2,58,0,Under way using engine,2026-08-29 15:54:27,2026-08-29 07:54:27
175-46.783E,59-23.249N,175.779715,59.387485,015.1,62.7,58,0,Under way using engine,2026-08-29 15:57:14,2026-08-29 07:57:14
175-47.868E,59-23.554N,175.797795,59.392565,015.2,60.9,58,0,Under way using engine,2026-08-29 15:59:43,2026-08-29 07:59:43
175-48.300E,59-23.675N,175.804992,59.394585,015.0,59.1,57,0,Under way using engine,2026-08-29 16:00:44,2026-08-29 08:00:44
175-48.899E,59-23.848N,175.814978,59.39746,015.0,59,57,0,Under way using engine,2026-08-29 16:02:10,2026-08-29 08:02:10
175-49.335E,59-23.974N,175.822247,59.399565,015.1,60,57,0,Under way using engine,2026-08-29 16:03:09,2026-08-29 08:03:09
175-49.760E,59-24.097N,175.829332,59.401617,015.1,60.5,57,0,Under way using engine,2026-08-29 16:04:10,2026-08-29 08:04:10
175-50.192E,59-24.223N,175.836525,59.40371,015.1,58.9,57,0,Under way using engine,2026-08-29 16:05:10,2026-08-29 08:05:10
175-50.622E,59-24.348N,175.843695,59.405802,015.2,60.8,57,0,Under way using engine,2026-08-29 16:06:08,2026-08-29 08:06:08
175-51.573E,59-24.625N,175.859542,59.410412,015.1,60.7,57,0,Under way using engine,2026-08-29 16:08:19,2026-08-29 08:08:19
175-52.006E,59-24.751N,175.86677,59.412515,015.2,61.6,57,0,Under way using engine,2026-08-29 16:09:20,2026-08-29 08:09:20
175-53.011E,59-25.042N,175.88352,59.417372,015.2,60.3,57,0,Under way using engine,2026-08-29 16:11:38,2026-08-29 08:11:38
175-54.436E,59-25.453N,175.907268,59.424212,015.1,59.4,57,0,Under way using engine,2026-08-29 16:14:58,2026-08-29 08:14:58
175-55.768E,59-25.836N,175.92946,59.430603,015.0,62,57,0,Under way using engine,2026-08-29 16:18:02,2026-08-29 08:18:02
175-56.355E,59-26.006N,175.939253,59.433437,015.0,61,57,0,Under way using engine,2026-08-29 16:19:26,2026-08-29 08:19:26
175-57.353E,59-26.293N,175.95588,59.438222,015.0,60,57,0,Under way using engine,2026-08-29 16:21:45,2026-08-29 08:21:45
175-58.217E,59-26.539N,175.970285,59.442318,015.2,64.2,57,0,Under way using engine,2026-08-29 16:23:44,2026-08-29 08:23:44
176-0.668E,59-27.238N,176.011133,59.453962,014.9,58.8,57,0,Under way using engine,2026-08-29 16:29:34,2026-08-29 08:29:34
176-2.163E,59-27.665N,176.036042,59.461082,015.0,61.7,57,0,Under way using engine,2026-08-29 16:32:58,2026-08-29 08:32:58
176-2.849E,59-27.861N,176.047478,59.464347,015.2,61.1,57,0,Under way using engine,2026-08-29 16:34:32,2026-08-29 08:34:32
176-8.539E,59-29.479N,176.14232,59.491317,015.0,61.7,57,0,Under way using engine,2026-08-29 16:47:49,2026-08-29 08:47:49
176-8.884E,59-29.574N,176.148063,59.492907,015.0,62.8,57,0,Under way using engine,2026-08-29 16:48:39,2026-08-29 08:48:39
176-10.904E,59-30.141N,176.18173,59.502345,015.0,60.3,57,0,Under way using engine,2026-08-29 16:53:20,2026-08-29 08:53:20
176-11.776E,59-30.383N,176.196263,59.506382,015.1,62.2,57,0,Under way using engine,2026-08-29 16:55:22,2026-08-29 08:55:22
176-12.201E,59-30.503N,176.203353,59.508378,015.2,61.7,57,0,Under way using engine,2026-08-29 16:56:20,2026-08-29 08:56:20
176-12.512E,59-30.590N,176.208533,59.509838,015.2,61.4,57,0,Under way using engine,2026-08-29 16:57:07,2026-08-29 08:57:07
176-13.464E,59-30.855N,176.224392,59.514253,015.1,61.6,57,0,Under way using engine,2026-08-29 16:59:12,2026-08-29 08:59:12
176-13.900E,59-30.977N,176.231665,59.516283,015.3,61.9,57,0,Under way using engine,2026-08-29 17:00:14,2026-08-29 09:00:14
176-14.251E,59-31.073N,176.237513,59.51789,015.2,60.7,57,0,Under way using engine,2026-08-29 17:01:02,2026-08-29 09:01:02
176-14.780E,59-31.219N,176.246328,59.520323,015.1,62.3,57,0,Under way using engine,2026-08-29 17:02:13,2026-08-29 09:02:13
176-15.615E,59-31.451N,176.260242,59.524183,015.3,61.6,57,0,Under way using engine,2026-08-29 17:04:06,2026-08-29 09:04:06
176-16.091E,59-31.583N,176.26818,59.526388,015.3,60.1,57,0,Under way using engine,2026-08-29 17:05:13,2026-08-29 09:05:13
176-16.800E,59-31.783N,176.280005,59.52971,015.2,61.3,56,0,Under way using engine,2026-08-29 17:06:48,2026-08-29 09:06:48
176-19.161E,59-32.465N,176.319343,59.541075,015.2,63,56,0,Under way using engine,2026-08-29 17:12:19,2026-08-29 09:12:19
176-19.501E,59-32.563N,176.325013,59.542713,015.1,61,56,0,Under way using engine,2026-08-29 17:13:03,2026-08-29 09:13:03
176-21.739E,59-33.209N,176.36231,59.55349,015.4,60,56,0,Under way using engine,2026-08-29 17:18:08,2026-08-29 09:18:08
176-22.318E,59-33.377N,176.37196,59.556283,015.5,58.1,56,0,Under way using engine,2026-08-29 17:19:29,2026-08-29 09:19:29
176-25.596E,59-34.324N,176.426607,59.572065,015.3,61.7,56,0,Under way using engine,2026-08-29 17:27:01,2026-08-29 09:27:01
176-26.165E,59-34.488N,176.436082,59.574803,015.3,59.6,56,0,Under way using engine,2026-08-29 17:28:12,2026-08-29 09:28:12
176-28.523E,59-35.182N,176.47538,59.586372,015.3,59.5,55,0,Under way using engine,2026-08-29 17:33:40,2026-08-29 09:33:40
176-33.356E,59-36.632N,176.555932,59.610533,015.4,57.2,55,0,Under way using engine,2026-08-29 17:44:47,2026-08-29 09:44:47
176-33.826E,59-36.772N,176.563763,59.61287,015.4,59.8,55,0,Under way using engine,2026-08-29 17:45:54,2026-08-29 09:45:54
176-34.790E,59-37.057N,176.579837,59.617618,015.4,59,55,0,Under way using engine,2026-08-29 17:48:03,2026-08-29 09:48:03
176-35.532E,59-37.277N,176.592197,59.621277,015.3,59.5,55,0,Under way using engine,2026-08-29 17:49:45,2026-08-29 09:49:45
176-35.918E,59-37.391N,176.59864,59.62319,015.4,60.3,55,0,Under way using engine,2026-08-29 17:50:39,2026-08-29 09:50:39
176-36.365E,59-37.524N,176.606078,59.625397,015.5,59.7,55,0,Under way using engine,2026-08-29 17:51:38,2026-08-29 09:51:38
176-37.458E,59-37.847N,176.624305,59.630782,015.5,59.1,55,0,Under way using engine,2026-08-29 17:54:08,2026-08-29 09:54:08
176-37.773E,59-37.940N,176.629553,59.63233,015.6,60.7,55,0,Under way using engine,2026-08-29 17:54:50,2026-08-29 09:54:50
176-39.003E,59-38.303N,176.650048,59.63838,015.6,61,55,0,Under way using engine,2026-08-29 17:57:39,2026-08-29 09:57:39
176-39.452E,59-38.435N,176.657533,59.640585,015.5,61.1,56,0,Under way using engine,2026-08-29 17:58:39,2026-08-29 09:58:39
176-41.031E,59-38.902N,176.683855,59.648372,015.5,59,55,0,Under way using engine,2026-08-29 18:02:13,2026-08-29 10:02:13
176-41.427E,59-39.019N,176.690442,59.650313,015.4,58.9,55,0,Under way using engine,2026-08-29 18:03:07,2026-08-29 10:03:07
176-41.742E,59-39.111N,176.695692,59.651855,015.4,59.7,55,0,Under way using engine,2026-08-29 18:03:50,2026-08-29 10:03:50
176-42.180E,59-39.240N,176.703008,59.654007,015.5,60.5,55,0,Under way using engine,2026-08-29 18:04:49,2026-08-29 10:04:49
176-43.496E,59-39.623N,176.724937,59.660382,015.5,59.4,55,0,Under way using engine,2026-08-29 18:07:41,2026-08-29 10:07:41
176-44.282E,59-39.851N,176.738037,59.664188,015.4,62.2,55,0,Under way using engine,2026-08-29 18:09:37,2026-08-29 10:09:37
176-44.687E,59-39.968N,176.744785,59.666138,015.5,59.5,55,0,Under way using engine,2026-08-29 18:10:32,2026-08-29 10:10:32
176-45.435E,59-40.187N,176.757253,59.669775,015.3,59.1,55,0,Under way using engine,2026-08-29 18:12:14,2026-08-29 10:12:14
176-45.873E,59-40.315N,176.764553,59.671922,015.4,59.6,55,0,Under way using engine,2026-08-29 18:13:14,2026-08-29 10:13:14
176-46.311E,59-40.444N,176.771845,59.674073,015.4,60.4,55,0,Under way using engine,2026-08-29 18:14:13,2026-08-29 10:14:13
176-47.231E,59-40.710N,176.787177,59.678498,015.2,61.1,55,0,Under way using engine,2026-08-29 18:16:19,2026-08-29 10:16:19
176-47.838E,59-40.885N,176.797308,59.68142,015.3,60.9,55,0,Under way using engine,2026-08-29 18:17:45,2026-08-29 10:17:45
176-49.518E,59-41.371N,176.8253,59.689518,015.4,60.5,55,0,Under way using engine,2026-08-29 18:21:30,2026-08-29 10:21:30
176-50.399E,59-41.625N,176.839978,59.693753,015.4,61.6,55,0,Under way using engine,2026-08-29 18:23:31,2026-08-29 10:23:31
176-51.458E,59-41.931N,176.857633,59.698852,015.3,61.5,55,0,Under way using engine,2026-08-29 18:26:00,2026-08-29 10:26:00
176-52.289E,59-42.171N,176.87149,59.702847,015.4,62.8,55,0,Under way using engine,2026-08-29 18:27:49,2026-08-29 10:27:49
176-54.313E,59-42.760N,176.905223,59.712665,015.3,61.2,55,0,Under way using engine,2026-08-29 18:32:26,2026-08-29 10:32:26
176-54.752E,59-42.887N,176.91253,59.714788,015.3,59.2,55,0,Under way using engine,2026-08-29 18:33:28,2026-08-29 10:33:28
176-55.096E,59-42.986N,176.91826,59.716433,015.3,60.7,55,0,Under way using engine,2026-08-29 18:34:13,2026-08-29 10:34:13
176-56.232E,59-43.313N,176.937207,59.721877,015.1,59.4,55,0,Under way using engine,2026-08-29 18:36:51,2026-08-29 10:36:51
176-57.233E,59-43.604N,176.953882,59.72673,015.2,60.6,55,0,Under way using engine,2026-08-29 18:39:08,2026-08-29 10:39:08
176-58.586E,59-43.998N,176.976433,59.733292,015.3,56.3,55,0,Under way using engine,2026-08-29 18:42:14,2026-08-29 10:42:14
176-59.200E,59-44.176N,176.986673,59.736265,015.0,60.9,55,0,Under way using engine,2026-08-29 18:43:37,2026-08-29 10:43:37
176-59.577E,59-44.286N,176.99295,59.738098,015.2,60.8,55,0,Under way using engine,2026-08-29 18:44:31,2026-08-29 10:44:31
177-0.238E,59-44.478N,177.003965,59.741297,015.2,58.1,55,0,Under way using engine,2026-08-29 18:46:00,2026-08-29 10:46:00
177-1.668E,59-44.892N,177.027795,59.748208,015.1,58.5,55,0,Under way using engine,2026-08-29 18:49:19,2026-08-29 10:49:19
177-2.092E,59-45.016N,177.034872,59.750272,015.1,60.2,55,0,Under way using engine,2026-08-29 18:50:21,2026-08-29 10:50:21
177-3.093E,59-45.310N,177.051555,59.755172,014.9,61.9,55,0,Under way using engine,2026-08-29 18:52:41,2026-08-29 10:52:41
177-4.161E,59-45.619N,177.069357,59.760315,015.1,59.6,55,0,Under way using engine,2026-08-29 18:55:10,2026-08-29 10:55:10
177-5.765E,59-46.088N,177.09608,59.768128,014.9,62.6,55,0,Under way using engine,2026-08-29 18:58:49,2026-08-29 10:58:49
177-6.400E,59-46.277N,177.106665,59.771288,015.0,58.3,55,0,Under way using engine,2026-08-29 19:00:18,2026-08-29 11:00:18
177-6.961E,59-46.442N,177.11601,59.77403,015.2,58.9,55,0,Under way using engine,2026-08-29 19:01:39,2026-08-29 11:01:39
177-7.651E,59-46.646N,177.127517,59.777435,015.1,58.7,55,0,Under way using engine,2026-08-29 19:03:14,2026-08-29 11:03:14
177-8.134E,59-46.790N,177.135565,59.779828,015.2,59.8,55,0,Under way using engine,2026-08-29 19:04:24,2026-08-29 11:04:24
177-9.210E,59-47.110N,177.153502,59.785162,015.1,58.5,56,0,Under way using engine,2026-08-29 19:06:50,2026-08-29 11:06:50
177-10.352E,59-47.432N,177.17254,59.79054,015.1,60.1,57,0,Under way using engine,2026-08-29 19:09:27,2026-08-29 11:09:27
177-11.673E,59-47.792N,177.19455,59.796527,015.3,61.4,57,0,Under way using engine,2026-08-29 19:12:26,2026-08-29 11:12:26
177-12.477E,59-48.011N,177.207948,59.800188,015.3,60,57,0,Under way using engine,2026-08-29 19:14:16,2026-08-29 11:14:16
177-13.442E,59-48.273N,177.224038,59.804557,015.1,63,57,0,Under way using engine,2026-08-29 19:16:27,2026-08-29 11:16:27
177-13.878E,59-48.392N,177.231292,59.80653,015.2,62,57,0,Under way using engine,2026-08-29 19:17:26,2026-08-29 11:17:26
177-14.942E,59-48.683N,177.249038,59.811388,015.1,61.5,57,0,Under way using engine,2026-08-29 19:19:51,2026-08-29 11:19:51
177-15.731E,59-48.900N,177.262187,59.815,014.9,63.7,57,0,Under way using engine,2026-08-29 19:21:37,2026-08-29 11:21:37
177-16.259E,59-49.044N,177.270987,59.817402,015.2,62.2,57,0,Under way using engine,2026-08-29 19:22:52,2026-08-29 11:22:52
177-17.672E,59-49.437N,177.294532,59.823957,015.1,61.3,56,0,Under way using engine,2026-08-29 19:26:05,2026-08-29 11:26:05
177-19.685E,59-50.038N,177.32809,59.833972,015.0,59.8,55,0,Under way using engine,2026-08-29 19:30:45,2026-08-29 11:30:45
177-23.703E,59-51.226N,177.395053,59.85376,015.3,62,55,0,Under way using engine,2026-08-29 19:40:02,2026-08-29 11:40:02
177-29.072E,59-52.769N,177.484525,59.879488,015.5,59.2,56,0,Under way using engine,2026-08-29 19:52:11,2026-08-29 11:52:11
177-29.560E,59-52.908N,177.492673,59.881793,015.4,61.5,57,0,Under way using engine,2026-08-29 19:53:22,2026-08-29 11:53:22
177-30.131E,59-53.067N,177.50219,59.884457,015.3,62.6,56,0,Under way using engine,2026-08-29 19:54:40,2026-08-29 11:54:40
177-30.662E,59-53.216N,177.51104,59.886938,015.3,61.7,56,0,Under way using engine,2026-08-29 19:55:48,2026-08-29 11:55:48
177-31.377E,59-53.418N,177.52295,59.890307,015.3,59.3,56,0,Under way using engine,2026-08-29 19:57:29,2026-08-29 11:57:29
177-31.688E,59-53.506N,177.528135,59.89177,015.2,59.7,56,0,Under way using engine,2026-08-29 19:58:08,2026-08-29 11:58:08
177-32.089E,59-53.619N,177.534815,59.893647,015.4,61.6,56,0,Under way using engine,2026-08-29 19:59:01,2026-08-29 11:59:01
177-32.496E,59-53.733N,177.541597,59.895552,015.3,59.1,55,0,Under way using engine,2026-08-29 19:59:57,2026-08-29 11:59:57
177-33.008E,59-53.884N,177.550132,59.898065,015.3,59.8,55,0,Under way using engine,2026-08-29 20:01:08,2026-08-29 12:01:08
177-33.457E,59-54.015N,177.557622,59.900253,015.5,61.3,55,0,Under way using engine,2026-08-29 20:02:08,2026-08-29 12:02:08
177-35.880E,59-54.732N,177.598002,59.912208,015.3,59.4,55,0,Under way using engine,2026-08-29 20:07:38,2026-08-29 12:07:38
177-36.319E,59-54.861N,177.605318,59.914358,015.3,61.8,55,0,Under way using engine,2026-08-29 20:08:38,2026-08-29 12:08:38
177-37.019E,59-55.069N,177.616985,59.917812,015.3,59.9,55,0,Under way using engine,2026-08-29 20:10:13,2026-08-29 12:10:13
177-38.110E,59-55.394N,177.635173,59.923238,015.4,59.4,55,0,Under way using engine,2026-08-29 20:12:46,2026-08-29 12:12:46
177-38.512E,59-55.516N,177.64187,59.925262,015.5,58.2,55,0,Under way using engine,2026-08-29 20:13:38,2026-08-29 12:13:38
177-39.520E,59-55.817N,177.65867,59.930287,015.3,59.8,55,0,Under way using engine,2026-08-29 20:15:58,2026-08-29 12:15:58
177-44.342E,59-57.235N,177.739038,59.95392,015.5,63.1,57,0,Under way using engine,2026-08-29 20:26:48,2026-08-29 12:26:48
177-44.674E,59-57.328N,177.744562,59.955468,015.6,61.6,57,0,Under way using engine,2026-08-29 20:27:34,2026-08-29 12:27:34
177-46.377E,59-57.802N,177.772945,59.963367,015.5,56.4,57,0,Under way using engine,2026-08-29 20:31:21,2026-08-29 12:31:21
177-47.807E,59-58.203N,177.796777,59.970053,015.5,61.4,57,0,Under way using engine,2026-08-29 20:34:38,2026-08-29 12:34:38
177-48.440E,59-58.382N,177.80733,59.97304,015.4,61.5,57,0,Under way using engine,2026-08-29 20:35:59,2026-08-29 12:35:59
177-48.827E,59-58.492N,177.813778,59.974865,015.4,59,57,0,Under way using engine,2026-08-29 20:36:47,2026-08-29 12:36:47
177-49.188E,59-58.596N,177.819805,59.976598,015.4,60.6,57,0,Under way using engine,2026-08-29 20:37:37,2026-08-29 12:37:37
177-49.992E,59-58.827N,177.833207,59.980448,015.4,61.1,57,0,Under way using engine,2026-08-29 20:39:28,2026-08-29 12:39:28
177-51.764E,59-59.341N,177.862735,59.989023,015.5,60.3,57,0,Under way using engine,2026-08-29 20:43:25,2026-08-29 12:43:25
177-52.655E,59-59.603N,177.87758,59.993377,015.6,61.6,58,0,Under way using engine,2026-08-29 20:45:27,2026-08-29 12:45:27
177-54.077E,60-0.063N,177.901275,60.001053,015.5,54.2,51,0,Under way using engine,2026-08-29 20:48:44,2026-08-29 12:48:44
177-54.531E,60-0.233N,177.908842,60.003883,015.6,51.6,51,0,Under way using engine,2026-08-29 20:49:49,2026-08-29 12:49:49
177-55.992E,60-0.812N,177.933207,60.013525,015.6,48.2,46,0,Under way using engine,2026-08-29 20:53:26,2026-08-29 12:53:26
177-56.921E,60-1.227N,177.94868,60.020458,015.5,49.4,47,0,Under way using engine,2026-08-29 20:55:49,2026-08-29 12:55:49
177-57.226E,60-1.360N,177.953763,60.02267,015.6,47.9,47,0,Under way using engine,2026-08-29 20:56:39,2026-08-29 12:56:39
177-57.702E,60-1.567N,177.961697,60.02611,015.5,50.5,46,0,Under way using engine,2026-08-29 20:57:52,2026-08-29 12:57:52
177-58.085E,60-1.735N,177.968088,60.028917,015.6,45.6,47,0,Under way using engine,2026-08-29 20:58:50,2026-08-29 12:58:50
178-6.581E,60-5.455N,178.109683,60.090915,015.8,49.7,46,0,Under way using engine,2026-08-29 21:20:31,2026-08-29 13:20:31
178-7.892E,60-6.042N,178.131525,60.100708,015.8,50,46,0,Under way using engine,2026-08-29 21:23:51,2026-08-29 13:23:51
178-8.234E,60-6.198N,178.13724,60.103307,015.7,49.6,46,0,Under way using engine,2026-08-29 21:24:43,2026-08-29 13:24:43
178-12.498E,60-8.094N,178.208292,60.134893,015.9,47.8,47,0,Under way using engine,2026-08-29 21:35:34,2026-08-29 13:35:34
178-13.258E,60-8.431N,178.220973,60.140512,016.1,45.6,47,0,Under way using engine,2026-08-29 21:37:27,2026-08-29 13:37:27
178-13.704E,60-8.628N,178.228402,60.143802,016.1,50,47,0,Under way using engine,2026-08-29 21:38:32,2026-08-29 13:38:32
178-14.015E,60-8.768N,178.23358,60.146127,015.9,50,47,0,Under way using engine,2026-08-29 21:39:19,2026-08-29 13:39:19
178-14.413E,60-8.944N,178.240215,60.149072,016.0,49.6,47,0,Under way using engine,2026-08-29 21:40:19,2026-08-29 13:40:19
178-14.802E,60-9.120N,178.246708,60.151997,015.9,47.9,47,0,Under way using engine,2026-08-29 21:41:20,2026-08-29 13:41:20
178-15.484E,60-9.426N,178.258062,60.157093,016.0,47.5,47,0,Under way using engine,2026-08-29 21:43:01,2026-08-29 13:43:01
178-15.850E,60-9.588N,178.26416,60.1598,016.1,45.3,47,0,Under way using engine,2026-08-29 21:43:59,2026-08-29 13:43:59
178-16.963E,60-10.082N,178.28271,60.168032,015.9,49.8,47,0,Under way using engine,2026-08-29 21:46:43,2026-08-29 13:46:43
178-19.008E,60-10.990N,178.316807,60.18317,016.0,51.2,47,0,Under way using engine,2026-08-29 21:51:56,2026-08-29 13:51:56
178-19.612E,60-11.254N,178.326867,60.187572,016.1,47.8,47,0,Under way using engine,2026-08-29 21:53:23,2026-08-29 13:53:23
178-21.485E,60-12.079N,178.358085,60.201317,015.9,50.9,47,0,Under way using engine,2026-08-29 21:58:01,2026-08-29 13:58:01
178-21.927E,60-12.272N,178.365453,60.204525,015.9,49.7,47,0,Under way using engine,2026-08-29 21:59:07,2026-08-29 13:59:07
178-25.546E,60-13.849N,178.425773,60.23082,016.0,48.5,47,0,Under way using engine,2026-08-29 22:08:08,2026-08-29 14:08:08
178-25.910E,60-14.008N,178.431828,60.233462,016.0,50.9,47,0,Under way using engine,2026-08-29 22:09:02,2026-08-29 14:09:02
178-26.724E,60-14.361N,178.4454,60.23935,016.1,49.1,48,0,Under way using engine,2026-08-29 22:11:03,2026-08-29 14:11:03
178-28.890E,60-15.298N,178.481502,60.254963,016.1,47.5,47,0,Under way using engine,2026-08-29 22:16:19,2026-08-29 14:16:19
178-32.346E,60-16.773N,178.539093,60.279548,016.2,48.5,47,0,Under way using engine,2026-08-29 22:24:43,2026-08-29 14:24:43
178-32.725E,60-16.936N,178.545412,60.282262,016.3,51,47,0,Under way using engine,2026-08-29 22:25:40,2026-08-29 14:25:40
178-33.135E,60-17.108N,178.552255,60.285138,016.2,49.1,47,0,Under way using engine,2026-08-29 22:26:39,2026-08-29 14:26:39
178-34.142E,60-17.527N,178.569025,60.292117,016.1,49.6,45,0,Under way using engine,2026-08-29 22:29:03,2026-08-29 14:29:03
178-35.184E,60-17.989N,178.586398,60.299817,016.2,47,43,0,Under way using engine,2026-08-29 22:31:36,2026-08-29 14:31:36
178-36.533E,60-18.611N,178.608877,60.310188,016.0,46.6,44,0,Under way using engine,2026-08-29 22:35:05,2026-08-29 14:35:05
178-37.362E,60-18.990N,178.622692,60.316502,015.9,50.7,44,0,Under way using engine,2026-08-29 22:37:08,2026-08-29 14:37:08
178-38.115E,60-19.334N,178.635248,60.322235,016.1,45.3,44,0,Under way using engine,2026-08-29 22:39:07,2026-08-29 14:39:07
178-38.678E,60-19.591N,178.644627,60.326515,016.1,46.9,44,0,Under way using engine,2026-08-29 22:40:26,2026-08-29 14:40:26
178-41.447E,60-20.795N,178.690787,60.346577,016.1,49.9,46,0,Under way using engine,2026-08-29 22:47:14,2026-08-29 14:47:14
178-42.725E,60-21.333N,178.71209,60.355553,016.0,49.6,46,0,Under way using engine,2026-08-29 22:50:17,2026-08-29 14:50:17
178-43.137E,60-21.506N,178.718948,60.358433,016.0,48.9,44,0,Under way using engine,2026-08-29 22:51:19,2026-08-29 14:51:19
178-43.663E,60-21.741N,178.727715,60.362353,015.9,47.4,44,0,Under way using engine,2026-08-29 22:52:39,2026-08-29 14:52:39
178-44.134E,60-21.953N,178.735568,60.36588,016.0,42.9,44,0,Under way using engine,2026-08-29 22:53:49,2026-08-29 14:53:49
178-45.280E,60-22.476N,178.754672,60.374607,016.0,42.7,44,0,Under way using engine,2026-08-29 22:56:45,2026-08-29 14:56:45
178-46.075E,60-22.834N,178.767922,60.380565,016.2,45.5,45,0,Under way using engine,2026-08-29 22:58:43,2026-08-29 14:58:43
178-46.392E,60-22.977N,178.773197,60.382942,015.8,50.1,45,0,Under way using engine,2026-08-29 22:59:30,2026-08-29 14:59:30
178-47.114E,60-23.292N,178.785225,60.388202,016.1,47,46,0,Under way using engine,2026-08-29 23:01:19,2026-08-29 15:01:19
178-47.793E,60-23.590N,178.796545,60.393172,015.8,49,45,0,Under way using engine,2026-08-29 23:03:02,2026-08-29 15:03:02
178-48.713E,60-23.995N,178.811887,60.399922,015.9,49.9,45,0,Under way using engine,2026-08-29 23:05:20,2026-08-29 15:05:20
178-49.311E,60-24.264N,178.821852,60.404392,015.9,48.4,46,0,Under way using engine,2026-08-29 23:06:48,2026-08-29 15:06:48
178-52.627E,60-25.688N,178.877118,60.428132,016.0,53.2,46,0,Under way using engine,2026-08-29 23:15:02,2026-08-29 15:15:02
178-53.981E,60-26.277N,178.899685,60.437953,015.8,52,46,0,Under way using engine,2026-08-29 23:18:25,2026-08-29 15:18:25
178-54.668E,60-26.578N,178.911133,60.442972,015.9,50.9,46,0,Under way using engine,2026-08-29 23:20:10,2026-08-29 15:20:10
178-55.063E,60-26.750N,178.917723,60.445838,016.1,52.4,46,0,Under way using engine,2026-08-29 23:21:09,2026-08-29 15:21:09
178-55.817E,60-27.088N,178.930278,60.451465,015.9,51,45,0,Under way using engine,2026-08-29 23:23:02,2026-08-29 15:23:02
178-56.805E,60-27.536N,178.946752,60.458933,016.0,45.7,45,0,Under way using engine,2026-08-29 23:25:32,2026-08-29 15:25:32
178-57.359E,60-27.786N,178.955985,60.463105,016.0,41.5,45,0,Under way using engine,2026-08-29 23:26:54,2026-08-29 15:26:54
178-58.325E,60-28.211N,178.972078,60.470177,015.9,48.1,47,0,Under way using engine,2026-08-29 23:29:20,2026-08-29 15:29:20
179-0.819E,60-29.289N,179.013643,60.48815,015.7,48.6,46,0,Under way using engine,2026-08-29 23:35:30,2026-08-29 15:35:30
179-2.004E,60-29.812N,179.033403,60.49687,015.7,50.3,46,0,Under way using engine,2026-08-29 23:38:31,2026-08-29 15:38:31
179-2.367E,60-29.973N,179.039453,60.49955,015.7,49.6,46,0,Under way using engine,2026-08-29 23:39:25,2026-08-29 15:39:25
179-2.762E,60-30.149N,179.04604,60.502478,015.7,49.7,46,0,Under way using engine,2026-08-29 23:40:25,2026-08-29 15:40:25
179-3.322E,60-30.391N,179.055363,60.506515,015.8,45.1,45,0,Under way using engine,2026-08-29 23:41:51,2026-08-29 15:41:51
179-5.137E,60-31.199N,179.085617,60.519987,015.9,45.2,46,0,Under way using engine,2026-08-29 23:46:27,2026-08-29 15:46:27
179-5.659E,60-31.426N,179.094313,60.523768,016.0,51.2,48,0,Under way using engine,2026-08-29 23:47:46,2026-08-29 15:47:46
179-6.274E,60-31.690N,179.104568,60.528167,015.9,51.5,47,0,Under way using engine,2026-08-29 23:49:14,2026-08-29 15:49:14
179-6.919E,60-31.967N,179.115323,60.532788,015.8,49.4,47,0,Under way using engine,2026-08-29 23:50:49,2026-08-29 15:50:49
179-7.320E,60-32.142N,179.121998,60.5357,015.8,44,47,0,Under way using engine,2026-08-29 23:51:49,2026-08-29 15:51:49
179-7.638E,60-32.282N,179.127305,60.53803,015.7,45.3,48,0,Under way using engine,2026-08-29 23:52:39,2026-08-29 15:52:39
179-8.044E,60-32.452N,179.134062,60.54087,015.8,48.1,49,0,Under way using engine,2026-08-29 23:53:38,2026-08-29 15:53:38
179-8.364E,60-32.583N,179.1394,60.543058,015.8,48.6,48,0,Under way using engine,2026-08-29 23:54:24,2026-08-29 15:54:24
179-8.897E,60-32.802N,179.148277,60.546703,015.8,51.2,48,0,Under way using engine,2026-08-29 23:55:48,2026-08-29 15:55:48
179-11.855E,60-34.067N,179.197583,60.567785,015.5,52.7,46,0,Under way using engine,2026-08-30 00:03:06,2026-08-29 16:03:06
179-12.249E,60-34.245N,179.204155,60.570743,015.6,48.6,46,0,Under way using engine,2026-08-30 00:04:09,2026-08-29 16:04:09
179-15.369E,60-35.625N,179.256143,60.593748,015.6,49.1,46,0,Under way using engine,2026-08-30 00:12:06,2026-08-29 16:12:06
179-18.661E,60-37.060N,179.31101,60.617672,015.5,45.3,46,0,Under way using engine,2026-08-30 00:20:32,2026-08-29 16:20:32
179-19.495E,60-37.419N,179.324918,60.623645,015.3,46.2,46,0,Under way using engine,2026-08-30 00:22:38,2026-08-29 16:22:38
179-20.433E,60-37.820N,179.340552,60.630335,015.2,48.5,45,0,Under way using engine,2026-08-30 00:25:02,2026-08-29 16:25:02
179-21.238E,60-38.169N,179.353972,60.636147,015.3,49.4,47,0,Under way using engine,2026-08-30 00:27:09,2026-08-29 16:27:09
179-22.543E,60-38.723N,179.375713,60.645378,015.3,53,46,0,Under way using engine,2026-08-30 00:30:24,2026-08-29 16:30:24
179-23.331E,60-39.060N,179.388843,60.651,015.4,48.7,46,0,Under way using engine,2026-08-30 00:32:27,2026-08-29 16:32:27
179-24.001E,60-39.344N,179.400012,60.655733,015.5,44.9,46,0,Under way using engine,2026-08-30 00:34:11,2026-08-29 16:34:11
179-24.587E,60-39.595N,179.409782,60.659915,015.1,53.1,46,0,Under way using engine,2026-08-30 00:35:39,2026-08-29 16:35:39
179-24.975E,60-39.761N,179.416248,60.66269,015.1,52.2,47,0,Under way using engine,2026-08-30 00:36:41,2026-08-29 16:36:41
179-25.373E,60-39.927N,179.422882,60.665458,015.2,43.9,46,0,Under way using engine,2026-08-30 00:37:41,2026-08-29 16:37:41
179-25.754E,60-40.088N,179.429237,60.66814,015.2,48.6,46,0,Under way using engine,2026-08-30 00:38:42,2026-08-29 16:38:42
179-26.062E,60-40.220N,179.434368,60.670335,015.0,46.1,46,0,Under way using engine,2026-08-30 00:39:25,2026-08-29 16:39:25
179-26.640E,60-40.463N,179.443995,60.674387,014.7,53.6,46,0,Under way using engine,2026-08-30 00:40:56,2026-08-29 16:40:56
179-27.060E,60-40.641N,179.451008,60.677353,015.0,49.6,46,0,Under way using engine,2026-08-30 00:42:05,2026-08-29 16:42:05
179-27.675E,60-40.902N,179.461258,60.681693,015.0,50.2,45,0,Under way using engine,2026-08-30 00:43:36,2026-08-29 16:43:36
179-28.408E,60-41.220N,179.47347,60.687,015.4,44.9,47,0,Under way using engine,2026-08-30 00:45:38,2026-08-29 16:45:38
179-29.494E,60-41.690N,179.49157,60.69483,015.3,53.7,46,0,Under way using engine,2026-08-30 00:48:20,2026-08-29 16:48:20
179-30.144E,60-41.970N,179.502405,60.699507,015.0,46.2,46,0,Under way using engine,2026-08-30 00:50:03,2026-08-29 16:50:03
179-31.734E,60-42.655N,179.528898,60.710917,015.1,51.5,46,0,Under way using engine,2026-08-30 00:54:07,2026-08-29 16:54:07
179-32.226E,60-42.870N,179.537097,60.714505,015.1,44.1,46,0,Under way using engine,2026-08-30 00:55:26,2026-08-29 16:55:26
179-32.990E,60-43.207N,179.549827,60.720113,015.0,51.5,46,0,Under way using engine,2026-08-30 00:57:26,2026-08-29 16:57:26
179-36.654E,60-44.834N,179.610905,60.747228,015.2,49.2,47,0,Under way using engine,2026-08-30 01:07:01,2026-08-29 17:07:01
179-37.114E,60-45.036N,179.618562,60.750597,015.0,45.6,46,0,Under way using engine,2026-08-30 01:08:15,2026-08-29 17:08:15
179-38.238E,60-45.538N,179.637308,60.75897,015.1,44.6,46,0,Under way using engine,2026-08-30 01:11:11,2026-08-29 17:11:11
179-39.003E,60-45.885N,179.650048,60.764755,015.0,48.4,47,0,Under way using engine,2026-08-30 01:13:16,2026-08-29 17:13:16
179-39.598E,60-46.151N,179.659967,60.769183,015.2,43.7,46,0,Under way using engine,2026-08-30 01:14:49,2026-08-29 17:14:49
179-40.137E,60-46.395N,179.668958,60.773242,015.3,45.9,46,0,Under way using engine,2026-08-30 01:16:12,2026-08-29 17:16:12
179-40.597E,60-46.601N,179.676615,60.776688,015.3,48.6,46,0,Under way using engine,2026-08-30 01:17:28,2026-08-29 17:17:28
179-41.105E,60-46.824N,179.685077,60.780402,015.2,44.3,46,0,Under way using engine,2026-08-30 01:18:43,2026-08-29 17:18:43
179-42.854E,60-47.596N,179.71423,60.793273,015.3,54.8,46,0,Under way using engine,2026-08-30 01:23:19,2026-08-29 17:23:19
179-43.478E,60-47.868N,179.724628,60.797792,015.3,47.4,46,0,Under way using engine,2026-08-30 01:24:54,2026-08-29 17:24:54
179-43.903E,60-48.053N,179.731722,60.800888,015.1,50.1,46,0,Under way using engine,2026-08-30 01:26:01,2026-08-29 17:26:01
179-44.370E,60-48.255N,179.739493,60.804257,015.3,43.4,46,0,Under way using engine,2026-08-30 01:27:15,2026-08-29 17:27:15
179-45.854E,60-48.896N,179.76423,60.814928,015.2,54.5,46,0,Under way using engine,2026-08-30 01:31:03,2026-08-29 17:31:03
179-46.543E,60-49.197N,179.775722,60.819947,015.3,53.6,47,0,Under way using engine,2026-08-30 01:32:51,2026-08-29 17:32:51
179-47.087E,60-49.432N,179.784782,60.823863,015.1,47.4,46,0,Under way using engine,2026-08-30 01:34:12,2026-08-29 17:34:12
179-47.519E,60-49.620N,179.79199,60.826992,015.2,49.7,46,0,Under way using engine,2026-08-30 01:35:19,2026-08-29 17:35:19
179-47.831E,60-49.755N,179.79718,60.82925,015.2,49.4,46,0,Under way using engine,2026-08-30 01:36:09,2026-08-29 17:36:09
179-48.217E,60-49.925N,179.80361,60.832088,015.2,46.5,46,0,Under way using engine,2026-08-30 01:37:09,2026-08-29 17:37:09
179-48.743E,60-50.157N,179.812378,60.835952,015.1,49,46,0,Under way using engine,2026-08-30 01:38:30,2026-08-29 17:38:30
179-49.101E,60-50.312N,179.818348,60.83853,015.2,46.9,47,0,Under way using engine,2026-08-30 01:39:27,2026-08-29 17:39:27
179-49.414E,60-50.447N,179.823563,60.840788,015.4,43,45,0,Under way using engine,2026-08-30 01:40:20,2026-08-29 17:40:20
179-49.844E,60-50.635N,179.830738,60.843923,015.5,53,46,0,Under way using engine,2026-08-30 01:41:20,2026-08-29 17:41:20
179-50.161E,60-50.777N,179.836015,60.84628,015.3,49.7,46,12,Under way using engine,2026-08-30 01:42:08,2026-08-29 17:42:08
179-50.542E,60-50.946N,179.842367,60.849103,015.3,47.6,46,0,Under way using engine,2026-08-30 01:43:08,2026-08-29 17:43:08
179-50.865E,60-51.082N,179.847745,60.85137,015.4,53.5,46,0,Under way using engine,2026-08-30 01:43:57,2026-08-29 17:43:57
179-51.251E,60-51.248N,179.854187,60.854135,015.4,50.9,46,0,Under way using engine,2026-08-30 01:44:58,2026-08-29 17:44:58
179-51.718E,60-51.453N,179.861962,60.857542,015.3,45.1,46,0,Under way using engine,2026-08-30 01:46:09,2026-08-29 17:46:09
179-53.081E,60-52.048N,179.884685,60.867467,015.5,50.2,46,0,Under way using engine,2026-08-30 01:49:36,2026-08-29 17:49:36
179-53.401E,60-52.190N,179.890022,60.869832,015.5,47.6,46,0,Under way using engine,2026-08-30 01:50:25,2026-08-29 17:50:25
179-54.185E,60-52.536N,179.903077,60.8756,015.6,44.8,46,0,Under way using engine,2026-08-30 01:52:26,2026-08-29 17:52:26
179-55.517E,60-53.119N,179.925278,60.885313,015.6,45.1,47,0,Under way using engine,2026-08-30 01:55:51,2026-08-29 17:55:51
179-55.956E,60-53.306N,179.932598,60.888433,015.7,46.4,47,0,Under way using engine,2026-08-30 01:56:55,2026-08-29 17:56:55
179-56.522E,60-53.544N,179.942037,60.892405,015.4,46.4,47,0,Under way using engine,2026-08-30 01:58:21,2026-08-29 17:58:21
179-57.319E,60-53.882N,179.955312,60.898025,015.6,46.9,47,0,Under way using engine,2026-08-30 02:00:23,2026-08-29 18:00:23
179-57.840E,60-54.104N,179.964005,60.901738,015.7,46.2,47,0,Under way using engine,2026-08-30 02:01:37,2026-08-29 18:01:37
179-58.240E,60-54.276N,179.970672,60.904593,015.6,44.5,47,0,Under way using engine,2026-08-30 02:02:36,2026-08-29 18:02:36
179-59.604E,60-54.859N,179.993395,60.914317,015.6,50.5,47,0,Under way using engine,2026-08-30 02:06:04,2026-08-29 18:06:04
179-58.533W,60-55.648N,-179.975557,60.92747,015.4,46.7,47,0,Under way using engine,2026-08-30 02:10:42,2026-08-29 18:10:42
179-57.735W,60-55.991N,-179.962248,60.933175,015.4,53.1,47,0,Under way using engine,2026-08-30 02:12:46,2026-08-29 18:12:46
179-57.258W,60-56.195N,-179.954297,60.936578,015.5,44.8,48,0,Under way using engine,2026-08-30 02:13:57,2026-08-29 18:13:57
179-56.498W,60-56.514N,-179.941635,60.941905,015.5,48.7,47,0,Under way using engine,2026-08-30 02:15:49,2026-08-29 18:15:49
179-54.309W,60-57.429N,-179.905155,60.957158,015.6,44.4,47,0,Under way using engine,2026-08-30 02:21:15,2026-08-29 18:21:15
179-53.702W,60-57.681N,-179.89504,60.961347,015.4,48.1,47,0,Under way using engine,2026-08-30 02:22:45,2026-08-29 18:22:45
179-50.797W,60-58.875N,-179.846622,60.981252,015.7,49.6,47,0,Under way using engine,2026-08-30 02:29:48,2026-08-29 18:29:48
179-50.393W,60-59.040N,-179.839885,60.984008,015.8,52.2,47,0,Under way using engine,2026-08-30 02:30:49,2026-08-29 18:30:49
179-50.023W,60-59.193N,-179.833723,60.986548,015.7,47.9,47,0,Under way using engine,2026-08-30 02:31:46,2026-08-29 18:31:46
179-47.066W,61-0.401N,-179.784428,61.006685,015.6,50.9,47,0,Under way using engine,2026-08-30 02:38:55,2026-08-29 18:38:55
179-45.876W,61-0.890N,-179.764602,61.014828,015.7,48.6,47,0,Under way using engine,2026-08-30 02:41:52,2026-08-29 18:41:52
179-44.643W,61-1.395N,-179.744047,61.023245,015.9,52.5,47,0,Under way using engine,2026-08-30 02:44:52,2026-08-29 18:44:52
179-43.365W,61-1.916N,-179.722753,61.031935,015.6,52.2,47,12,Under way using engine,2026-08-30 02:47:54,2026-08-29 18:47:54
179-42.177W,61-2.405N,-179.702945,61.040087,015.6,54.4,47,0,Under way using engine,2026-08-30 02:50:53,2026-08-29 18:50:53
179-41.755W,61-2.577N,-179.69592,61.042947,015.8,49.6,47,0,Under way using engine,2026-08-30 02:51:49,2026-08-29 18:51:49
179-40.723W,61-2.994N,-179.678722,61.049903,015.8,45.1,46,0,Under way using engine,2026-08-30 02:54:22,2026-08-29 18:54:22
179-36.658W,61-4.759N,-179.610962,61.079318,015.9,48.3,45,0,Under way using engine,2026-08-30 03:04:28,2026-08-29 19:04:28
179-36.043W,61-5.025N,-179.600723,61.083745,015.7,50.3,45,0,Under way using engine,2026-08-30 03:05:58,2026-08-29 19:05:58
179-35.609W,61-5.215N,-179.593485,61.086913,015.8,48.3,45,0,Under way using engine,2026-08-30 03:07:03,2026-08-29 19:07:03
179-35.290W,61-5.357N,-179.588163,61.089285,015.7,45.5,45,0,Under way using engine,2026-08-30 03:07:48,2026-08-29 19:07:48
179-34.881W,61-5.536N,-179.581348,61.092265,015.7,49.8,45,0,Under way using engine,2026-08-30 03:08:48,2026-08-29 19:08:48
179-34.239W,61-5.812N,-179.57065,61.096862,015.8,53.5,46,0,Under way using engine,2026-08-30 03:10:25,2026-08-29 19:10:25
179-33.798W,61-6.004N,-179.563303,61.100068,015.6,45.7,45,0,Under way using engine,2026-08-30 03:11:32,2026-08-29 19:11:32
179-28.483W,61-8.319N,-179.474717,61.138658,015.6,42.9,45,0,Under way using engine,2026-08-30 03:24:51,2026-08-29 19:24:51
179-27.240W,61-8.866N,-179.453998,61.14776,015.6,45.5,45,0,Under way using engine,2026-08-30 03:27:54,2026-08-29 19:27:54
179-26.686W,61-9.106N,-179.444768,61.151768,015.5,46,45,0,Under way using engine,2026-08-30 03:29:18,2026-08-29 19:29:18
179-26.370W,61-9.247N,-179.439507,61.15411,015.6,45.4,45,0,Under way using engine,2026-08-30 03:30:06,2026-08-29 19:30:06
179-26.043W,61-9.390N,-179.434058,61.156508,015.7,49.7,44,0,Under way using engine,2026-08-30 03:30:54,2026-08-29 19:30:54
179-23.144W,61-10.665N,-179.38573,61.177755,015.7,43.2,46,0,Under way using engine,2026-08-30 03:38:12,2026-08-29 19:38:12
179-22.824W,61-10.805N,-179.380405,61.180075,015.7,46.4,46,0,Under way using engine,2026-08-30 03:38:59,2026-08-29 19:38:59
179-22.143W,61-11.102N,-179.369053,61.18504,015.6,40.5,45,0,Under way using engine,2026-08-30 03:40:43,2026-08-29 19:40:43
179-21.474W,61-11.401N,-179.357908,61.190017,015.7,40.8,45,0,Under way using engine,2026-08-30 03:42:26,2026-08-29 19:42:26
179-21.090W,61-11.574N,-179.351495,61.192895,015.3,46.3,45,0,Under way using engine,2026-08-30 03:43:25,2026-08-29 19:43:25
179-20.496W,61-11.832N,-179.341608,61.197202,015.5,41.9,45,0,Under way using engine,2026-08-30 03:44:56,2026-08-29 19:44:56
179-19.819W,61-12.134N,-179.330323,61.202232,015.6,44.7,45,0,Under way using engine,2026-08-30 03:46:37,2026-08-29 19:46:37
179-18.722W,61-12.619N,-179.312025,61.210322,015.6,44.9,45,0,Under way using engine,2026-08-30 03:49:27,2026-08-29 19:49:27
179-18.124W,61-12.879N,-179.302065,61.214647,015.6,47,46,0,Under way using engine,2026-08-30 03:50:54,2026-08-29 19:50:54
179-16.751W,61-13.461N,-179.279185,61.224342,015.6,48.6,47,0,Under way using engine,2026-08-30 03:54:18,2026-08-29 19:54:18
179-15.510W,61-13.991N,-179.258497,61.233175,015.4,49.8,46,0,Under way using engine,2026-08-30 03:57:25,2026-08-29 19:57:25
179-14.303W,61-14.503N,-179.238387,61.241722,015.4,49.7,46,0,Under way using engine,2026-08-30 04:00:29,2026-08-29 20:00:29
179-13.700W,61-14.760N,-179.228332,61.246008,015.5,51.4,46,0,Under way using engine,2026-08-30 04:01:58,2026-08-29 20:01:58
179-13.088W,61-15.017N,-179.218125,61.250287,015.4,49.9,46,0,Under way using engine,2026-08-30 04:03:30,2026-08-29 20:03:30
179-12.650W,61-15.203N,-179.210827,61.253382,015.4,50.6,46,0,Under way using engine,2026-08-30 04:04:34,2026-08-29 20:04:34
179-11.977W,61-15.488N,-179.19962,61.258138,015.1,49.2,46,0,Under way using engine,2026-08-30 04:06:13,2026-08-29 20:06:13
179-11.204W,61-15.820N,-179.186737,61.263665,015.3,48.9,47,0,Under way using engine,2026-08-30 04:08:17,2026-08-29 20:08:17
179-9.473W,61-16.562N,-179.15789,61.276033,015.3,47.9,46,0,Under way using engine,2026-08-30 04:12:39,2026-08-29 20:12:39
179-9.002W,61-16.767N,-179.150033,61.279442,015.3,43.7,46,0,Under way using engine,2026-08-30 04:13:48,2026-08-29 20:13:48
179-8.569W,61-16.953N,-179.142823,61.282558,015.3,44.4,45,0,Under way using engine,2026-08-30 04:14:54,2026-08-29 20:14:54
179-6.575W,61-17.820N,-179.10958,61.297007,015.2,47.8,46,0,Under way using engine,2026-08-30 04:20:00,2026-08-29 20:20:00
179-5.991W,61-18.075N,-179.099852,61.301258,015.2,42.4,46,0,Under way using engine,2026-08-30 04:21:33,2026-08-29 20:21:33
179-4.166W,61-18.867N,-179.069435,61.314453,015.4,46.8,46,0,Under way using engine,2026-08-30 04:26:16,2026-08-29 20:26:16
179-3.765W,61-19.041N,-179.062742,61.317353,015.5,48.3,46,0,Under way using engine,2026-08-30 04:27:13,2026-08-29 20:27:13
179-2.154W,61-19.734N,-179.035902,61.328892,015.1,50.4,46,0,Under way using engine,2026-08-30 04:31:18,2026-08-29 20:31:18
179-1.179W,61-20.156N,-179.019658,61.335938,015.2,48.6,46,0,Under way using engine,2026-08-30 04:33:49,2026-08-29 20:33:49
178-58.896W,61-21.138N,-178.981607,61.352307,015.4,42.1,46,0,Under way using engine,2026-08-30 04:39:39,2026-08-29 20:39:39
178-55.154W,61-22.753N,-178.919233,61.379215,015.4,45.9,46,0,Under way using engine,2026-08-30 04:49:09,2026-08-29 20:49:09
178-50.322W,61-24.757N,-178.838708,61.412623,015.4,48.2,47,0,Under way using engine,2026-08-30 05:01:06,2026-08-29 21:01:06
178-47.668W,61-25.823N,-178.79447,61.430378,015.5,48.4,47,0,Under way using engine,2026-08-30 05:07:42,2026-08-29 21:07:42
178-47.049W,61-26.071N,-178.784157,61.434513,015.8,55.2,47,0,Under way using engine,2026-08-30 05:09:06,2026-08-29 21:09:06
178-46.547W,61-26.276N,-178.775782,61.437927,016.0,49.9,47,0,Under way using engine,2026-08-30 05:10:18,2026-08-29 21:10:18
178-46.201W,61-26.411N,-178.770023,61.440188,016.1,53.1,47,0,Under way using engine,2026-08-30 05:11:07,2026-08-29 21:11:07
178-42.732W,61-27.820N,-178.7122,61.463672,016.9,44.5,44,0,Under way using engine,2026-08-30 05:19:00,2026-08-29 21:19:00
178-41.891W,61-28.186N,-178.698188,61.469772,017.0,49.2,44,0,Under way using engine,2026-08-30 05:20:57,2026-08-29 21:20:57
178-40.693W,61-28.679N,-178.678217,61.477978,016.7,50.1,49,0,Under way using engine,2026-08-30 05:23:37,2026-08-29 21:23:37
178-40.092W,61-28.898N,-178.668193,61.481635,016.7,54.3,49,0,Under way using engine,2026-08-30 05:24:57,2026-08-29 21:24:57
178-39.356W,61-29.170N,-178.655937,61.486172,016.8,51.6,49,0,Under way using engine,2026-08-30 05:26:31,2026-08-29 21:26:31
178-35.522W,61-30.509N,-178.592032,61.508477,016.8,49.4,47,0,Under way using engine,2026-08-30 05:34:40,2026-08-29 21:34:40
178-34.786W,61-30.789N,-178.579772,61.513155,016.8,51.7,48,0,Under way using engine,2026-08-30 05:36:04,2026-08-29 21:36:04
178-32.777W,61-31.565N,-178.54629,61.526078,016.8,47,44,0,Under way using engine,2026-08-30 05:40:37,2026-08-29 21:40:37
178-32.346W,61-31.755N,-178.539093,61.529257,016.8,48.5,43,0,Under way using engine,2026-08-30 05:41:40,2026-08-29 21:41:40
178-31.999W,61-31.912N,-178.533322,61.531863,017.2,45,43,0,Under way using engine,2026-08-30 05:42:28,2026-08-29 21:42:28
178-31.607W,61-32.089N,-178.526777,61.534818,017.1,49.1,43,0,Under way using engine,2026-08-30 05:43:19,2026-08-29 21:43:19
178-31.085W,61-32.326N,-178.518088,61.538765,016.8,47.9,43,0,Under way using engine,2026-08-30 05:44:32,2026-08-29 21:44:32
178-30.710W,61-32.495N,-178.511838,61.541582,016.7,45.3,43,0,Under way using engine,2026-08-30 05:45:27,2026-08-29 21:45:27
178-29.944W,61-32.838N,-178.499067,61.547307,016.8,46,43,0,Under way using engine,2026-08-30 05:47:15,2026-08-29 21:47:15
178-28.388W,61-33.537N,-178.473127,61.558947,016.5,46,43,0,Under way using engine,2026-08-30 05:50:54,2026-08-29 21:50:54
178-27.879W,61-33.767N,-178.464647,61.56278,016.5,49.6,43,0,Under way using engine,2026-08-30 05:52:07,2026-08-29 21:52:07
178-27.547W,61-33.918N,-178.459122,61.565295,016.4,48.3,43,0,Under way using engine,2026-08-30 05:52:54,2026-08-29 21:52:54
178-26.971W,61-34.178N,-178.449512,61.569628,016.6,44.2,43,0,Under way using engine,2026-08-30 05:54:20,2026-08-29 21:54:20
178-26.538W,61-34.366N,-178.442298,61.572767,016.6,43.5,43,0,Under way using engine,2026-08-30 05:55:19,2026-08-29 21:55:19
178-26.122W,61-34.553N,-178.435362,61.575882,016.4,47,43,0,Under way using engine,2026-08-30 05:56:20,2026-08-29 21:56:20
178-25.617W,61-34.778N,-178.426947,61.579635,016.6,46.3,43,0,Under way using engine,2026-08-30 05:57:33,2026-08-29 21:57:33
178-24.636W,61-35.215N,-178.410593,61.586915,016.5,43.9,43,0,Under way using engine,2026-08-30 05:59:48,2026-08-29 21:59:48
178-23.754W,61-35.613N,-178.395908,61.593557,016.9,44.9,44,0,Under way using engine,2026-08-30 06:01:55,2026-08-29 22:01:55
178-22.774W,61-36.059N,-178.379562,61.60098,016.9,45.4,44,0,Under way using engine,2026-08-30 06:04:15,2026-08-29 22:04:15
178-22.111W,61-36.342N,-178.368517,61.605702,016.9,49.2,46,0,Under way using engine,2026-08-30 06:05:45,2026-08-29 22:05:45
178-21.663W,61-36.527N,-178.36105,61.608788,016.8,47.7,45,0,Under way using engine,2026-08-30 06:06:45,2026-08-29 22:06:45
178-21.216W,61-36.714N,-178.353593,61.611897,017.0,48.7,46,0,Under way using engine,2026-08-30 06:07:44,2026-08-29 22:07:44
178-20.536W,61-36.991N,-178.342267,61.616522,017.1,47.5,45,12,Under way using engine,2026-08-30 06:09:12,2026-08-29 22:09:12
178-20.083W,61-37.181N,-178.334718,61.619675,017.3,51.7,45,0,Under way using engine,2026-08-30 06:10:17,2026-08-29 22:10:17
178-19.380W,61-37.469N,-178.322997,61.624478,017.5,50.5,45,0,Under way using engine,2026-08-30 06:11:43,2026-08-29 22:11:43
178-18.920W,61-37.660N,-178.31533,61.627672,017.7,51.4,44,0,Under way using engine,2026-08-30 06:12:43,2026-08-29 22:12:43
178-15.731W,61-38.999N,-178.26218,61.649988,018.0,45.6,43,0,Under way using engine,2026-08-30 06:19:31,2026-08-29 22:19:31
178-14.626W,61-39.500N,-178.243768,61.658328,017.5,49.6,44,0,Under way using engine,2026-08-30 06:21:56,2026-08-29 22:21:56
178-9.091W,61-41.928N,-178.151518,61.698802,016.4,44.8,45,0,Under way using engine,2026-08-30 06:34:54,2026-08-29 22:34:54
178-8.345W,61-42.234N,-178.139087,61.703907,016.3,49.4,46,0,Under way using engine,2026-08-30 06:36:46,2026-08-29 22:36:46
178-7.169W,61-42.714N,-178.119487,61.711903,016.3,48.4,44,0,Under way using engine,2026-08-30 06:39:20,2026-08-29 22:39:20
178-6.701W,61-42.914N,-178.111675,61.715235,016.5,51.2,44,0,Under way using engine,2026-08-30 06:40:26,2026-08-29 22:40:26
178-6.278W,61-43.099N,-178.104628,61.718313,016.4,48.4,44,12,Under way using engine,2026-08-30 06:41:27,2026-08-29 22:41:27
178-5.685W,61-43.354N,-178.094743,61.722568,016.3,48.4,44,0,Under way using engine,2026-08-30 06:42:49,2026-08-29 22:42:49
178-5.294W,61-43.522N,-178.088232,61.725363,016.2,48,44,0,Under way using engine,2026-08-30 06:43:43,2026-08-29 22:43:43
178-4.066W,61-44.048N,-178.067767,61.734127,016.5,47.6,44,0,Under way using engine,2026-08-30 06:46:39,2026-08-29 22:46:39
178-3.580W,61-44.257N,-178.059667,61.737623,016.5,45.7,44,0,Under way using engine,2026-08-30 06:47:46,2026-08-29 22:47:46
178-2.944W,61-44.535N,-178.049072,61.742257,016.5,48.6,44,0,Under way using engine,2026-08-30 06:49:14,2026-08-29 22:49:14
178-0.467W,61-45.609N,-178.007787,61.760147,016.4,47.6,44,0,Under way using engine,2026-08-30 06:55:00,2026-08-29 22:55:00
178-0.042W,61-45.792N,-178.000703,61.763198,016.4,44.4,44,0,Under way using engine,2026-08-30 06:56:00,2026-08-29 22:56:00
177-59.216W,61-46.142N,-177.986935,61.769033,016.5,48.7,44,0,Under way using engine,2026-08-30 06:57:58,2026-08-29 22:57:58
177-57.949W,61-46.670N,-177.965813,61.777832,016.4,50.2,45,0,Under way using engine,2026-08-30 07:00:49,2026-08-29 23:00:49
177-57.246W,61-46.958N,-177.954092,61.782632,016.6,49.6,45,0,Under way using engine,2026-08-30 07:02:26,2026-08-29 23:02:26
177-54.486W,61-48.119N,-177.908102,61.801977,016.4,50.2,44,0,Under way using engine,2026-08-30 07:08:48,2026-08-29 23:08:48
177-53.536W,61-48.521N,-177.892272,61.808688,016.5,50.4,44,0,Under way using engine,2026-08-30 07:11:04,2026-08-29 23:11:04
177-51.815W,61-49.248N,-177.863575,61.8208,016.5,44.9,45,0,Under way using engine,2026-08-30 07:15:04,2026-08-29 23:15:04
177-51.124W,61-49.539N,-177.852065,61.825657,016.5,49,44,0,Under way using engine,2026-08-30 07:16:37,2026-08-29 23:16:37
177-49.743W,61-50.127N,-177.829048,61.835442,016.4,48.8,44,0,Under way using engine,2026-08-30 07:19:50,2026-08-29 23:19:50
177-47.652W,61-51.003N,-177.794202,61.850055,016.2,51.2,44,0,Under way using engine,2026-08-30 07:24:39,2026-08-29 23:24:39
177-44.170W,61-52.456N,-177.736163,61.874268,016.3,50.3,44,0,Under way using engine,2026-08-30 07:32:43,2026-08-29 23:32:43
177-43.739W,61-52.635N,-177.72899,61.877257,016.5,46.2,45,0,Under way using engine,2026-08-30 07:33:43,2026-08-29 23:33:43
177-42.005W,61-53.352N,-177.700082,61.889203,016.3,51.6,44,0,Under way using engine,2026-08-30 07:37:43,2026-08-29 23:37:43
177-40.628W,61-53.923N,-177.677133,61.898713,016.2,48.3,45,0,Under way using engine,2026-08-30 07:40:56,2026-08-29 23:40:56
177-39.016W,61-54.590N,-177.650263,61.909828,016.5,47.1,43,0,Under way using engine,2026-08-30 07:44:36,2026-08-29 23:44:36
177-37.203W,61-55.341N,-177.620048,61.922355,016.4,48.3,44,0,Under way using engine,2026-08-30 07:48:48,2026-08-29 23:48:48
177-36.164W,61-55.776N,-177.602732,61.929602,016.3,49.3,44,0,Under way using engine,2026-08-30 07:51:12,2026-08-29 23:51:12
177-35.694W,61-55.972N,-177.594907,61.932862,016.4,48.1,44,0,Under way using engine,2026-08-30 07:52:18,2026-08-29 23:52:18
177-35.214W,61-56.176N,-177.586907,61.93626,016.4,49.3,44,0,Under way using engine,2026-08-30 07:53:26,2026-08-29 23:53:26
177-34.390W,61-56.520N,-177.573167,61.942003,016.3,48.2,45,0,Under way using engine,2026-08-30 07:55:21,2026-08-29 23:55:21
177-33.119W,61-57.052N,-177.551987,61.950868,016.7,48.1,44,0,Under way using engine,2026-08-30 07:58:12,2026-08-29 23:58:12
177-32.421W,61-57.348N,-177.54035,61.955795,016.5,45.3,44,0,Under way using engine,2026-08-30 07:59:50,2026-08-29 23:59:50
177-32.038W,61-57.509N,-177.533965,61.958488,016.5,49.7,44,0,Under way using engine,2026-08-30 08:00:42,2026-08-30 00:00:42
177-31.606W,61-57.691N,-177.526763,61.961522,016.4,49.5,44,0,Under way using engine,2026-08-30 08:01:42,2026-08-30 00:01:42
177-30.624W,61-58.116N,-177.510393,61.968607,016.3,45.4,43,0,Under way using engine,2026-08-30 08:04:00,2026-08-30 00:04:00
177-29.862W,61-58.455N,-177.497708,61.974242,016.5,44.6,43,0,Under way using engine,2026-08-30 08:05:50,2026-08-30 00:05:50
177-29.432W,61-58.644N,-177.490525,61.977397,016.4,50.3,43,0,Under way using engine,2026-08-30 08:06:49,2026-08-30 00:06:49
177-29.058W,61-58.808N,-177.484297,61.980127,016.5,46.6,43,0,Under way using engine,2026-08-30 08:07:47,2026-08-30 00:07:47
177-28.625W,61-58.995N,-177.477075,61.983257,016.4,45.8,43,0,Under way using engine,2026-08-30 08:08:48,2026-08-30 00:08:48
177-26.957W,61-59.709N,-177.449275,61.995158,016.4,48.8,45,0,Under way using engine,2026-08-30 08:12:37,2026-08-30 00:12:37
177-26.521W,61-59.891N,-177.442022,61.99818,016.3,49.3,45,0,Under way using engine,2026-08-30 08:13:37,2026-08-30 00:13:37
177-25.541W,62-0.285N,-177.42569,62.00475,016.5,49.9,47,0,Under way using engine,2026-08-30 08:15:51,2026-08-30 00:15:51
177-24.831W,62-0.565N,-177.413855,62.009422,016.5,47.8,46,0,Under way using engine,2026-08-30 08:17:25,2026-08-30 00:17:25
177-24.068W,62-0.870N,-177.401133,62.014503,016.3,51.1,46,0,Under way using engine,2026-08-30 08:19:08,2026-08-30 00:19:08
177-22.435W,62-1.522N,-177.373922,62.025365,016.3,52.1,45,0,Under way using engine,2026-08-30 08:22:51,2026-08-30 00:22:51
177-21.480W,62-1.917N,-177.357998,62.031957,016.5,48.5,45,0,Under way using engine,2026-08-30 08:25:01,2026-08-30 00:25:01
177-20.263W,62-2.422N,-177.33772,62.040367,016.3,49.6,44,0,Under way using engine,2026-08-30 08:27:51,2026-08-30 00:27:51
177-19.734W,62-2.642N,-177.328908,62.044035,016.5,51,45,0,Under way using engine,2026-08-30 08:29:02,2026-08-30 00:29:02
177-18.729W,62-3.057N,-177.312148,62.050958,016.6,48,45,0,Under way using engine,2026-08-30 08:31:17,2026-08-30 00:31:17
177-15.884W,62-4.228N,-177.264738,62.070468,016.3,46.4,45,0,Under way using engine,2026-08-30 08:37:51,2026-08-30 00:37:51
177-14.619W,62-4.748N,-177.243645,62.079127,016.4,49.1,45,0,Under way using engine,2026-08-30 08:40:41,2026-08-30 00:40:41
177-14.220W,62-4.909N,-177.237002,62.08182,016.4,53.6,45,0,Under way using engine,2026-08-30 08:41:40,2026-08-30 00:41:40
177-13.393W,62-5.249N,-177.223215,62.087488,016.3,47.8,45,0,Under way using engine,2026-08-30 08:43:34,2026-08-30 00:43:34
177-12.220W,62-5.737N,-177.203668,62.095617,016.3,50,45,0,Under way using engine,2026-08-30 08:46:13,2026-08-30 00:46:13
177-10.995W,62-6.240N,-177.183252,62.104002,016.4,46.4,45,0,Under way using engine,2026-08-30 08:49:00,2026-08-30 00:49:00
177-10.692W,62-6.368N,-177.178192,62.106127,016.3,49.9,45,0,Under way using engine,2026-08-30 08:49:42,2026-08-30 00:49:42
177-10.349W,62-6.509N,-177.172483,62.108485,016.5,48.6,45,0,Under way using engine,2026-08-30 08:50:30,2026-08-30 00:50:30
177-10.036W,62-6.638N,-177.16726,62.110637,016.3,46.3,46,0,Under way using engine,2026-08-30 08:51:15,2026-08-30 00:51:15
177-9.554W,62-6.836N,-177.159235,62.113927,016.4,50.2,45,0,Under way using engine,2026-08-30 08:52:18,2026-08-30 00:52:18
177-9.121W,62-7.016N,-177.15202,62.116932,016.2,47.1,45,0,Under way using engine,2026-08-30 08:53:21,2026-08-30 00:53:21
177-8.686W,62-7.196N,-177.144762,62.11993,016.4,50.9,45,0,Under way using engine,2026-08-30 08:54:22,2026-08-30 00:54:22
177-0.380W,62-10.603N,-177.006327,62.176717,016.4,47.7,45,0,Under way using engine,2026-08-30 09:13:13,2026-08-30 01:13:13
176-59.983W,62-10.767N,-176.999717,62.179443,016.5,48.8,45,0,Under way using engine,2026-08-30 09:14:08,2026-08-30 01:14:08
176-58.750W,62-11.273N,-176.97916,62.18788,016.5,49.1,45,0,Under way using engine,2026-08-30 09:16:57,2026-08-30 01:16:57
176-56.760W,62-12.089N,-176.945993,62.201482,016.7,51.5,46,0,Under way using engine,2026-08-30 09:21:28,2026-08-30 01:21:28
176-56.312W,62-12.268N,-176.93854,62.204468,016.5,50.1,45,0,Under way using engine,2026-08-30 09:22:26,2026-08-30 01:22:26
176-54.930W,62-12.831N,-176.915503,62.21385,016.6,47.7,45,0,Under way using engine,2026-08-30 09:25:30,2026-08-30 01:25:30
176-54.001W,62-13.209N,-176.900013,62.220155,016.5,49.2,45,0,Under way using engine,2026-08-30 09:27:37,2026-08-30 01:27:37
176-52.748W,62-13.718N,-176.879132,62.22864,016.4,48.1,45,0,Under way using engine,2026-08-30 09:30:24,2026-08-30 01:30:24
176-51.252W,62-14.328N,-176.854208,62.238792,016.5,47,46,0,Under way using engine,2026-08-30 09:33:51,2026-08-30 01:33:51
176-50.588W,62-14.593N,-176.843138,62.243218,016.4,50.5,45,0,Under way using engine,2026-08-30 09:35:22,2026-08-30 01:35:22
176-50.280W,62-14.718N,-176.837998,62.245303,016.1,48.7,45,0,Under way using engine,2026-08-30 09:36:03,2026-08-30 01:36:03
176-49.929W,62-14.861N,-176.83215,62.247682,016.4,49.2,45,0,Under way using engine,2026-08-30 09:36:48,2026-08-30 01:36:48
176-48.070W,62-15.612N,-176.801167,62.260207,016.5,47.2,45,0,Under way using engine,2026-08-30 09:41:00,2026-08-30 01:41:00
176-46.279W,62-16.331N,-176.771312,62.27219,016.6,47.6,45,0,Under way using engine,2026-08-30 09:45:03,2026-08-30 01:45:03
176-45.836W,62-16.508N,-176.763932,62.275135,016.5,49.6,45,0,Under way using engine,2026-08-30 09:46:03,2026-08-30 01:46:03
176-45.336W,62-16.707N,-176.755598,62.278455,016.3,52.5,45,0,Under way using engine,2026-08-30 09:47:08,2026-08-30 01:47:08
176-44.499W,62-17.042N,-176.741653,62.28404,016.3,49,45,0,Under way using engine,2026-08-30 09:49:01,2026-08-30 01:49:01
176-43.966W,62-17.251N,-176.732762,62.287523,016.3,50.4,45,0,Under way using engine,2026-08-30 09:50:15,2026-08-30 01:50:15
176-42.801W,62-17.709N,-176.713342,62.295153,016.3,48.1,45,0,Under way using engine,2026-08-30 09:52:48,2026-08-30 01:52:48
176-42.346W,62-17.887N,-176.705773,62.298123,016.3,50.2,45,0,Under way using engine,2026-08-30 09:53:50,2026-08-30 01:53:50
176-37.888W,62-19.640N,-176.63147,62.327328,016.1,49.3,45,0,Under way using engine,2026-08-30 10:03:50,2026-08-30 02:03:50
176-35.868W,62-20.433N,-176.597792,62.340548,016.2,49.1,45,0,Under way using engine,2026-08-30 10:08:24,2026-08-30 02:08:24
176-35.510W,62-20.575N,-176.591827,62.342912,016.0,47.9,45,0,Under way using engine,2026-08-30 10:09:14,2026-08-30 02:09:14
176-34.898W,62-20.815N,-176.581633,62.34691,016.1,50.3,45,0,Under way using engine,2026-08-30 10:10:36,2026-08-30 02:10:36
176-34.370W,62-21.020N,-176.57284,62.350337,016.0,47.9,46,0,Under way using engine,2026-08-30 10:11:50,2026-08-30 02:11:50
176-33.711W,62-21.278N,-176.561847,62.35463,015.9,49,45,0,Under way using engine,2026-08-30 10:13:20,2026-08-30 02:13:20
176-33.192W,62-21.488N,-176.553208,62.358133,015.9,44.8,42,0,Under way using engine,2026-08-30 10:14:32,2026-08-30 02:14:32
176-32.762W,62-21.671N,-176.54603,62.361187,015.9,46.4,42,0,Under way using engine,2026-08-30 10:15:31,2026-08-30 02:15:31
176-30.390W,62-22.699N,-176.506502,62.378312,015.9,44.9,42,0,Under way using engine,2026-08-30 10:21:12,2026-08-30 02:21:12
176-30.008W,62-22.863N,-176.500125,62.381043,015.8,44,42,0,Under way using engine,2026-08-30 10:22:06,2026-08-30 02:22:06
176-28.770W,62-23.406N,-176.4795,62.390107,015.9,44.4,41,0,Under way using engine,2026-08-30 10:25:08,2026-08-30 02:25:08
176-28.029W,62-23.736N,-176.467158,62.395593,015.9,46.4,40,0,Under way using engine,2026-08-30 10:26:56,2026-08-30 02:26:56
176-27.494W,62-23.975N,-176.458233,62.399588,016.0,44.3,41,0,Under way using engine,2026-08-30 10:28:14,2026-08-30 02:28:14
176-26.825W,62-24.270N,-176.447078,62.404507,016.0,45.8,41,0,Under way using engine,2026-08-30 10:29:48,2026-08-30 02:29:48
176-26.444W,62-24.438N,-176.44073,62.407307,016.1,48.9,41,0,Under way using engine,2026-08-30 10:30:44,2026-08-30 02:30:44
176-24.876W,62-25.135N,-176.414607,62.41892,015.8,45.5,41,0,Under way using engine,2026-08-30 10:34:30,2026-08-30 02:34:30
176-24.521W,62-25.295N,-176.408677,62.421582,016.0,44.4,41,0,Under way using engine,2026-08-30 10:35:25,2026-08-30 02:35:25
176-24.136W,62-25.467N,-176.402273,62.424443,015.8,44.4,41,0,Under way using engine,2026-08-30 10:36:21,2026-08-30 02:36:21
176-23.599W,62-25.707N,-176.39331,62.428445,015.9,46.9,41,0,Under way using engine,2026-08-30 10:37:37,2026-08-30 02:37:37
176-23.236W,62-25.869N,-176.38727,62.431153,015.9,47.6,41,0,Under way using engine,2026-08-30 10:38:33,2026-08-30 02:38:33
176-22.826W,62-26.053N,-176.380438,62.434218,016.0,44.3,41,0,Under way using engine,2026-08-30 10:39:33,2026-08-30 02:39:33
176-22.419W,62-26.231N,-176.373647,62.437187,015.8,44.1,41,0,Under way using engine,2026-08-30 10:40:35,2026-08-30 02:40:35
176-21.184W,62-26.782N,-176.353072,62.446365,015.9,48.4,43,0,Under way using engine,2026-08-30 10:43:33,2026-08-30 02:43:33
176-19.960W,62-27.292N,-176.332668,62.454872,015.9,47.5,43,0,Under way using engine,2026-08-30 10:46:23,2026-08-30 02:46:23
176-19.406W,62-27.523N,-176.323428,62.458723,016.0,49.7,43,0,Under way using engine,2026-08-30 10:47:43,2026-08-30 02:47:43
176-18.458W,62-27.920N,-176.30764,62.465333,015.9,46.5,43,0,Under way using engine,2026-08-30 10:49:56,2026-08-30 02:49:56
176-17.312W,62-28.402N,-176.288538,62.473365,016.0,48.2,43,0,Under way using engine,2026-08-30 10:52:35,2026-08-30 02:52:35
176-16.360W,62-28.793N,-176.272662,62.47988,016.0,48.7,44,0,Under way using engine,2026-08-30 10:54:51,2026-08-30 02:54:51
176-15.164W,62-29.275N,-176.252737,62.487913,015.8,50.1,44,0,Under way using engine,2026-08-30 10:57:38,2026-08-30 02:57:38
176-12.770W,62-30.240N,-176.21283,62.504,016.0,48,43,0,Under way using engine,2026-08-30 11:03:09,2026-08-30 03:03:09
176-12.383W,62-30.398N,-176.206378,62.50663,015.9,49.3,44,0,Under way using engine,2026-08-30 11:04:00,2026-08-30 03:04:00
176-11.168W,62-30.885N,-176.186133,62.51475,016.0,47.3,44,0,Under way using engine,2026-08-30 11:06:49,2026-08-30 03:06:49
176-9.664W,62-31.492N,-176.161062,62.52486,015.7,46.6,43,0,Under way using engine,2026-08-30 11:10:18,2026-08-30 03:10:18
176-7.168W,62-32.529N,-176.119463,62.542143,016.0,47,43,0,Under way using engine,2026-08-30 11:16:11,2026-08-30 03:16:11
176-6.520W,62-32.798N,-176.108668,62.546627,016.1,47,43,0,Under way using engine,2026-08-30 11:17:43,2026-08-30 03:17:43
176-5.707W,62-33.135N,-176.09511,62.552253,015.9,50.3,43,0,Under way using engine,2026-08-30 11:19:38,2026-08-30 03:19:38
176-5.148W,62-33.368N,-176.085803,62.556135,015.9,45.9,44,0,Under way using engine,2026-08-30 11:20:54,2026-08-30 03:20:54
176-1.786W,62-34.721N,-176.029772,62.578675,016.0,50.7,43,0,Under way using engine,2026-08-30 11:28:38,2026-08-30 03:28:38
176-0.363W,62-35.312N,-176.006048,62.588537,016.0,47.1,43,0,Under way using engine,2026-08-30 11:31:55,2026-08-30 03:31:55
175-59.383W,62-35.722N,-175.989712,62.595368,016.1,45.3,43,0,Under way using engine,2026-08-30 11:34:13,2026-08-30 03:34:13
175-57.290W,62-36.569N,-175.954828,62.609482,016.1,49.3,44,0,Under way using engine,2026-08-30 11:39:01,2026-08-30 03:39:01
175-56.986W,62-36.692N,-175.949772,62.611535,015.9,49.7,44,0,Under way using engine,2026-08-30 11:39:43,2026-08-30 03:39:43
175-56.589W,62-36.853N,-175.943142,62.614222,016.0,46.6,44,0,Under way using engine,2026-08-30 11:40:38,2026-08-30 03:40:38
175-56.205W,62-37.009N,-175.936752,62.616815,015.9,48,44,0,Under way using engine,2026-08-30 11:41:32,2026-08-30 03:41:32
175-55.073W,62-37.466N,-175.917888,62.62444,016.1,47.8,44,0,Under way using engine,2026-08-30 11:44:08,2026-08-30 03:44:08
175-54.697W,62-37.620N,-175.911623,62.626997,015.8,46.8,44,0,Under way using engine,2026-08-30 11:45:02,2026-08-30 03:45:02
175-53.166W,62-38.242N,-175.886103,62.637362,015.9,49.3,44,0,Under way using engine,2026-08-30 11:48:32,2026-08-30 03:48:32
175-52.775W,62-38.400N,-175.87959,62.639992,015.9,48.6,44,0,Under way using engine,2026-08-30 11:49:25,2026-08-30 03:49:25
175-51.595W,62-38.880N,-175.859917,62.647992,016.2,49.4,44,0,Under way using engine,2026-08-30 11:52:06,2026-08-30 03:52:06
175-49.774W,62-39.626N,-175.829573,62.660433,016.1,47.9,45,0,Under way using engine,2026-08-30 11:56:19,2026-08-30 03:56:19
175-48.985W,62-39.946N,-175.81641,62.66576,016.1,48,44,0,Under way using engine,2026-08-30 11:58:09,2026-08-30 03:58:09
175-47.278W,62-40.640N,-175.787972,62.677333,015.9,48.8,44,0,Under way using engine,2026-08-30 12:02:00,2026-08-30 04:02:00
175-46.638W,62-40.902N,-175.777293,62.681707,015.9,49,44,0,Under way using engine,2026-08-30 12:03:31,2026-08-30 04:03:31
175-45.627W,62-41.311N,-175.760452,62.688513,016.0,47.6,44,0,Under way using engine,2026-08-30 12:05:48,2026-08-30 04:05:48
175-45.197W,62-41.484N,-175.753278,62.691407,016.0,47.6,44,0,Under way using engine,2026-08-30 12:06:52,2026-08-30 04:06:52
175-44.806W,62-41.643N,-175.74677,62.694057,015.9,47,44,0,Under way using engine,2026-08-30 12:07:45,2026-08-30 04:07:45
175-44.421W,62-41.799N,-175.740358,62.696655,016.0,48.3,44,0,Under way using engine,2026-08-30 12:08:40,2026-08-30 04:08:40
175-43.671W,62-42.103N,-175.727847,62.701717,016.1,49.2,44,0,Under way using engine,2026-08-30 12:10:18,2026-08-30 04:10:18
175-43.149W,62-42.317N,-175.719143,62.705282,016.1,49,44,0,Under way using engine,2026-08-30 12:11:35,2026-08-30 04:11:35
175-41.886W,62-42.831N,-175.698097,62.713853,016.0,48.1,44,0,Under way using engine,2026-08-30 12:14:24,2026-08-30 04:14:24
175-41.539W,62-42.973N,-175.692315,62.716222,016.1,47.9,44,0,Under way using engine,2026-08-30 12:15:13,2026-08-30 04:15:13
175-41.184W,62-43.118N,-175.6864,62.718635,015.9,51.1,44,0,Under way using engine,2026-08-30 12:16:02,2026-08-30 04:16:02
175-38.323W,62-44.293N,-175.63872,62.738218,016.0,47.4,44,0,Under way using engine,2026-08-30 12:22:39,2026-08-30 04:22:39
175-38.019W,62-44.417N,-175.63365,62.740277,016.0,49.4,44,0,Under way using engine,2026-08-30 12:23:18,2026-08-30 04:23:18
175-37.532W,62-44.614N,-175.625535,62.743572,015.9,47.4,44,0,Under way using engine,2026-08-30 12:24:29,2026-08-30 04:24:29
175-35.445W,62-45.464N,-175.590748,62.757728,015.9,48.2,44,0,Under way using engine,2026-08-30 12:29:13,2026-08-30 04:29:13
175-33.618W,62-46.207N,-175.560297,62.770118,016.2,46.5,44,0,Under way using engine,2026-08-30 12:33:24,2026-08-30 04:33:24
175-32.786W,62-46.543N,-175.546433,62.775715,016.1,49,44,0,Under way using engine,2026-08-30 12:35:20,2026-08-30 04:35:20
175-31.514W,62-47.058N,-175.525233,62.784292,016.1,48.3,44,0,Under way using engine,2026-08-30 12:38:15,2026-08-30 04:38:15
175-27.642W,62-48.595N,-175.460702,62.80992,016.2,46.4,44,0,Under way using engine,2026-08-30 12:46:56,2026-08-30 04:46:56
175-26.321W,62-49.132N,-175.438685,62.818862,016.1,47.6,44,0,Under way using engine,2026-08-30 12:49:58,2026-08-30 04:49:58
175-24.314W,62-49.948N,-175.405232,62.83246,016.3,47.8,44,0,Under way using engine,2026-08-30 12:54:31,2026-08-30 04:54:31
175-23.430W,62-50.311N,-175.390508,62.838513,016.0,47.7,44,0,Under way using engine,2026-08-30 12:56:30,2026-08-30 04:56:30
175-23.035W,62-50.472N,-175.38391,62.841205,016.3,46.3,44,0,Under way using engine,2026-08-30 12:57:26,2026-08-30 04:57:26
175-22.634W,62-50.637N,-175.377225,62.843957,016.1,46.5,44,0,Under way using engine,2026-08-30 12:58:21,2026-08-30 04:58:21
175-22.245W,62-50.797N,-175.370747,62.846617,016.3,48.7,44,0,Under way using engine,2026-08-30 12:59:15,2026-08-30 04:59:15
175-21.232W,62-51.213N,-175.353868,62.853543,016.3,48.2,44,0,Under way using engine,2026-08-30 13:01:32,2026-08-30 05:01:32
175-20.923W,62-51.338N,-175.348715,62.85564,016.4,48.7,45,0,Under way using engine,2026-08-30 13:02:16,2026-08-30 05:02:16
175-17.307W,62-52.770N,-175.288453,62.879492,016.1,48.3,45,0,Under way using engine,2026-08-30 13:10:20,2026-08-30 05:10:20
175-16.066W,62-53.264N,-175.26777,62.887728,016.1,48.4,45,0,Under way using engine,2026-08-30 13:13:12,2026-08-30 05:13:12
175-15.223W,62-53.599N,-175.253713,62.893322,016.1,47.8,45,0,Under way using engine,2026-08-30 13:15:01,2026-08-30 05:15:01
175-13.811W,62-54.177N,-175.230177,62.902955,016.1,48.2,44,0,Under way using engine,2026-08-30 13:18:15,2026-08-30 05:18:15
175-12.936W,62-54.537N,-175.215593,62.908953,016.2,46.8,44,0,Under way using engine,2026-08-30 13:20:15,2026-08-30 05:20:15
175-11.181W,62-55.252N,-175.186357,62.920868,016.2,49.6,44,0,Under way using engine,2026-08-30 13:24:13,2026-08-30 05:24:13
175-10.125W,62-55.683N,-175.168745,62.928055,016.1,46.4,44,0,Under way using engine,2026-08-30 13:26:37,2026-08-30 05:26:37
175-9.642W,62-55.881N,-175.160703,62.931353,016.1,49.9,44,0,Under way using engine,2026-08-30 13:27:43,2026-08-30 05:27:43
175-8.984W,62-56.151N,-175.149735,62.935857,016.2,47.7,44,0,Under way using engine,2026-08-30 13:29:17,2026-08-30 05:29:17
175-8.582W,62-56.317N,-175.143038,62.938612,016.2,45.9,45,0,Under way using engine,2026-08-30 13:30:10,2026-08-30 05:30:10
175-6.005W,62-57.346N,-175.100083,62.955763,016.3,50.7,45,0,Under way using engine,2026-08-30 13:35:59,2026-08-30 05:35:59
175-5.251W,62-57.650N,-175.087517,62.960825,016.3,47.5,45,0,Under way using engine,2026-08-30 13:37:36,2026-08-30 05:37:36
175-3.648W,62-58.289N,-175.060797,62.971482,016.3,48.3,45,0,Under way using engine,2026-08-30 13:41:14,2026-08-30 05:41:14
175-2.934W,62-58.573N,-175.048893,62.97622,016.4,50.5,45,0,Under way using engine,2026-08-30 13:42:47,2026-08-30 05:42:47
175-1.271W,62-59.234N,-175.021177,62.987235,016.2,49.8,45,0,Under way using engine,2026-08-30 13:46:31,2026-08-30 05:46:31
174-59.277W,63-0.026N,-174.987957,63.000432,016.1,48.3,45,0,Under way using engine,2026-08-30 13:51:01,2026-08-30 05:51:01
174-57.711W,63-0.644N,-174.961852,63.01074,016.2,51.2,45,0,Under way using engine,2026-08-30 13:54:31,2026-08-30 05:54:31
174-57.354W,63-0.786N,-174.955895,63.013102,016.2,51.1,45,0,Under way using engine,2026-08-30 13:55:18,2026-08-30 05:55:18
174-56.908W,63-0.963N,-174.948465,63.016048,016.2,48.1,45,0,Under way using engine,2026-08-30 13:56:18,2026-08-30 05:56:18
174-53.121W,63-2.482N,-174.885343,63.041362,016.1,46.9,44,0,Under way using engine,2026-08-30 14:04:51,2026-08-30 06:04:51
174-51.840W,63-3.005N,-174.864005,63.050087,016.2,46.2,44,0,Under way using engine,2026-08-30 14:07:48,2026-08-30 06:07:48
174-51.317W,63-3.216N,-174.855275,63.053607,016.2,50.5,44,0,Under way using engine,2026-08-30 14:08:55,2026-08-30 06:08:55
174-50.119W,63-3.700N,-174.835318,63.06166,016.3,47.3,44,0,Under way using engine,2026-08-30 14:11:39,2026-08-30 06:11:39
174-48.972W,63-4.163N,-174.816195,63.06939,016.1,47.7,44,0,Under way using engine,2026-08-30 14:14:12,2026-08-30 06:14:12
174-46.494W,63-5.157N,-174.774905,63.085953,016.1,48.9,44,0,Under way using engine,2026-08-30 14:19:50,2026-08-30 06:19:50
174-44.490W,63-5.962N,-174.741493,63.099363,016.1,49.3,44,0,Under way using engine,2026-08-30 14:24:18,2026-08-30 06:24:18
174-44.015W,63-6.157N,-174.733577,63.10262,016.1,44.7,44,0,Under way using engine,2026-08-30 14:25:23,2026-08-30 06:25:23
174-37.619W,63-8.698N,-174.626987,63.14496,016.3,50.4,45,0,Under way using engine,2026-08-30 14:39:50,2026-08-30 06:39:50
174-36.893W,63-8.982N,-174.614878,63.149707,016.0,49.5,45,0,Under way using engine,2026-08-30 14:41:29,2026-08-30 06:41:29
174-33.055W,63-10.504N,-174.550913,63.175062,016.1,48.2,44,0,Under way using engine,2026-08-30 14:50:08,2026-08-30 06:50:08
174-32.618W,63-10.683N,-174.543628,63.178052,015.8,49.3,44,0,Under way using engine,2026-08-30 14:51:08,2026-08-30 06:51:08
174-31.741W,63-11.043N,-174.52902,63.184053,016.0,47.9,44,0,Under way using engine,2026-08-30 14:53:07,2026-08-30 06:53:07
174-30.702W,63-11.468N,-174.511693,63.191138,015.9,49.3,44,0,Under way using engine,2026-08-30 14:55:31,2026-08-30 06:55:31
174-27.682W,63-12.715N,-174.46137,63.21192,015.7,46,44,0,Under way using engine,2026-08-30 15:02:31,2026-08-30 07:02:31
174-27.039W,63-12.982N,-174.450645,63.21637,015.7,45.7,44,0,Under way using engine,2026-08-30 15:04:04,2026-08-30 07:04:04
174-26.605W,63-13.163N,-174.44341,63.219385,015.6,46.9,44,0,Under way using engine,2026-08-30 15:05:01,2026-08-30 07:05:01
174-25.446W,63-13.629N,-174.424098,63.227155,015.6,49.4,45,0,Under way using engine,2026-08-30 15:07:43,2026-08-30 07:07:43
174-24.915W,63-13.840N,-174.415247,63.230668,015.7,47.6,45,0,Under way using engine,2026-08-30 15:08:55,2026-08-30 07:08:55
174-22.526W,63-14.797N,-174.375437,63.246612,015.8,47.8,45,0,Under way using engine,2026-08-30 15:14:26,2026-08-30 07:14:26
174-20.769W,63-15.497N,-174.346152,63.25828,015.8,47.1,46,0,Under way using engine,2026-08-30 15:18:27,2026-08-30 07:18:27
174-19.562W,63-15.963N,-174.326033,63.266057,015.9,50.5,46,0,Under way using engine,2026-08-30 15:21:09,2026-08-30 07:21:09
174-19.025W,63-16.172N,-174.317088,63.269525,016.1,49.4,46,0,Under way using engine,2026-08-30 15:22:22,2026-08-30 07:22:22
174-18.443W,63-16.398N,-174.307387,63.273302,015.9,49.1,46,0,Under way using engine,2026-08-30 15:23:39,2026-08-30 07:23:39
174-18.002W,63-16.570N,-174.30003,63.276162,016.0,48.7,46,0,Under way using engine,2026-08-30 15:24:36,2026-08-30 07:24:36
174-16.553W,63-17.127N,-174.275882,63.285455,015.9,50,45,0,Under way using engine,2026-08-30 15:27:50,2026-08-30 07:27:50
174-13.098W,63-18.479N,-174.218295,63.307988,016.0,51.2,45,0,Under way using engine,2026-08-30 15:35:29,2026-08-30 07:35:29
174-11.118W,63-19.240N,-174.185305,63.320665,015.9,48,44,0,Under way using engine,2026-08-30 15:39:54,2026-08-30 07:39:54
174-8.501W,63-20.260N,-174.141687,63.337663,016.0,50.3,43,0,Under way using engine,2026-08-30 15:45:49,2026-08-30 07:45:49
174-7.488W,63-20.665N,-174.124793,63.344417,015.8,49.6,43,0,Under way using engine,2026-08-30 15:48:09,2026-08-30 07:48:09
174-7.187W,63-20.785N,-174.119788,63.346422,015.9,51,43,0,Under way using engine,2026-08-30 15:48:49,2026-08-30 07:48:49
174-6.438W,63-21.084N,-174.107292,63.351397,015.8,49.6,43,0,Under way using engine,2026-08-30 15:50:30,2026-08-30 07:50:30
174-5.988W,63-21.260N,-174.099802,63.354338,015.7,48.8,43,0,Under way using engine,2026-08-30 15:51:31,2026-08-30 07:51:31
174-5.595W,63-21.419N,-174.093245,63.35698,015.8,49.7,42,0,Under way using engine,2026-08-30 15:52:24,2026-08-30 07:52:24
174-5.202W,63-21.578N,-174.086698,63.359628,015.9,47.1,42,0,Under way using engine,2026-08-30 15:53:19,2026-08-30 07:53:19
174-4.810W,63-21.739N,-174.08016,63.36231,015.8,46.4,42,0,Under way using engine,2026-08-30 15:54:15,2026-08-30 07:54:15
174-4.202W,63-21.990N,-174.070038,63.366497,015.9,46.4,42,0,Under way using engine,2026-08-30 15:55:40,2026-08-30 07:55:40
174-3.684W,63-22.204N,-174.061408,63.37006,015.8,49.4,41,0,Under way using engine,2026-08-30 15:56:50,2026-08-30 07:56:50
174-3.253W,63-22.382N,-174.054223,63.373038,015.8,48.5,42,0,Under way using engine,2026-08-30 15:57:48,2026-08-30 07:57:48
174-2.775W,63-22.578N,-174.046258,63.376303,015.8,47.4,42,0,Under way using engine,2026-08-30 15:58:56,2026-08-30 07:58:56
174-2.428W,63-22.721N,-174.040465,63.378683,015.9,47.9,42,0,Under way using engine,2026-08-30 15:59:42,2026-08-30 07:59:42
174-1.805W,63-22.970N,-174.030088,63.382837,015.8,45.3,43,0,Under way using engine,2026-08-30 16:01:10,2026-08-30 08:01:10
173-59.320W,63-23.941N,-173.988665,63.399015,015.8,49.8,43,0,Under way using engine,2026-08-30 16:06:44,2026-08-30 08:06:44
173-56.395W,63-25.089N,-173.93992,63.418158,015.7,49,43,0,Under way using engine,2026-08-30 16:13:26,2026-08-30 08:13:26
173-55.121W,63-25.593N,-173.91869,63.426553,015.5,45.3,43,0,Under way using engine,2026-08-30 16:16:20,2026-08-30 08:16:20
173-53.120W,63-26.390N,-173.88533,63.439825,015.8,48.2,43,0,Under way using engine,2026-08-30 16:20:54,2026-08-30 08:20:54
173-52.156W,63-26.776N,-173.86926,63.446267,015.8,48.2,43,0,Under way using engine,2026-08-30 16:23:06,2026-08-30 08:23:06
173-51.630W,63-26.987N,-173.860493,63.44979,016.0,48.3,43,0,Under way using engine,2026-08-30 16:24:23,2026-08-30 08:24:23
173-51.059W,63-27.215N,-173.85098,63.453577,015.7,48.4,43,0,Under way using engine,2026-08-30 16:25:36,2026-08-30 08:25:36
173-50.275W,63-27.531N,-173.83791,63.458842,015.7,47.9,43,0,Under way using engine,2026-08-30 16:27:28,2026-08-30 08:27:28
173-49.831W,63-27.710N,-173.830518,63.46183,015.8,49.1,43,0,Under way using engine,2026-08-30 16:28:25,2026-08-30 08:28:25
173-48.521W,63-28.239N,-173.808675,63.470653,015.8,48.3,43,0,Under way using engine,2026-08-30 16:31:27,2026-08-30 08:31:27
173-47.783W,63-28.536N,-173.796388,63.475602,015.8,48.8,43,0,Under way using engine,2026-08-30 16:33:08,2026-08-30 08:33:08
173-46.479W,63-29.065N,-173.77465,63.484418,015.8,49.4,43,0,Under way using engine,2026-08-30 16:36:07,2026-08-30 08:36:07
173-44.237W,63-29.982N,-173.737285,63.499703,016.0,48,43,0,Under way using engine,2026-08-30 16:41:13,2026-08-30 08:41:13
173-43.365W,63-30.342N,-173.722758,63.505707,015.9,48.7,43,0,Under way using engine,2026-08-30 16:43:16,2026-08-30 08:43:16
173-43.015W,63-30.487N,-173.716912,63.508115,016.0,47.5,42,0,Under way using engine,2026-08-30 16:44:01,2026-08-30 08:44:01
173-40.791W,63-31.407N,-173.679858,63.523453,015.8,46.2,43,0,Under way using engine,2026-08-30 16:49:10,2026-08-30 08:49:10
173-39.559W,63-31.914N,-173.659315,63.531903,015.9,48.7,43,0,Under way using engine,2026-08-30 16:51:57,2026-08-30 08:51:57
173-38.826W,63-32.219N,-173.647093,63.536983,016.1,47.8,43,0,Under way using engine,2026-08-30 16:53:31,2026-08-30 08:53:31
173-36.372W,63-33.236N,-173.606193,63.553925,016.1,46.2,45,0,Under way using engine,2026-08-30 16:59:14,2026-08-30 08:59:14
173-35.319W,63-33.632N,-173.588647,63.560537,016.0,52.3,47,0,Under way using engine,2026-08-30 17:01:32,2026-08-30 09:01:32
173-34.988W,63-33.754N,-173.583133,63.562568,016.1,52.3,47,0,Under way using engine,2026-08-30 17:02:14,2026-08-30 09:02:14
173-34.526W,63-33.921N,-173.575428,63.565342,016.2,50.7,48,0,Under way using engine,2026-08-30 17:03:14,2026-08-30 09:03:14
173-34.009W,63-34.107N,-173.566813,63.568452,016.1,50,47,0,Under way using engine,2026-08-30 17:04:18,2026-08-30 09:04:18
173-33.541W,63-34.276N,-173.55902,63.571273,016.3,48.5,47,0,Under way using engine,2026-08-30 17:05:19,2026-08-30 09:05:19
173-32.605W,63-34.612N,-173.543423,63.576865,016.1,50.4,47,0,Under way using engine,2026-08-30 17:07:18,2026-08-30 09:07:18
173-31.764W,63-34.915N,-173.529402,63.58191,016.0,53.4,47,0,Under way using engine,2026-08-30 17:09:08,2026-08-30 09:09:08
173-31.198W,63-35.119N,-173.519962,63.58531,015.9,50.9,47,0,Under way using engine,2026-08-30 17:10:22,2026-08-30 09:10:22
173-30.832W,63-35.250N,-173.513868,63.587502,016.0,51.3,47,0,Under way using engine,2026-08-30 17:11:09,2026-08-30 09:11:09
173-30.457W,63-35.383N,-173.50761,63.589712,016.1,49.3,47,0,Under way using engine,2026-08-30 17:11:56,2026-08-30 09:11:56
173-30.037W,63-35.534N,-173.50062,63.592235,016.0,51.2,47,0,Under way using engine,2026-08-30 17:12:49,2026-08-30 09:12:49
173-28.325W,63-36.163N,-173.472078,63.602713,016.0,49.7,45,0,Under way using engine,2026-08-30 17:16:33,2026-08-30 09:16:33
173-27.639W,63-36.426N,-173.460652,63.607108,016.1,50,45,0,Under way using engine,2026-08-30 17:18:01,2026-08-30 09:18:01
173-25.996W,63-37.077N,-173.433262,63.617943,015.9,49.8,44,0,Under way using engine,2026-08-30 17:21:42,2026-08-30 09:21:42
173-24.832W,63-37.533N,-173.413862,63.625553,016.1,49.7,44,0,Under way using engine,2026-08-30 17:24:19,2026-08-30 09:24:19
173-23.926W,63-37.882N,-173.398765,63.631365,016.0,49.8,44,0,Under way using engine,2026-08-30 17:26:19,2026-08-30 09:26:19
173-23.292W,63-38.127N,-173.388205,63.635442,016.0,49.2,44,0,Under way using engine,2026-08-30 17:27:43,2026-08-30 09:27:43
173-22.660W,63-38.370N,-173.377672,63.639495,015.9,48.9,44,0,Under way using engine,2026-08-30 17:29:08,2026-08-30 09:29:08
173-22.070W,63-38.594N,-173.367837,63.643235,016.1,50.2,44,0,Under way using engine,2026-08-30 17:30:25,2026-08-30 09:30:25
173-21.617W,63-38.767N,-173.36028,63.646123,016.0,50.6,44,0,Under way using engine,2026-08-30 17:31:24,2026-08-30 09:31:24
173-20.016W,63-39.372N,-173.333608,63.6562,016.0,50.2,44,0,Under way using engine,2026-08-30 17:34:56,2026-08-30 09:34:56
173-19.555W,63-39.544N,-173.325912,63.659065,016.1,51.1,44,0,Under way using engine,2026-08-30 17:35:54,2026-08-30 09:35:54
173-19.188W,63-39.682N,-173.319793,63.661373,015.9,45.8,44,0,Under way using engine,2026-08-30 17:36:44,2026-08-30 09:36:44
173-17.903W,63-40.162N,-173.298382,63.669367,016.0,50.3,44,0,Under way using engine,2026-08-30 17:39:33,2026-08-30 09:39:33
173-17.396W,63-40.352N,-173.289937,63.672533,016.1,48.8,44,0,Under way using engine,2026-08-30 17:40:38,2026-08-30 09:40:38
173-16.980W,63-40.507N,-173.282995,63.67511,016.2,52.2,44,0,Under way using engine,2026-08-30 17:41:31,2026-08-30 09:41:31
173-16.017W,63-40.869N,-173.266955,63.681142,016.1,52.6,43,0,Under way using engine,2026-08-30 17:43:38,2026-08-30 09:43:38
173-15.156W,63-41.199N,-173.252593,63.686642,016.1,46.6,42,0,Under way using engine,2026-08-30 17:45:34,2026-08-30 09:45:34
173-13.895W,63-41.697N,-173.231577,63.694958,016.1,50.5,42,0,Under way using engine,2026-08-30 17:48:21,2026-08-30 09:48:21
173-13.537W,63-41.836N,-173.225617,63.697273,016.3,49.6,41,0,Under way using engine,2026-08-30 17:49:06,2026-08-30 09:49:06
173-12.264W,63-42.344N,-173.204397,63.705728,016.1,45.6,42,0,Under way using engine,2026-08-30 17:51:57,2026-08-30 09:51:57
173-11.754W,63-42.543N,-173.195903,63.709047,016.4,52.1,42,0,Under way using engine,2026-08-30 17:53:02,2026-08-30 09:53:02
173-11.443W,63-42.665N,-173.190712,63.711078,016.3,48.4,42,0,Under way using engine,2026-08-30 17:53:43,2026-08-30 09:53:43
173-10.939W,63-42.860N,-173.182317,63.71433,016.2,48,42,0,Under way using engine,2026-08-30 17:54:52,2026-08-30 09:54:52
173-9.875W,63-43.274N,-173.164588,63.72124,016.3,48.1,42,0,Under way using engine,2026-08-30 17:57:09,2026-08-30 09:57:09
173-9.195W,63-43.539N,-173.153245,63.725648,016.3,48.4,42,0,Under way using engine,2026-08-30 17:58:39,2026-08-30 09:58:39
173-8.738W,63-43.719N,-173.14564,63.728653,016.3,49.7,42,0,Under way using engine,2026-08-30 17:59:39,2026-08-30 09:59:39
173-7.133W,63-44.345N,-173.118875,63.739085,016.1,49.3,42,0,Under way using engine,2026-08-30 18:03:09,2026-08-30 10:03:09
173-5.298W,63-45.054N,-173.088308,63.750902,016.3,48.1,42,0,Under way using engine,2026-08-30 18:07:06,2026-08-30 10:07:06
173-4.739W,63-45.269N,-173.078982,63.754477,016.2,50.8,42,0,Under way using engine,2026-08-30 18:08:21,2026-08-30 10:08:21
173-4.379W,63-45.407N,-173.072985,63.756785,016.2,48.1,42,0,Under way using engine,2026-08-30 18:09:11,2026-08-30 10:09:11
173-3.561W,63-45.722N,-173.059347,63.762025,016.1,47.8,42,0,Under way using engine,2026-08-30 18:10:55,2026-08-30 10:10:55
173-3.047W,63-45.919N,-173.05078,63.765323,016.2,51.4,42,0,Under way using engine,2026-08-30 18:12:03,2026-08-30 10:12:03
173-2.639W,63-46.076N,-173.043988,63.767928,016.2,49.5,42,0,Under way using engine,2026-08-30 18:12:55,2026-08-30 10:12:55
173-0.511W,63-46.901N,-173.008513,63.781687,016.2,47.8,40,0,Under way using engine,2026-08-30 18:17:31,2026-08-30 10:17:31
172-56.500W,63-48.576N,-172.941673,63.809603,016.4,49.6,40,0,Under way using engine,2026-08-30 18:26:31,2026-08-30 10:26:31
172-56.142W,63-48.726N,-172.935695,63.812108,016.3,48,40,0,Under way using engine,2026-08-30 18:27:20,2026-08-30 10:27:20
172-54.509W,63-49.407N,-172.908488,63.82345,016.6,49.5,40,0,Under way using engine,2026-08-30 18:30:56,2026-08-30 10:30:56
172-53.742W,63-49.727N,-172.895702,63.828778,016.6,48.6,40,0,Under way using engine,2026-08-30 18:32:35,2026-08-30 10:32:35
172-52.842W,63-50.101N,-172.880692,63.835023,016.3,48.5,40,0,Under way using engine,2026-08-30 18:34:35,2026-08-30 10:34:35
172-52.392W,63-50.288N,-172.873197,63.838137,016.3,46.1,40,0,Under way using engine,2026-08-30 18:35:36,2026-08-30 10:35:36
172-51.989W,63-50.457N,-172.866482,63.840953,016.4,45.2,40,0,Under way using engine,2026-08-30 18:36:30,2026-08-30 10:36:30
172-50.951W,63-50.892N,-172.849177,63.848203,016.4,46.9,40,0,Under way using engine,2026-08-30 18:38:48,2026-08-30 10:38:48
172-50.322W,63-51.152N,-172.838703,63.85253,016.5,46.9,40,0,Under way using engine,2026-08-30 18:40:14,2026-08-30 10:40:14
172-49.961W,63-51.305N,-172.83269,63.855085,016.6,43.7,41,0,Under way using engine,2026-08-30 18:41:00,2026-08-30 10:41:00
172-49.314W,63-51.566N,-172.821893,63.859428,016.6,49.9,43,0,Under way using engine,2026-08-30 18:42:24,2026-08-30 10:42:24
172-48.938W,63-51.710N,-172.815625,63.861825,016.5,50.6,43,0,Under way using engine,2026-08-30 18:43:12,2026-08-30 10:43:12
172-48.226W,63-51.979N,-172.803765,63.866313,016.5,50.5,43,0,Under way using engine,2026-08-30 18:44:42,2026-08-30 10:44:42
172-47.799W,63-52.141N,-172.796643,63.869018,016.6,47,43,0,Under way using engine,2026-08-30 18:45:36,2026-08-30 10:45:36
172-47.429W,63-52.283N,-172.790485,63.87139,016.7,46.7,43,0,Under way using engine,2026-08-30 18:46:30,2026-08-30 10:46:30
172-47.126W,63-52.398N,-172.785433,63.873302,016.8,50.1,43,0,Under way using engine,2026-08-30 18:47:01,2026-08-30 10:47:01
172-46.748W,63-52.539N,-172.779137,63.875653,016.5,47.6,43,0,Under way using engine,2026-08-30 18:47:48,2026-08-30 10:47:48
172-46.365W,63-52.684N,-172.772757,63.878073,016.7,49,43,0,Under way using engine,2026-08-30 18:48:36,2026-08-30 10:48:36
172-45.787W,63-52.901N,-172.763113,63.881678,016.7,51.1,43,0,Under way using engine,2026-08-30 18:49:48,2026-08-30 10:49:48
172-45.404W,63-53.045N,-172.756725,63.884078,016.8,49,43,0,Under way using engine,2026-08-30 18:50:35,2026-08-30 10:50:35
172-44.209W,63-53.498N,-172.736813,63.89164,016.7,50.1,44,0,Under way using engine,2026-08-30 18:53:06,2026-08-30 10:53:06
172-43.679W,63-53.696N,-172.72799,63.894925,016.7,52.5,43,0,Under way using engine,2026-08-30 18:54:12,2026-08-30 10:54:12
172-43.297W,63-53.840N,-172.721613,63.897335,016.6,49.9,43,12,Under way using engine,2026-08-30 18:55:00,2026-08-30 10:55:00
172-42.955W,63-53.971N,-172.715913,63.899513,016.8,47.5,43,0,Under way using engine,2026-08-30 18:55:43,2026-08-30 10:55:43
172-42.627W,63-54.094N,-172.710457,63.901572,016.7,50.2,43,0,Under way using engine,2026-08-30 18:56:24,2026-08-30 10:56:24
172-42.150W,63-54.276N,-172.702507,63.904605,016.6,49.9,44,0,Under way using engine,2026-08-30 18:57:24,2026-08-30 10:57:24
172-41.813W,63-54.403N,-172.69689,63.906712,016.6,46.4,43,0,Under way using engine,2026-08-30 18:58:05,2026-08-30 10:58:05
172-41.474W,63-54.529N,-172.691235,63.90882,016.7,48,44,0,Under way using engine,2026-08-30 18:58:47,2026-08-30 10:58:47
172-41.035W,63-54.691N,-172.683917,63.911515,016.8,50.6,45,0,Under way using engine,2026-08-30 18:59:42,2026-08-30 10:59:42
172-40.395W,63-54.921N,-172.673255,63.91535,016.8,52.9,44,0,Under way using engine,2026-08-30 19:00:59,2026-08-30 11:00:59
172-40.049W,63-55.044N,-172.667488,63.917407,016.8,51.8,44,0,Under way using engine,2026-08-30 19:01:43,2026-08-30 11:01:43
172-39.512W,63-55.240N,-172.658533,63.92067,016.8,50.1,44,0,Under way using engine,2026-08-30 19:02:48,2026-08-30 11:02:48
172-39.170W,63-55.366N,-172.65283,63.922767,016.9,51.5,45,0,Under way using engine,2026-08-30 19:03:30,2026-08-30 11:03:30
172-38.818W,63-55.494N,-172.646963,63.924898,016.7,52.1,43,0,Under way using engine,2026-08-30 19:04:12,2026-08-30 11:04:12
172-38.388W,63-55.653N,-172.639808,63.927558,016.8,46.4,44,0,Under way using engine,2026-08-30 19:05:06,2026-08-30 11:05:06
172-37.993W,63-55.802N,-172.633223,63.930033,016.7,48.9,44,0,Under way using engine,2026-08-30 19:05:54,2026-08-30 11:05:54
172-37.611W,63-55.944N,-172.626858,63.932392,016.8,49.2,45,0,Under way using engine,2026-08-30 19:06:42,2026-08-30 11:06:42
172-37.076W,63-56.141N,-172.61794,63.935687,016.8,48.4,43,0,Under way using engine,2026-08-30 19:07:47,2026-08-30 11:07:47
172-36.407W,63-56.404N,-172.606785,63.940067,016.7,48.2,42,0,Under way using engine,2026-08-30 19:09:12,2026-08-30 11:09:12
172-35.514W,63-56.759N,-172.5919,63.945985,016.7,48.1,42,0,Under way using engine,2026-08-30 19:11:07,2026-08-30 11:11:07
172-35.153W,63-56.902N,-172.585885,63.948368,016.7,47.8,41,0,Under way using engine,2026-08-30 19:11:58,2026-08-30 11:11:58
172-34.630W,63-57.110N,-172.577163,63.951835,016.6,46.4,42,0,Under way using engine,2026-08-30 19:13:01,2026-08-30 11:13:01
172-34.397W,63-57.205N,-172.573277,63.953413,016.7,47.6,42,0,Under way using engine,2026-08-30 19:13:31,2026-08-30 11:13:31
172-34.256W,63-57.260N,-172.57093,63.95434,016.7,49.6,42,0,Under way using engine,2026-08-30 19:13:48,2026-08-30 11:13:48
172-33.975W,63-57.372N,-172.566247,63.956198,016.7,47.9,42,0,Under way using engine,2026-08-30 19:14:23,2026-08-30 11:14:23
172-33.645W,63-57.502N,-172.560745,63.958367,016.7,48.6,42,0,Under way using engine,2026-08-30 19:15:06,2026-08-30 11:15:06
172-33.306W,63-57.634N,-172.555093,63.96057,016.9,51.2,42,0,Under way using engine,2026-08-30 19:15:48,2026-08-30 11:15:48
172-32.976W,63-57.765N,-172.549595,63.962743,016.9,51.2,42,0,Under way using engine,2026-08-30 19:16:30,2026-08-30 11:16:30
172-32.614W,63-57.908N,-172.543565,63.96514,016.9,52.3,41,0,Under way using engine,2026-08-30 19:17:18,2026-08-30 11:17:18
172-32.272W,63-58.047N,-172.537865,63.967455,016.7,45.5,42,0,Under way using engine,2026-08-30 19:18:01,2026-08-30 11:18:01
172-31.718W,63-58.269N,-172.528637,63.971152,016.6,48.3,42,0,Under way using engine,2026-08-30 19:19:11,2026-08-30 11:19:11
172-31.393W,63-58.400N,-172.523218,63.973337,016.6,45.8,42,0,Under way using engine,2026-08-30 19:19:54,2026-08-30 11:19:54
172-31.066W,63-58.531N,-172.517772,63.975523,016.6,47.3,42,0,Under way using engine,2026-08-30 19:20:36,2026-08-30 11:20:36
172-30.737W,63-58.662N,-172.51228,63.977693,016.7,47.8,42,0,Under way using engine,2026-08-30 19:21:17,2026-08-30 11:21:17
172-30.408W,63-58.793N,-172.506792,63.979882,016.8,47.8,42,0,Under way using engine,2026-08-30 19:22:00,2026-08-30 11:22:00
172-30.075W,63-58.923N,-172.50125,63.982048,016.8,49.4,42,0,Under way using engine,2026-08-30 19:22:41,2026-08-30 11:22:41
172-29.746W,63-59.055N,-172.495768,63.984242,016.9,46.7,42,0,Under way using engine,2026-08-30 19:23:23,2026-08-30 11:23:23
172-29.424W,63-59.183N,-172.490393,63.986388,016.8,48.5,42,0,Under way using engine,2026-08-30 19:24:05,2026-08-30 11:24:05
172-29.036W,63-59.337N,-172.483932,63.988955,016.9,48.3,42,0,Under way using engine,2026-08-30 19:24:53,2026-08-30 11:24:53
172-28.667W,63-59.486N,-172.477785,63.991428,016.8,47.2,43,0,Under way using engine,2026-08-30 19:25:42,2026-08-30 11:25:42
172-28.187W,63-59.674N,-172.469785,63.99457,016.5,45.4,42,0,Under way using engine,2026-08-30 19:26:42,2026-08-30 11:26:42
172-27.864W,63-59.801N,-172.464407,63.996678,016.7,49.7,42,0,Under way using engine,2026-08-30 19:27:23,2026-08-30 11:27:23
172-27.434W,63-59.974N,-172.457235,63.999565,016.7,46.3,42,0,Under way using engine,2026-08-30 19:28:17,2026-08-30 11:28:17
172-27.110W,64-0.102N,-172.451833,64.0017,016.9,46.5,43,0,Under way using engine,2026-08-30 19:28:59,2026-08-30 11:28:59
172-26.718W,64-0.254N,-172.4453,64.004232,016.9,47.7,44,0,Under way using engine,2026-08-30 19:29:49,2026-08-30 11:29:49
172-26.341W,64-0.399N,-172.439012,64.006655,016.8,46.3,43,0,Under way using engine,2026-08-30 19:30:36,2026-08-30 11:30:36
172-25.996W,64-0.531N,-172.433265,64.008858,016.7,44.1,43,0,Under way using engine,2026-08-30 19:31:17,2026-08-30 11:31:17
172-25.662W,64-0.661N,-172.427692,64.011012,016.7,48.8,43,0,Under way using engine,2026-08-30 19:31:59,2026-08-30 11:31:59
172-25.277W,64-0.807N,-172.42129,64.013457,016.8,48,43,0,Under way using engine,2026-08-30 19:32:49,2026-08-30 11:32:49
172-24.933W,64-0.939N,-172.415553,64.015652,016.7,47.5,43,0,Under way using engine,2026-08-30 19:33:30,2026-08-30 11:33:30
172-24.611W,64-1.062N,-172.410185,64.0177,016.8,50.3,44,0,Under way using engine,2026-08-30 19:34:12,2026-08-30 11:34:12
172-24.260W,64-1.197N,-172.404328,64.019953,016.7,51.7,43,0,Under way using engine,2026-08-30 19:34:54,2026-08-30 11:34:54
172-23.930W,64-1.323N,-172.398837,64.022057,016.7,45.4,43,0,Under way using engine,2026-08-30 19:35:36,2026-08-30 11:35:36
172-23.446W,64-1.507N,-172.390772,64.025115,016.8,47.9,44,0,Under way using engine,2026-08-30 19:36:36,2026-08-30 11:36:36
172-23.103W,64-1.634N,-172.385053,64.02723,016.9,52.7,43,0,Under way using engine,2026-08-30 19:37:19,2026-08-30 11:37:19
172-22.766W,64-1.764N,-172.379425,64.029402,017.0,48.9,43,0,Under way using engine,2026-08-30 19:38:00,2026-08-30 11:38:00
172-22.374W,64-1.911N,-172.372903,64.031845,017.0,51.7,43,0,Under way using engine,2026-08-30 19:38:48,2026-08-30 11:38:48
172-21.882W,64-2.099N,-172.3647,64.034982,016.9,50.1,43,0,Under way using engine,2026-08-30 19:39:48,2026-08-30 11:39:48
172-21.504W,64-2.243N,-172.358402,64.037383,016.6,49.2,43,0,Under way using engine,2026-08-30 19:40:36,2026-08-30 11:40:36
172-21.110W,64-2.393N,-172.35184,64.039887,016.7,45.9,43,0,Under way using engine,2026-08-30 19:41:24,2026-08-30 11:41:24
172-20.490W,64-2.628N,-172.341493,64.043803,017.0,49.6,44,0,Under way using engine,2026-08-30 19:42:42,2026-08-30 11:42:42
172-19.277W,64-3.087N,-172.321275,64.051443,017.1,53.1,43,0,Under way using engine,2026-08-30 19:45:11,2026-08-30 11:45:11
172-17.995W,64-3.570N,-172.299917,64.059498,016.9,48,43,0,Under way using engine,2026-08-30 19:47:53,2026-08-30 11:47:53
172-17.512W,64-3.751N,-172.291868,64.062518,016.9,49,43,0,Under way using engine,2026-08-30 19:48:48,2026-08-30 11:48:48
172-16.229W,64-4.234N,-172.270487,64.070572,017.0,48,43,0,Under way using engine,2026-08-30 19:51:26,2026-08-30 11:51:26
172-15.442W,64-4.524N,-172.257362,64.075398,017.1,51.4,43,0,Under way using engine,2026-08-30 19:52:59,2026-08-30 11:52:59
172-14.985W,64-4.692N,-172.249747,64.0782,017.2,50.6,43,0,Under way using engine,2026-08-30 19:53:56,2026-08-30 11:53:56
172-14.038W,64-5.038N,-172.233962,64.083968,017.2,50.3,43,0,Under way using engine,2026-08-30 19:55:47,2026-08-30 11:55:47
172-13.048W,64-5.401N,-172.21747,64.09002,017.2,51.5,42,0,Under way using engine,2026-08-30 19:57:47,2026-08-30 11:57:47
172-12.546W,64-5.590N,-172.209092,64.09317,017.1,49.3,42,0,Under way using engine,2026-08-30 19:58:47,2026-08-30 11:58:47
172-12.148W,64-5.738N,-172.202465,64.09563,017.2,51.5,42,0,Under way using engine,2026-08-30 19:59:36,2026-08-30 11:59:36
172-11.803W,64-5.866N,-172.196717,64.097768,017.1,50.5,42,0,Under way using engine,2026-08-30 20:00:18,2026-08-30 12:00:18
172-11.457W,64-5.995N,-172.190942,64.099915,017.1,50.2,42,0,Under way using engine,2026-08-30 20:01:01,2026-08-30 12:01:01
172-11.055W,64-6.144N,-172.184245,64.102398,016.9,48.3,40,0,Under way using engine,2026-08-30 20:01:48,2026-08-30 12:01:48
172-10.723W,64-6.271N,-172.178718,64.104515,017.0,50.2,40,0,Under way using engine,2026-08-30 20:02:30,2026-08-30 12:02:30
172-10.387W,64-6.402N,-172.17311,64.106705,017.0,49.3,39,0,Under way using engine,2026-08-30 20:03:12,2026-08-30 12:03:12
172-9.906W,64-6.590N,-172.165102,64.10984,017.0,50.5,39,0,Under way using engine,2026-08-30 20:04:12,2026-08-30 12:04:12
172-9.569W,64-6.722N,-172.159485,64.11204,017.0,50.3,39,0,Under way using engine,2026-08-30 20:04:54,2026-08-30 12:04:54
172-9.135W,64-6.892N,-172.15225,64.11487,017.1,47.4,38,0,Under way using engine,2026-08-30 20:05:49,2026-08-30 12:05:49
172-8.796W,64-7.030N,-172.146598,64.117163,017.0,48.4,38,0,Under way using engine,2026-08-30 20:06:30,2026-08-30 12:06:30
172-8.474W,64-7.161N,-172.141235,64.119345,017.0,47.3,38,0,Under way using engine,2026-08-30 20:07:12,2026-08-30 12:07:12
172-8.145W,64-7.295N,-172.135742,64.12158,017.1,47,38,0,Under way using engine,2026-08-30 20:07:54,2026-08-30 12:07:54
172-7.812W,64-7.429N,-172.130202,64.123817,017.1,48.9,38,0,Under way using engine,2026-08-30 20:08:36,2026-08-30 12:08:36
172-7.482W,64-7.564N,-172.124697,64.126062,017.1,48.4,38,0,Under way using engine,2026-08-30 20:09:18,2026-08-30 12:09:18
172-7.144W,64-7.702N,-172.119068,64.128368,017.0,48.1,38,0,Under way using engine,2026-08-30 20:10:00,2026-08-30 12:10:00
172-6.820W,64-7.833N,-172.113662,64.130552,016.9,47.6,39,0,Under way using engine,2026-08-30 20:10:41,2026-08-30 12:10:41
172-6.176W,64-8.080N,-172.10294,64.134668,017.1,48.8,40,0,Under way using engine,2026-08-30 20:12:01,2026-08-30 12:12:01
172-5.697W,64-8.266N,-172.094958,64.13776,017.2,47.9,40,0,Under way using engine,2026-08-30 20:13:00,2026-08-30 12:13:00
172-5.122W,64-8.494N,-172.08536,64.141573,016.9,45.8,39,0,Under way using engine,2026-08-30 20:14:11,2026-08-30 12:14:11
172-4.729W,64-8.649N,-172.078822,64.144152,017.1,47.6,39,0,Under way using engine,2026-08-30 20:15:01,2026-08-30 12:15:01
172-4.345W,64-8.802N,-172.07241,64.146702,017.2,46.5,39,0,Under way using engine,2026-08-30 20:15:48,2026-08-30 12:15:48
172-4.027W,64-8.931N,-172.067118,64.148845,017.1,46.8,40,0,Under way using engine,2026-08-30 20:16:29,2026-08-30 12:16:29
172-3.579W,64-9.110N,-172.059657,64.151837,017.1,47.3,40,0,Under way using engine,2026-08-30 20:17:24,2026-08-30 12:17:24
172-2.897W,64-9.375N,-172.048278,64.156253,017.1,48.2,42,0,Under way using engine,2026-08-30 20:18:48,2026-08-30 12:18:48
172-2.462W,64-9.541N,-172.041038,64.15901,017.1,48.7,42,0,Under way using engine,2026-08-30 20:19:41,2026-08-30 12:19:41
172-2.023W,64-9.711N,-172.033712,64.161842,017.0,48.5,42,0,Under way using engine,2026-08-30 20:20:36,2026-08-30 12:20:36
172-1.536W,64-9.899N,-172.025595,64.16499,017.1,50,41,0,Under way using engine,2026-08-30 20:21:36,2026-08-30 12:21:36
172-1.198W,64-10.033N,-172.019972,64.16721,017.1,46.7,42,0,Under way using engine,2026-08-30 20:22:18,2026-08-30 12:22:18
172-0.662W,64-10.245N,-172.01104,64.170753,016.9,46.7,41,0,Under way using engine,2026-08-30 20:23:28,2026-08-30 12:23:28
172-0.195W,64-10.433N,-172.003247,64.173878,016.9,47.3,42,0,Under way using engine,2026-08-30 20:24:24,2026-08-30 12:24:24
171-59.667W,64-10.642N,-171.994443,64.177373,017.0,47.3,43,0,Under way using engine,2026-08-30 20:25:30,2026-08-30 12:25:30
171-59.086W,64-10.869N,-171.98476,64.181155,017.1,49,43,0,Under way using engine,2026-08-30 20:26:43,2026-08-30 12:26:43
171-58.029W,64-11.291N,-171.967152,64.188178,017.0,47.2,43,0,Under way using engine,2026-08-30 20:28:53,2026-08-30 12:28:53
171-57.602W,64-11.463N,-171.96004,64.191052,016.9,45.7,42,0,Under way using engine,2026-08-30 20:29:53,2026-08-30 12:29:53
171-55.691W,64-12.236N,-171.928187,64.203937,016.9,48.2,43,0,Under way using engine,2026-08-30 20:33:50,2026-08-30 12:33:50
171-55.221W,64-12.423N,-171.920355,64.20705,016.9,48.5,43,0,Under way using engine,2026-08-30 20:34:51,2026-08-30 12:34:51
171-52.979W,64-13.316N,-171.882988,64.221925,016.9,49,44,0,Under way using engine,2026-08-30 20:39:32,2026-08-30 12:39:32
171-52.594W,64-13.467N,-171.87657,64.224458,016.9,48.3,44,0,Under way using engine,2026-08-30 20:40:20,2026-08-30 12:40:20
171-52.201W,64-13.622N,-171.870012,64.227035,017.1,49.1,44,0,Under way using engine,2026-08-30 20:42:26,2026-08-30 12:42:26
171-51.821W,64-13.770N,-171.863687,64.229493,016.9,49.2,44,0,Under way using engine,2026-08-30 20:43:34,2026-08-30 12:43:34
171-49.403W,64-14.712N,-171.823378,64.2452,017.1,49,45,0,Under way using engine,2026-08-30 20:46:56,2026-08-30 12:46:56
171-48.725W,64-14.972N,-171.812077,64.24953,017.1,46.3,45,0,Under way using engine,2026-08-30 20:48:22,2026-08-30 12:48:22
171-48.282W,64-15.146N,-171.804692,64.252437,017.0,48.6,45,0,Under way using engine,2026-08-30 20:49:14,2026-08-30 12:49:14
171-47.943W,64-15.279N,-171.799052,64.254645,017.0,48.3,45,0,Under way using engine,2026-08-30 20:49:54,2026-08-30 12:49:54
171-47.507W,64-15.450N,-171.79179,64.257502,017.1,48.2,46,0,Under way using engine,2026-08-30 20:50:48,2026-08-30 12:50:48
171-47.162W,64-15.582N,-171.786038,64.259692,017.0,48.7,46,0,Under way using engine,2026-08-30 20:51:33,2026-08-30 12:51:33
171-46.824W,64-15.708N,-171.780408,64.261803,016.8,50,46,0,Under way using engine,2026-08-30 20:52:17,2026-08-30 12:52:17
171-46.361W,64-15.880N,-171.772678,64.264668,017.2,50.4,46,0,Under way using engine,2026-08-30 20:53:08,2026-08-30 12:53:08
171-44.296W,64-16.658N,-171.738268,64.27764,017.0,48.9,46,0,Under way using engine,2026-08-30 20:57:19,2026-08-30 12:57:19
171-43.766W,64-16.862N,-171.72944,64.281025,017.1,48.1,46,0,Under way using engine,2026-08-30 20:58:26,2026-08-30 12:58:26
171-43.462W,64-16.977N,-171.724365,64.282953,017.1,48.6,46,0,Under way using engine,2026-08-30 20:59:01,2026-08-30 12:59:01
171-42.970W,64-17.163N,-171.71617,64.286043,017.0,48.5,46,0,Under way using engine,2026-08-30 21:00:03,2026-08-30 13:00:03
171-42.480W,64-17.349N,-171.707998,64.289153,017.0,48.6,46,0,Under way using engine,2026-08-30 21:01:02,2026-08-30 13:01:02
171-42.153W,64-17.477N,-171.702552,64.291288,016.8,46.5,40,0,Under way using engine,2026-08-30 21:01:42,2026-08-30 13:01:42
171-41.852W,64-17.620N,-171.69754,64.293667,016.4,40.6,34,0,Under way using engine,2026-08-30 21:02:26,2026-08-30 13:02:26
171-40.172W,64-18.795N,-171.669537,64.31325,016.7,31.1,29,0,Under way using engine,2026-08-30 21:07:24,2026-08-30 13:07:24
171-39.621W,64-19.174N,-171.660345,64.319563,016.9,30.9,27,0,Under way using engine,2026-08-30 21:09:01,2026-08-30 13:09:01
171-38.979W,64-19.640N,-171.649647,64.327332,017.2,30,26,0,Under way using engine,2026-08-30 21:10:57,2026-08-30 13:10:57
171-36.811W,64-21.155N,-171.61352,64.352582,017.0,34.4,29,0,Under way using engine,2026-08-30 21:17:18,2026-08-30 13:17:18
171-36.466W,64-21.394N,-171.607772,64.356565,016.9,31.3,28,0,Under way using engine,2026-08-30 21:18:15,2026-08-30 13:18:15
171-35.890W,64-21.805N,-171.598167,64.36342,016.9,29.9,28,0,Under way using engine,2026-08-30 21:19:59,2026-08-30 13:19:59
171-32.094W,64-24.477N,-171.534893,64.407948,017.0,31,29,0,Under way using engine,2026-08-30 21:31:08,2026-08-30 13:31:08
171-31.740W,64-24.722N,-171.528995,64.412025,017.0,31.6,29,0,Under way using engine,2026-08-30 21:32:07,2026-08-30 13:32:07
171-31.395W,64-24.962N,-171.523258,64.416037,017.0,31.5,29,0,Under way using engine,2026-08-30 21:33:06,2026-08-30 13:33:06
171-30.415W,64-25.639N,-171.50691,64.42731,017.3,31.4,29,0,Under way using engine,2026-08-30 21:35:57,2026-08-30 13:35:57
171-30.100W,64-25.858N,-171.50167,64.430972,017.2,31.5,29,0,Under way using engine,2026-08-30 21:36:51,2026-08-30 13:36:51
171-29.678W,64-26.156N,-171.494633,64.435925,017.2,30.9,29,0,Under way using engine,2026-08-30 21:38:01,2026-08-30 13:38:01
171-28.306W,64-27.120N,-171.471765,64.452002,016.9,31.4,29,0,Under way using engine,2026-08-30 21:42:05,2026-08-30 13:42:05
171-27.960W,64-27.358N,-171.465997,64.455965,016.8,32.1,30,0,Under way using engine,2026-08-30 21:43:02,2026-08-30 13:43:02
171-27.614W,64-27.595N,-171.460238,64.459922,017.0,32.1,30,0,Under way using engine,2026-08-30 21:44:04,2026-08-30 13:44:04
171-26.545W,64-28.306N,-171.442417,64.47176,016.9,32.8,30,0,Under way using engine,2026-08-30 21:47:03,2026-08-30 13:47:03
171-25.772W,64-28.825N,-171.429525,64.480422,016.8,32.7,30,0,Under way using engine,2026-08-30 21:49:17,2026-08-30 13:49:17
171-25.179W,64-29.226N,-171.419642,64.487098,016.7,31.9,30,0,Under way using engine,2026-08-30 21:50:55,2026-08-30 13:50:55
171-24.513W,64-29.673N,-171.408557,64.494553,016.8,32.7,30,0,Under way using engine,2026-08-30 21:52:51,2026-08-30 13:52:51
171-22.228W,64-31.205N,-171.370465,64.52008,016.6,32.6,30,0,Under way using engine,2026-08-30 21:59:20,2026-08-30 13:59:20
171-21.601W,64-31.615N,-171.360023,64.526922,016.5,33.3,30,0,Under way using engine,2026-08-30 22:01:06,2026-08-30 14:01:06
171-20.827W,64-32.123N,-171.34711,64.53538,016.5,32.8,30,0,Under way using engine,2026-08-30 22:03:23,2026-08-30 14:03:23
171-20.404W,64-32.399N,-171.340063,64.539982,016.5,33.7,30,0,Under way using engine,2026-08-30 22:04:34,2026-08-30 14:04:34
171-20.049W,64-32.628N,-171.334145,64.543793,016.4,33.6,28,0,Under way using engine,2026-08-30 22:05:31,2026-08-30 14:05:31
171-19.660W,64-32.910N,-171.327663,64.548492,016.4,29.4,27,0,Under way using engine,2026-08-30 22:06:45,2026-08-30 14:06:45
171-18.728W,64-33.600N,-171.312137,64.560007,016.5,29.9,27,0,Under way using engine,2026-08-30 22:09:38,2026-08-30 14:09:38
171-18.408W,64-33.838N,-171.306807,64.56397,016.5,30.2,27,0,Under way using engine,2026-08-30 22:10:38,2026-08-30 14:10:38
171-18.094W,64-34.073N,-171.301563,64.567877,016.5,29.9,27,0,Under way using engine,2026-08-30 22:11:38,2026-08-30 14:11:38
171-15.318W,64-36.080N,-171.255298,64.601327,016.5,32.8,29,0,Under way using engine,2026-08-30 22:20:07,2026-08-30 14:20:07
171-14.897W,64-36.361N,-171.24829,64.606012,016.5,32.9,29,0,Under way using engine,2026-08-30 22:21:24,2026-08-30 14:21:24
171-13.564W,64-37.261N,-171.226063,64.621022,016.3,31.6,28,0,Under way using engine,2026-08-30 22:25:14,2026-08-30 14:25:14
171-12.862W,64-37.749N,-171.214363,64.629145,016.3,31.6,28,0,Under way using engine,2026-08-30 22:27:18,2026-08-30 14:27:18
171-12.439W,64-38.042N,-171.207313,64.63403,016.3,31.9,28,0,Under way using engine,2026-08-30 22:28:37,2026-08-30 14:28:37
171-12.006W,64-38.342N,-171.200098,64.639035,016.3,31.6,28,0,Under way using engine,2026-08-30 22:29:54,2026-08-30 14:29:54
171-11.331W,64-38.805N,-171.188858,64.646745,016.4,32.2,28,0,Under way using engine,2026-08-30 22:32:02,2026-08-30 14:32:02
171-10.857W,64-39.129N,-171.180948,64.652148,016.4,32.1,28,0,Under way using engine,2026-08-30 22:33:18,2026-08-30 14:33:18
171-7.481W,64-41.439N,-171.124685,64.690642,016.4,31.6,28,0,Under way using engine,2026-08-30 22:43:19,2026-08-30 14:43:19
171-6.840W,64-41.876N,-171.114008,64.69793,016.2,31.9,28,0,Under way using engine,2026-08-30 22:45:12,2026-08-30 14:45:12
171-6.315W,64-42.245N,-171.105255,64.704075,016.2,31.7,28,0,Under way using engine,2026-08-30 22:46:49,2026-08-30 14:46:49
171-5.945W,64-42.500N,-171.099082,64.708332,016.2,31.7,28,0,Under way using engine,2026-08-30 22:48:00,2026-08-30 14:48:00
171-5.586W,64-42.749N,-171.0931,64.712485,016.2,31.3,28,0,Under way using engine,2026-08-30 22:49:01,2026-08-30 14:49:01
171-1.388W,64-45.651N,-171.023133,64.76085,016.2,32.3,28,0,Under way using engine,2026-08-30 23:01:37,2026-08-30 15:01:37
170-55.510W,64-49.623N,-170.92517,64.827053,016.1,31.9,29,0,Under way using engine,2026-08-30 23:19:00,2026-08-30 15:19:00
170-55.208W,64-49.825N,-170.92014,64.830422,016.0,32.4,29,0,Under way using engine,2026-08-30 23:19:55,2026-08-30 15:19:55
170-54.879W,64-50.049N,-170.914645,64.834155,016.2,32.2,29,0,Under way using engine,2026-08-30 23:20:54,2026-08-30 15:20:54
170-54.530W,64-50.285N,-170.908828,64.838075,016.1,31.6,29,0,Under way using engine,2026-08-30 23:21:55,2026-08-30 15:21:55
170-54.098W,64-50.576N,-170.901637,64.842925,016.1,32.3,29,0,Under way using engine,2026-08-30 23:23:15,2026-08-30 15:23:15
170-49.018W,64-54.064N,-170.81696,64.901072,016.2,31.8,28,0,Under way using engine,2026-08-30 23:38:33,2026-08-30 15:38:33
170-48.710W,64-54.275N,-170.811837,64.904587,016.3,30.7,28,0,Under way using engine,2026-08-30 23:39:29,2026-08-30 15:39:29
170-45.865W,64-56.199N,-170.764413,64.936657,016.0,32.4,29,0,Under way using engine,2026-08-30 23:47:54,2026-08-30 15:47:54
170-45.560W,64-56.402N,-170.759335,64.940035,016.0,33.2,29,0,Under way using engine,2026-08-30 23:48:53,2026-08-30 15:48:53
170-45.192W,64-56.647N,-170.753197,64.944122,016.0,31.8,28,0,Under way using engine,2026-08-30 23:49:57,2026-08-30 15:49:57
170-44.666W,64-57.014N,-170.744437,64.950227,016.1,30.3,28,0,Under way using engine,2026-08-30 23:51:32,2026-08-30 15:51:32
170-44.334W,64-57.248N,-170.738892,64.95413,016.2,30.9,28,0,Under way using engine,2026-08-30 23:52:30,2026-08-30 15:52:30
170-41.769W,64-59.046N,-170.69615,64.984093,016.2,30.9,28,0,Under way using engine,2026-08-31 00:00:19,2026-08-30 16:00:19
170-39.978W,65-0.288N,-170.666307,65.0048,016.2,31.2,28,0,Under way using engine,2026-08-31 00:05:44,2026-08-30 16:05:44
170-39.376W,65-0.702N,-170.656268,65.011693,016.3,31.3,28,0,Under way using engine,2026-08-31 00:07:32,2026-08-30 16:07:32
170-39.005W,65-0.950N,-170.650078,65.01583,016.2,32.1,28,0,Under way using engine,2026-08-31 00:08:41,2026-08-30 16:08:41
170-38.671W,65-1.180N,-170.64452,65.019668,016.3,31.1,28,0,Under way using engine,2026-08-31 00:09:37,2026-08-30 16:09:37
170-37.820W,65-1.760N,-170.630333,65.029328,016.3,31.7,28,0,Under way using engine,2026-08-31 00:12:08,2026-08-30 16:12:08
170-36.812W,65-2.442N,-170.61354,65.040695,016.1,33,29,0,Under way using engine,2026-08-31 00:15:06,2026-08-30 16:15:06
170-35.260W,65-3.481N,-170.58766,65.058013,016.1,32.5,29,0,Under way using engine,2026-08-31 00:19:41,2026-08-30 16:19:41
170-29.678W,65-7.232N,-170.494627,65.120527,016.1,32.3,29,0,Under way using engine,2026-08-31 00:36:20,2026-08-30 16:36:20
170-29.343W,65-7.455N,-170.489042,65.124243,016.1,32.4,29,0,Under way using engine,2026-08-31 00:37:18,2026-08-30 16:37:18
170-29.028W,65-7.665N,-170.483792,65.127753,016.1,33.1,29,0,Under way using engine,2026-08-31 00:38:14,2026-08-30 16:38:14
170-28.657W,65-7.911N,-170.477622,65.131858,016.1,32.6,29,0,Under way using engine,2026-08-31 00:39:18,2026-08-30 16:39:18
170-27.519W,65-8.657N,-170.458655,65.144282,015.9,32.1,28,0,Under way using engine,2026-08-31 00:42:36,2026-08-30 16:42:36
170-25.047W,65-10.319N,-170.417445,65.171975,015.9,32.4,28,0,Under way using engine,2026-08-31 00:50:02,2026-08-30 16:50:02
170-24.374W,65-10.770N,-170.406235,65.179503,016.1,32.3,28,0,Under way using engine,2026-08-31 00:52:01,2026-08-30 16:52:01
170-22.433W,65-12.057N,-170.373888,65.200947,016.0,32,28,0,Under way using engine,2026-08-31 00:57:50,2026-08-30 16:57:50
170-22.022W,65-12.324N,-170.367027,65.205408,015.8,32.6,28,0,Under way using engine,2026-08-31 00:58:58,2026-08-30 16:58:58
170-21.113W,65-12.930N,-170.351888,65.215495,015.7,31.6,26,0,Under way using engine,2026-08-31 01:01:36,2026-08-30 17:01:36
170-20.634W,65-13.267N,-170.343905,65.221122,015.8,30.8,26,0,Under way using engine,2026-08-31 01:03:11,2026-08-30 17:03:11
170-19.572W,65-14.016N,-170.326203,65.233602,015.8,31.5,27,0,Under way using engine,2026-08-31 01:06:25,2026-08-30 17:06:25
170-18.562W,65-14.705N,-170.309365,65.24509,015.8,30.9,27,0,Under way using engine,2026-08-31 01:09:31,2026-08-30 17:09:31
170-17.705W,65-15.284N,-170.295077,65.254733,015.8,32.4,28,0,Under way using engine,2026-08-31 01:12:08,2026-08-30 17:12:08
170-15.261W,65-16.889N,-170.254357,65.281482,015.8,32.6,28,0,Under way using engine,2026-08-31 01:19:18,2026-08-30 17:19:18
170-14.624W,65-17.303N,-170.243727,65.28838,015.7,31.9,27,0,Under way using engine,2026-08-31 01:21:13,2026-08-30 17:21:13
170-13.048W,65-18.365N,-170.21747,65.306075,016.1,31.7,27,0,Under way using engine,2026-08-31 01:25:56,2026-08-30 17:25:56
170-12.287W,65-18.893N,-170.204787,65.314878,016.3,30.9,27,0,Under way using engine,2026-08-31 01:28:12,2026-08-30 17:28:12
170-11.982W,65-19.104N,-170.1997,65.318395,016.1,30.5,27,0,Under way using engine,2026-08-31 01:29:05,2026-08-30 17:29:05
170-11.581W,65-19.382N,-170.193017,65.323035,016.1,31.2,27,0,Under way using engine,2026-08-31 01:30:20,2026-08-30 17:30:20
170-9.186W,65-21.072N,-170.153108,65.351205,015.7,30,27,0,Under way using engine,2026-08-31 01:37:43,2026-08-30 17:37:43
170-8.778W,65-21.360N,-170.146292,65.356007,015.5,30.9,27,0,Under way using engine,2026-08-31 01:39:00,2026-08-30 17:39:00
170-6.347W,65-23.071N,-170.105777,65.38452,015.6,29.8,27,0,Under way using engine,2026-08-31 01:46:41,2026-08-30 17:46:41
170-5.831W,65-23.432N,-170.097183,65.390528,015.7,30.9,28,0,Under way using engine,2026-08-31 01:48:18,2026-08-30 17:48:18
170-5.292W,65-23.785N,-170.088192,65.396418,015.6,33.1,29,0,Under way using engine,2026-08-31 01:49:54,2026-08-30 17:49:54
170-3.367W,65-24.998N,-170.056122,65.41663,015.5,33.8,29,0,Under way using engine,2026-08-31 01:55:33,2026-08-30 17:55:33
170-3.027W,65-25.209N,-170.050455,65.420142,015.5,33.1,29,0,Under way using engine,2026-08-31 01:56:33,2026-08-30 17:56:33
170-2.676W,65-25.427N,-170.044608,65.423775,015.5,33.8,29,0,Under way using engine,2026-08-31 01:57:31,2026-08-30 17:57:31
169-59.987W,65-27.139N,-169.999788,65.452312,015.7,33.8,29,0,Under way using engine,2026-08-31 02:05:24,2026-08-30 18:05:24
169-59.639W,65-27.361N,-169.99398,65.456012,015.7,33.1,29,0,Under way using engine,2026-08-31 02:06:24,2026-08-30 18:06:24
169-58.813W,65-27.889N,-169.98022,65.464812,015.8,32.6,29,0,Under way using engine,2026-08-31 02:08:49,2026-08-30 18:08:49
169-56.935W,65-29.106N,-169.948912,65.485103,015.7,32.8,29,0,Under way using engine,2026-08-31 02:14:18,2026-08-30 18:14:18
169-56.534W,65-29.367N,-169.942225,65.489442,015.5,32.3,29,0,Under way using engine,2026-08-31 02:15:32,2026-08-30 18:15:32
169-55.603W,65-29.979N,-169.926715,65.49965,015.4,30.9,28,0,Under way using engine,2026-08-31 02:18:22,2026-08-30 18:18:22
169-54.311W,65-30.863N,-169.90519,65.514378,015.5,32.2,28,0,Under way using engine,2026-08-31 02:22:22,2026-08-30 18:22:22
169-53.598W,65-31.349N,-169.893292,65.522477,015.5,31.5,28,0,Under way using engine,2026-08-31 02:24:33,2026-08-30 18:24:33
169-53.147W,65-31.655N,-169.88578,65.52758,015.6,31.4,28,0,Under way using engine,2026-08-31 02:25:56,2026-08-30 18:25:56
169-52.780W,65-31.901N,-169.87967,65.531687,015.5,31.5,28,0,Under way using engine,2026-08-31 02:27:00,2026-08-30 18:27:00
169-50.628W,65-33.358N,-169.843808,65.555967,015.7,31.4,28,0,Under way using engine,2026-08-31 02:33:41,2026-08-30 18:33:41
169-49.976W,65-33.802N,-169.832927,65.563367,015.7,30.8,28,0,Under way using engine,2026-08-31 02:35:38,2026-08-30 18:35:38
169-49.577W,65-34.074N,-169.826287,65.5679,015.6,30.1,28,0,Under way using engine,2026-08-31 02:36:53,2026-08-30 18:36:53
169-48.253W,65-34.980N,-169.804215,65.583005,015.6,31.4,28,0,Under way using engine,2026-08-31 02:40:55,2026-08-30 18:40:55
169-47.695W,65-35.356N,-169.794912,65.58927,015.5,31.9,29,0,Under way using engine,2026-08-31 02:42:36,2026-08-30 18:42:36
169-47.334W,65-35.597N,-169.788898,65.59329,015.5,31.6,29,0,Under way using engine,2026-08-31 02:43:42,2026-08-30 18:43:42
169-47.029W,65-35.798N,-169.783823,65.596633,015.6,31.8,29,0,Under way using engine,2026-08-31 02:44:39,2026-08-30 18:44:39
169-46.630W,65-36.062N,-169.777168,65.601028,015.8,32.6,29,0,Under way using engine,2026-08-31 02:45:52,2026-08-30 18:45:52
169-46.255W,65-36.303N,-169.770917,65.605055,015.6,32.6,29,0,Under way using engine,2026-08-31 02:46:53,2026-08-30 18:46:53
169-45.773W,65-36.615N,-169.76288,65.610247,015.6,32.9,29,0,Under way using engine,2026-08-31 02:48:20,2026-08-30 18:48:20
169-44.663W,65-37.337N,-169.74438,65.622277,015.7,32.1,29,0,Under way using engine,2026-08-31 02:51:37,2026-08-30 18:51:37
169-44.196W,65-37.644N,-169.736605,65.627393,015.8,32.4,29,0,Under way using engine,2026-08-31 02:53:02,2026-08-30 18:53:02
169-43.783W,65-37.913N,-169.729722,65.631885,015.8,32.4,29,0,Under way using engine,2026-08-31 02:54:13,2026-08-30 18:54:13
169-43.119W,65-38.361N,-169.718642,65.639345,015.8,30.7,28,0,Under way using engine,2026-08-31 02:56:11,2026-08-30 18:56:11
169-41.459W,65-39.508N,-169.690982,65.658473,015.8,30.7,29,0,Under way using engine,2026-08-31 03:01:19,2026-08-30 19:01:19
169-38.367W,65-41.534N,-169.639445,65.692225,016.0,31.7,29,0,Under way using engine,2026-08-31 03:10:21,2026-08-30 19:10:21
169-38.034W,65-41.756N,-169.633903,65.695933,015.9,31.2,29,0,Under way using engine,2026-08-31 03:11:21,2026-08-30 19:11:21
169-37.526W,65-42.094N,-169.62543,65.701563,015.9,31,29,0,Under way using engine,2026-08-31 03:12:51,2026-08-30 19:12:51
169-37.050W,65-42.409N,-169.617493,65.706813,015.9,32.1,29,0,Under way using engine,2026-08-31 03:14:13,2026-08-30 19:14:13
169-35.476W,65-43.447N,-169.59126,65.724115,015.8,32.4,29,0,Under way using engine,2026-08-31 03:18:50,2026-08-30 19:18:50
169-32.488W,65-45.429N,-169.541473,65.757143,015.9,31.7,29,0,Under way using engine,2026-08-31 03:27:36,2026-08-30 19:27:36
169-32.047W,65-45.720N,-169.534117,65.761995,015.9,32,30,0,Under way using engine,2026-08-31 03:28:57,2026-08-30 19:28:57
169-31.071W,65-46.360N,-169.517848,65.772673,015.8,31.9,29,0,Under way using engine,2026-08-31 03:31:48,2026-08-30 19:31:48
169-30.391W,65-46.807N,-169.506522,65.780115,015.7,32.4,29,0,Under way using engine,2026-08-31 03:33:49,2026-08-30 19:33:49
169-24.623W,65-50.583N,-169.410385,65.843055,016.0,32.2,29,0,Under way using engine,2026-08-31 03:50:52,2026-08-30 19:50:52
169-24.285W,65-50.804N,-169.404743,65.846738,015.8,32.5,29,0,Under way using engine,2026-08-31 03:51:50,2026-08-30 19:51:50
169-23.064W,65-51.589N,-169.384408,65.859815,016.0,32.2,29,0,Under way using engine,2026-08-31 03:55:19,2026-08-30 19:55:19
169-22.157W,65-52.169N,-169.369287,65.869482,015.9,32.4,29,0,Under way using engine,2026-08-31 03:57:54,2026-08-30 19:57:54
169-21.771W,65-52.415N,-169.36285,65.873582,016.0,32.9,29,0,Under way using engine,2026-08-31 03:59:00,2026-08-30 19:59:00
169-21.454W,65-52.617N,-169.357567,65.876945,016.0,32.7,29,0,Under way using engine,2026-08-31 03:59:56,2026-08-30 19:59:56
169-18.972W,65-55.926N,-169.316208,65.932098,015.5,358.1,353,0,Under way using engine,2026-08-31 04:13:35,2026-08-30 20:13:35
169-19.164W,65-58.831N,-169.319405,65.980517,015.0,357.3,354,0,Under way using engine,2026-08-31 04:25:08,2026-08-30 20:25:08
169-19.186W,65-59.136N,-169.319768,65.985592,015.0,358.6,354,0,Under way using engine,2026-08-31 04:26:19,2026-08-30 20:26:19
169-19.221W,65-59.583N,-169.320357,65.993052,015.0,357.9,354,0,Under way using engine,2026-08-31 04:28:09,2026-08-30 20:28:09
169-19.258W,66-0.060N,-169.32096,66.001008,015.0,357.8,354,0,Under way using engine,2026-08-31 04:30:03,2026-08-30 20:30:03
169-19.386W,66-1.619N,-169.323108,66.026975,015.1,358.7,355,0,Under way using engine,2026-08-31 04:36:13,2026-08-30 20:36:13
169-19.410W,66-2.168N,-169.323503,66.036128,014.9,357.8,355,0,Under way using engine,2026-08-31 04:38:23,2026-08-30 20:38:23
169-19.502W,66-4.029N,-169.325032,66.067157,014.8,357.6,355,0,Under way using engine,2026-08-31 04:45:55,2026-08-30 20:45:55
169-19.693W,66-6.464N,-169.328217,66.107738,014.5,358,354,0,Under way using engine,2026-08-31 04:55:57,2026-08-30 20:55:57
169-19.713W,66-6.802N,-169.328545,66.113365,014.5,358.7,354,0,Under way using engine,2026-08-31 04:57:23,2026-08-30 20:57:23
169-19.752W,66-7.525N,-169.329203,66.125418,014.5,358.1,354,0,Under way using engine,2026-08-31 05:00:22,2026-08-30 21:00:22
169-19.804W,66-9.409N,-169.33006,66.156818,014.4,1.2,355,0,Under way using engine,2026-08-31 05:08:08,2026-08-30 21:08:08
169-19.784W,66-10.135N,-169.329738,66.168922,014.5,1,356,0,Under way using engine,2026-08-31 05:11:07,2026-08-30 21:11:07
169-19.764W,66-10.616N,-169.329397,66.176928,014.6,1.3,355,0,Under way using engine,2026-08-31 05:13:08,2026-08-30 21:13:08
169-19.753W,66-10.934N,-169.32921,66.182237,014.7,359.8,355,0,Under way using engine,2026-08-31 05:14:25,2026-08-30 21:14:25
169-19.737W,66-11.323N,-169.328945,66.18871,014.6,1,356,0,Under way using engine,2026-08-31 05:16:02,2026-08-30 21:16:02
169-19.717W,66-11.852N,-169.328617,66.197535,014.6,1.1,354,0,Under way using engine,2026-08-31 05:18:15,2026-08-30 21:18:15
169-19.715W,66-12.578N,-169.328575,66.209628,014.5,0.1,354,0,Under way using engine,2026-08-31 05:21:14,2026-08-30 21:21:14
169-19.709W,66-12.890N,-169.32849,66.214837,014.4,359,353,0,Under way using engine,2026-08-31 05:22:31,2026-08-30 21:22:31
169-19.715W,66-13.203N,-169.32858,66.220052,014.4,0.4,353,0,Under way using engine,2026-08-31 05:23:49,2026-08-30 21:23:49
169-19.729W,66-13.808N,-169.328813,66.23013,014.3,357.6,351,0,Under way using engine,2026-08-31 05:26:22,2026-08-30 21:26:22
169-19.774W,66-14.421N,-169.32957,66.240347,014.3,358.5,351,0,Under way using engine,2026-08-31 05:28:55,2026-08-30 21:28:55
169-19.805W,66-14.760N,-169.330082,66.246007,014.4,357.7,351,0,Under way using engine,2026-08-31 05:30:20,2026-08-30 21:30:20
169-19.898W,66-16.002N,-169.331635,66.266705,014.3,358.5,351,0,Under way using engine,2026-08-31 05:35:30,2026-08-30 21:35:30
169-19.918W,66-16.335N,-169.331962,66.272257,014.3,359,351,0,Under way using engine,2026-08-31 05:37:00,2026-08-30 21:37:00
169-19.936W,66-16.692N,-169.332273,66.278193,014.2,359,351,0,Under way using engine,2026-08-31 05:38:27,2026-08-30 21:38:27
169-19.968W,66-17.140N,-169.332795,66.285663,014.3,359.2,351,0,Under way using engine,2026-08-31 05:40:21,2026-08-30 21:40:21
169-20.013W,66-17.862N,-169.333547,66.297708,014.3,359,351,0,Under way using engine,2026-08-31 05:43:23,2026-08-30 21:43:23
169-20.102W,66-18.854N,-169.335025,66.314237,014.2,357.4,350,0,Under way using engine,2026-08-31 05:47:33,2026-08-30 21:47:33
169-20.550W,66-21.307N,-169.342507,66.355115,013.9,348.1,340,0,Under way using engine,2026-08-31 05:57:58,2026-08-30 21:57:58
169-20.945W,66-21.740N,-169.349075,66.362337,013.9,330.4,326,0,Under way using engine,2026-08-31 05:59:55,2026-08-30 21:59:55
169-22.102W,66-22.378N,-169.368365,66.372962,013.9,321.9,319,0,Under way using engine,2026-08-31 06:03:18,2026-08-30 22:03:18
169-22.801W,66-22.719N,-169.380022,66.378647,013.9,320.4,319,0,Under way using engine,2026-08-31 06:05:15,2026-08-30 22:05:15
169-23.205W,66-22.915N,-169.386755,66.381912,013.8,321,319,0,Under way using engine,2026-08-31 06:06:19,2026-08-30 22:06:19
169-24.151W,66-23.371N,-169.402517,66.389523,013.8,320.2,318,0,Under way using engine,2026-08-31 06:08:55,2026-08-30 22:08:55
169-24.957W,66-23.751N,-169.415948,66.39585,013.7,320.3,318,0,Under way using engine,2026-08-31 06:11:04,2026-08-30 22:11:04
169-25.324W,66-23.926N,-169.422067,66.398768,013.8,319.7,316,0,Under way using engine,2026-08-31 06:12:08,2026-08-30 22:12:08
169-26.045W,66-24.229N,-169.434085,66.403822,013.9,314.8,313,0,Under way using engine,2026-08-31 06:13:55,2026-08-30 22:13:55
169-29.574W,66-25.631N,-169.492897,66.42719,014.1,314.4,313,0,Under way using engine,2026-08-31 06:22:30,2026-08-30 22:22:30
169-30.583W,66-26.029N,-169.509723,66.433813,014.2,314.3,313,0,Under way using engine,2026-08-31 06:24:49,2026-08-30 22:24:49
169-31.001W,66-26.193N,-169.516678,66.436555,014.0,315.1,313,0,Under way using engine,2026-08-31 06:25:50,2026-08-30 22:25:50
169-31.430W,66-26.357N,-169.523833,66.43929,014.0,313.6,313,0,Under way using engine,2026-08-31 06:26:51,2026-08-30 22:26:51
169-32.903W,66-26.915N,-169.548388,66.448587,013.9,313.7,314,0,Under way using engine,2026-08-31 06:30:22,2026-08-30 22:30:22
169-33.399W,66-27.102N,-169.556647,66.451707,013.8,312.7,313,0,Under way using engine,2026-08-31 06:31:32,2026-08-30 22:31:32
169-33.982W,66-27.323N,-169.566363,66.455375,013.7,313.1,313,0,Under way using engine,2026-08-31 06:32:58,2026-08-30 22:32:58
169-34.448W,66-27.497N,-169.574133,66.458288,013.6,313.9,313,0,Under way using engine,2026-08-31 06:34:01,2026-08-30 22:34:01
169-34.949W,66-27.684N,-169.582487,66.4614,013.7,312.7,314,0,Under way using engine,2026-08-31 06:35:13,2026-08-30 22:35:13
169-35.670W,66-27.980N,-169.594492,66.466328,013.5,317.1,317,0,Under way using engine,2026-08-31 06:37:03,2026-08-30 22:37:03
169-36.737W,66-28.451N,-169.612285,66.474187,013.6,318.3,317,0,Under way using engine,2026-08-31 06:39:51,2026-08-30 22:39:51
169-39.496W,66-29.697N,-169.658265,66.494955,013.7,318.1,317,0,Under way using engine,2026-08-31 06:47:12,2026-08-30 22:47:12
169-40.310W,66-30.068N,-169.671838,66.501128,013.7,318.3,317,0,Under way using engine,2026-08-31 06:49:23,2026-08-30 22:49:23
169-42.323W,66-30.978N,-169.705378,66.516292,013.7,318.7,317,0,Under way using engine,2026-08-31 06:54:45,2026-08-30 22:54:45
169-43.345W,66-31.436N,-169.72241,66.52394,013.8,318.3,317,0,Under way using engine,2026-08-31 06:57:23,2026-08-30 22:57:23
169-43.790W,66-31.637N,-169.729828,66.527278,013.7,318.3,317,0,Under way using engine,2026-08-31 06:58:36,2026-08-30 22:58:36
169-44.291W,66-31.862N,-169.738185,66.53103,013.7,318,317,0,Under way using engine,2026-08-31 06:59:59,2026-08-30 22:59:59
169-44.612W,66-32.008N,-169.743533,66.53346,013.7,318.7,317,0,Under way using engine,2026-08-31 07:00:48,2026-08-30 23:00:48
169-46.991W,66-33.060N,-169.783175,66.551003,013.9,316.9,317,0,Under way using engine,2026-08-31 07:06:51,2026-08-30 23:06:51
169-47.387W,66-33.234N,-169.78978,66.553892,013.8,317.6,317,0,Under way using engine,2026-08-31 07:07:55,2026-08-30 23:07:55
169-47.727W,66-33.381N,-169.795442,66.556358,013.9,317.8,317,0,Under way using engine,2026-08-31 07:08:50,2026-08-30 23:08:50
169-48.084W,66-33.539N,-169.801405,66.55898,013.8,318.2,317,0,Under way using engine,2026-08-31 07:09:42,2026-08-30 23:09:42
169-48.871W,66-33.879N,-169.814522,66.564648,013.9,317.5,317,0,Under way using engine,2026-08-31 07:11:40,2026-08-30 23:11:40
169-49.575W,66-34.186N,-169.826252,66.56977,013.8,317.5,317,0,Under way using engine,2026-08-31 07:13:28,2026-08-30 23:13:28
169-50.974W,66-34.792N,-169.84956,66.57987,013.7,317.2,317,0,Under way using engine,2026-08-31 07:17:07,2026-08-30 23:17:07
169-52.661W,66-35.525N,-169.877678,66.59209,013.7,317.7,317,0,Under way using engine,2026-08-31 07:21:21,2026-08-30 23:21:21
169-53.052W,66-35.694N,-169.884207,66.594907,013.8,317.4,317,0,Under way using engine,2026-08-31 07:22:24,2026-08-30 23:22:24
169-56.036W,66-36.992N,-169.933927,66.616535,013.7,317.5,317,0,Under way using engine,2026-08-31 07:30:00,2026-08-30 23:30:00
169-57.333W,66-37.560N,-169.955555,66.626002,013.7,317.6,317,0,Under way using engine,2026-08-31 07:33:26,2026-08-30 23:33:26
169-59.759W,66-38.626N,-169.995978,66.64376,013.6,318,317,0,Under way using engine,2026-08-31 07:40:05,2026-08-30 23:40:05
170-1.027W,66-39.187N,-170.017118,66.653113,013.4,318.3,317,0,Under way using engine,2026-08-31 07:43:03,2026-08-30 23:43:03
170-1.343W,66-39.326N,-170.02239,66.655438,013.4,318.9,317,0,Under way using engine,2026-08-31 07:43:52,2026-08-30 23:43:52
170-1.965W,66-39.603N,-170.032747,66.660053,013.4,318.9,317,0,Under way using engine,2026-08-31 07:45:31,2026-08-30 23:45:31
170-5.438W,66-41.131N,-170.090625,66.685517,013.5,316.9,315,0,Under way using engine,2026-08-31 07:54:43,2026-08-30 23:54:43
170-6.967W,66-41.798N,-170.116113,66.69663,013.5,318.2,315,0,Under way using engine,2026-08-31 07:58:41,2026-08-30 23:58:41
170-7.610W,66-42.081N,-170.126837,66.701347,013.6,318.4,315,0,Under way using engine,2026-08-31 08:00:25,2026-08-31 00:00:25
170-10.916W,66-43.559N,-170.181925,66.725975,013.3,319.2,315,0,Under way using engine,2026-08-31 08:09:11,2026-08-31 00:09:11
170-11.725W,66-43.922N,-170.195415,66.73204,013.3,319,315,0,Under way using engine,2026-08-31 08:11:24,2026-08-31 00:11:24
170-13.136W,66-44.564N,-170.218937,66.74273,013.3,319.4,315,0,Under way using engine,2026-08-31 08:15:11,2026-08-31 00:15:11
170-13.442W,66-44.704N,-170.22404,66.74506,013.3,319.6,315,0,Under way using engine,2026-08-31 08:16:06,2026-08-31 00:16:06
170-13.809W,66-44.871N,-170.230155,66.74785,013.3,319.3,315,0,Under way using engine,2026-08-31 08:17:05,2026-08-31 00:17:05
170-14.171W,66-45.031N,-170.236175,66.750515,013.3,316.9,313,0,Under way using engine,2026-08-31 08:18:05,2026-08-31 00:18:05
170-14.701W,66-45.251N,-170.245015,66.754185,013.4,315.9,313,0,Under way using engine,2026-08-31 08:19:24,2026-08-31 00:19:24
170-15.027W,66-45.384N,-170.250448,66.756407,013.3,315.8,313,0,Under way using engine,2026-08-31 08:20:15,2026-08-31 00:20:15
170-15.941W,66-45.758N,-170.265685,66.762628,013.3,315.3,313,0,Under way using engine,2026-08-31 08:22:35,2026-08-31 00:22:35
170-18.849W,66-46.916N,-170.314155,66.78194,013.3,314.2,312,0,Under way using engine,2026-08-31 08:29:52,2026-08-31 00:29:52
170-22.456W,66-48.339N,-170.374265,66.80565,014.3,316.5,314,0,Under way using engine,2026-08-31 08:38:53,2026-08-31 00:38:53
170-24.032W,66-48.991N,-170.400527,66.816517,014.2,316,314,0,Under way using engine,2026-08-31 08:42:38,2026-08-31 00:42:38
170-24.403W,66-49.143N,-170.406718,66.819055,014.3,316.1,314,0,Under way using engine,2026-08-31 08:43:31,2026-08-31 00:43:31
170-24.964W,66-49.371N,-170.416063,66.822848,014.4,315.9,314,0,Under way using engine,2026-08-31 08:44:53,2026-08-31 00:44:53
170-25.550W,66-49.610N,-170.425833,66.826838,014.4,315.6,315,0,Under way using engine,2026-08-31 08:46:13,2026-08-31 00:46:13
170-26.145W,66-49.857N,-170.435755,66.830947,014.4,316.8,315,0,Under way using engine,2026-08-31 08:47:42,2026-08-31 00:47:42
170-27.883W,66-50.587N,-170.464723,66.843118,014.3,316.8,315,0,Under way using engine,2026-08-31 08:51:52,2026-08-31 00:51:52
170-28.215W,66-50.725N,-170.47025,66.845412,014.3,317.5,316,0,Under way using engine,2026-08-31 08:52:37,2026-08-31 00:52:37
170-28.853W,66-51.002N,-170.480885,66.850037,013.8,317.7,316,0,Under way using engine,2026-08-31 08:54:13,2026-08-31 00:54:13
170-30.324W,66-51.631N,-170.505395,66.860513,013.3,317.5,315,0,Under way using engine,2026-08-31 08:58:00,2026-08-31 00:58:00
170-30.716W,66-51.795N,-170.511925,66.863253,013.3,316.7,315,0,Under way using engine,2026-08-31 08:59:09,2026-08-31 00:59:09
170-31.352W,66-52.055N,-170.522525,66.86759,013.2,316.5,315,0,Under way using engine,2026-08-31 09:00:46,2026-08-31 01:00:46
170-33.499W,66-52.963N,-170.55831,66.882723,013.2,317.2,315,0,Under way using engine,2026-08-31 09:06:21,2026-08-31 01:06:21
170-34.074W,66-53.208N,-170.567897,66.886793,013.1,316.8,315,0,Under way using engine,2026-08-31 09:07:52,2026-08-31 01:07:52
170-35.391W,66-53.774N,-170.589858,66.896235,013.3,317.9,315,0,Under way using engine,2026-08-31 09:11:22,2026-08-31 01:11:22
170-36.459W,66-54.237N,-170.607647,66.903942,013.2,317.6,315,0,Under way using engine,2026-08-31 09:14:11,2026-08-31 01:14:11
170-37.022W,66-54.479N,-170.617037,66.907982,013.0,317.2,314,0,Under way using engine,2026-08-31 09:15:41,2026-08-31 01:15:41
170-38.766W,66-55.182N,-170.646107,66.919703,013.2,315.4,313,0,Under way using engine,2026-08-31 09:20:10,2026-08-31 01:20:10
170-39.155W,66-55.338N,-170.652588,66.922307,013.1,315.6,313,0,Under way using engine,2026-08-31 09:21:11,2026-08-31 01:21:11
170-42.808W,66-56.863N,-170.71347,66.947718,012.9,316.5,315,0,Under way using engine,2026-08-31 09:30:53,2026-08-31 01:30:53
170-43.491W,66-57.150N,-170.724845,66.952497,012.9,316.4,315,0,Under way using engine,2026-08-31 09:32:44,2026-08-31 01:32:44
170-44.160W,66-57.430N,-170.735998,66.957167,012.7,316.5,315,0,Under way using engine,2026-08-31 09:34:31,2026-08-31 01:34:31
170-45.839W,66-58.134N,-170.76399,66.9689,012.7,316.2,315,0,Under way using engine,2026-08-31 09:39:00,2026-08-31 01:39:00
170-47.953W,66-59.013N,-170.799218,66.983555,012.8,316.2,315,0,Under way using engine,2026-08-31 09:44:44,2026-08-31 01:44:44
170-48.260W,66-59.140N,-170.804327,66.985673,012.8,316.4,315,0,Under way using engine,2026-08-31 09:45:32,2026-08-31 01:45:32
170-51.768W,67-0.279N,-170.862797,67.004653,012.8,305.3,305,0,Under way using engine,2026-08-31 09:53:52,2026-08-31 01:53:52
170-52.453W,67-0.462N,-170.874212,67.007698,012.5,304.6,305,0,Under way using engine,2026-08-31 09:55:23,2026-08-31 01:55:23
170-52.888W,67-0.581N,-170.88146,67.009675,012.6,305,305,0,Under way using engine,2026-08-31 09:56:21,2026-08-31 01:56:21
170-53.917W,67-0.857N,-170.898615,67.01428,012.4,304.3,304,0,Under way using engine,2026-08-31 09:58:45,2026-08-31 01:58:45
170-55.253W,67-1.209N,-170.920878,67.02015,012.6,304.2,304,0,Under way using engine,2026-08-31 10:01:43,2026-08-31 02:01:43
170-56.293W,67-1.488N,-170.938218,67.024802,012.9,305.2,305,0,Under way using engine,2026-08-31 10:04:02,2026-08-31 02:04:02
170-59.570W,67-2.358N,-170.992832,67.039295,012.9,303.8,303,0,Under way using engine,2026-08-31 10:11:22,2026-08-31 02:11:22
171-4.690W,67-3.639N,-171.07816,67.060657,012.7,303.7,303,0,Under way using engine,2026-08-31 10:22:32,2026-08-31 02:22:32
171-4.996W,67-3.716N,-171.083273,67.06193,012.7,302.7,303,0,Under way using engine,2026-08-31 10:23:12,2026-08-31 02:23:12
171-5.302W,67-3.791N,-171.088368,67.063187,012.7,301.9,303,0,Under way using engine,2026-08-31 10:23:53,2026-08-31 02:23:53
171-5.837W,67-3.925N,-171.097285,67.065415,012.9,302.2,303,0,Under way using engine,2026-08-31 10:25:04,2026-08-31 02:25:04
171-8.203W,67-4.512N,-171.136722,67.075205,012.6,303.3,303,0,Under way using engine,2026-08-31 10:30:14,2026-08-31 02:30:14
171-9.270W,67-4.778N,-171.154507,67.07963,012.7,302.8,303,0,Under way using engine,2026-08-31 10:32:31,2026-08-31 02:32:31
171-9.971W,67-4.955N,-171.16619,67.082588,013.0,303.2,303,0,Under way using engine,2026-08-31 10:34:01,2026-08-31 02:34:01
171-11.597W,67-5.363N,-171.193282,67.089378,012.6,305.1,304,0,Under way using engine,2026-08-31 10:37:32,2026-08-31 02:37:32
171-12.213W,67-5.522N,-171.20355,67.092025,013.1,303.8,304,0,Under way using engine,2026-08-31 10:38:52,2026-08-31 02:38:52
171-12.909W,67-5.701N,-171.215153,67.095023,013.0,304.6,304,0,Under way using engine,2026-08-31 10:40:26,2026-08-31 02:40:26
171-13.365W,67-5.821N,-171.222757,67.097022,013.1,303.9,304,0,Under way using engine,2026-08-31 10:41:22,2026-08-31 02:41:22
171-16.756W,67-6.709N,-171.279273,67.111822,012.9,303.5,304,0,Under way using engine,2026-08-31 10:48:50,2026-08-31 02:48:50
171-17.288W,67-6.851N,-171.288128,67.114183,013.0,304.2,304,0,Under way using engine,2026-08-31 10:50:02,2026-08-31 02:50:02
171-17.671W,67-6.953N,-171.294518,67.11588,012.9,304.6,304,0,Under way using engine,2026-08-31 10:50:52,2026-08-31 02:50:52
171-18.120W,67-7.075N,-171.301993,67.11791,012.5,305.7,304,0,Under way using engine,2026-08-31 10:51:51,2026-08-31 02:51:51
171-19.888W,67-7.516N,-171.331473,67.12527,012.9,301,302,0,Under way using engine,2026-08-31 10:55:40,2026-08-31 02:55:40
171-20.678W,67-7.710N,-171.34464,67.128492,012.9,302.4,302,0,Under way using engine,2026-08-31 10:57:22,2026-08-31 02:57:22
171-21.150W,67-7.826N,-171.352505,67.130427,013.1,301.7,302,0,Under way using engine,2026-08-31 10:58:23,2026-08-31 02:58:23
171-21.693W,67-7.959N,-171.361548,67.132655,012.6,303.1,302,0,Under way using engine,2026-08-31 10:59:33,2026-08-31 02:59:33
171-22.157W,67-8.071N,-171.369278,67.134515,012.8,302.4,302,0,Under way using engine,2026-08-31 11:00:31,2026-08-31 03:00:31
171-22.876W,67-8.245N,-171.381263,67.137423,012.9,301.7,302,0,Under way using engine,2026-08-31 11:02:02,2026-08-31 03:02:02
171-23.976W,67-8.517N,-171.399597,67.141958,012.8,302.5,302,0,Under way using engine,2026-08-31 11:04:24,2026-08-31 03:04:24
171-24.436W,67-8.630N,-171.40727,67.14383,013.1,301.6,302,0,Under way using engine,2026-08-31 11:05:22,2026-08-31 03:05:22
171-25.136W,67-8.799N,-171.418938,67.146652,012.9,302.4,302,0,Under way using engine,2026-08-31 11:06:53,2026-08-31 03:06:53
171-26.544W,67-9.146N,-171.442402,67.152433,013.1,300.7,302,0,Under way using engine,2026-08-31 11:09:51,2026-08-31 03:09:51
171-29.339W,67-9.843N,-171.48898,67.16405,013.0,304.7,304,0,Under way using engine,2026-08-31 11:15:54,2026-08-31 03:15:54
171-36.930W,67-11.586N,-171.615493,67.193093,013.3,283.7,283,0,Under way using engine,2026-08-31 11:31:30,2026-08-31 03:31:30
171-42.672W,67-12.079N,-171.7112,67.201312,013.3,281.4,284,0,Under way using engine,2026-08-31 11:41:44,2026-08-31 03:41:44
171-43.046W,67-12.109N,-171.717438,67.201815,013.3,280.5,284,0,Under way using engine,2026-08-31 11:42:21,2026-08-31 03:42:21
171-43.513W,67-12.147N,-171.725218,67.202443,013.4,280,284,0,Under way using engine,2026-08-31 11:43:21,2026-08-31 03:43:21
171-44.080W,67-12.186N,-171.734667,67.203098,013.3,280,285,12,Under way using engine,2026-08-31 11:44:17,2026-08-31 03:44:17
171-44.993W,67-12.259N,-171.749887,67.204318,013.2,281.5,284,0,Under way using engine,2026-08-31 11:45:55,2026-08-31 03:45:55
171-45.477W,67-12.297N,-171.75795,67.204945,013.4,279.7,284,0,Under way using engine,2026-08-31 11:46:46,2026-08-31 03:46:46
171-46.200W,67-12.356N,-171.770003,67.205925,013.4,280.8,285,0,Under way using engine,2026-08-31 11:48:05,2026-08-31 03:48:05
171-46.673W,67-12.395N,-171.77788,67.206588,013.3,283.3,285,0,Under way using engine,2026-08-31 11:48:58,2026-08-31 03:48:58
171-47.786W,67-12.491N,-171.796427,67.208188,013.3,280.2,284,0,Under way using engine,2026-08-31 11:50:59,2026-08-31 03:50:59
171-48.539W,67-12.551N,-171.808988,67.209178,013.1,282.9,284,0,Under way using engine,2026-08-31 11:52:18,2026-08-31 03:52:18
171-49.944W,67-12.656N,-171.832398,67.210928,014.2,280.6,283,0,Under way using engine,2026-08-31 11:54:43,2026-08-31 03:54:43
171-50.858W,67-12.729N,-171.84764,67.212148,014.5,280.6,282,0,Under way using engine,2026-08-31 11:56:14,2026-08-31 03:56:14
171-51.288W,67-12.762N,-171.854798,67.212697,014.9,279.9,282,12,Under way using engine,2026-08-31 11:56:55,2026-08-31 03:56:55
171-52.573W,67-12.865N,-171.876213,67.214412,014.8,280.8,283,0,Under way using engine,2026-08-31 11:59:03,2026-08-31 03:59:03
171-52.944W,67-12.893N,-171.882402,67.214888,014.8,280,283,0,Under way using engine,2026-08-31 11:59:35,2026-08-31 03:59:35
171-53.507W,67-12.942N,-171.891777,67.215695,014.4,281.9,283,0,Under way using engine,2026-08-31 12:00:32,2026-08-31 04:00:32
172-10.434W,67-14.248N,-172.173905,67.237468,014.5,279.7,280,0,Under way using engine,2026-08-31 12:27:23,2026-08-31 04:27:23
172-12.153W,67-14.379N,-172.202545,67.239655,014.6,283.6,280,0,Under way using engine,2026-08-31 12:30:09,2026-08-31 04:30:09
172-24.703W,67-15.258N,-172.41172,67.254308,014.9,279.5,279,0,Under way using engine,2026-08-31 12:50:21,2026-08-31 04:50:21
172-33.554W,67-15.906N,-172.55924,67.265102,014.7,280.2,280,0,Under way using engine,2026-08-31 13:04:34,2026-08-31 05:04:34
172-39.307W,67-16.354N,-172.65512,67.27256,014.6,281.4,280,0,Under way using engine,2026-08-31 13:13:53,2026-08-31 05:13:53
172-40.546W,67-16.451N,-172.675773,67.274177,014.7,281.1,281,0,Under way using engine,2026-08-31 13:15:53,2026-08-31 05:15:53
