Longitude(deg-minute),Latitude(deg-minute),Longitude,Latitude,Ship speed(kn),Ship course,Ship heading,Ship Turning Rate£¨deg/second£©,Navigation status,Last update£¨CST£©,Last update£¨UTC£©
129-3.512E,35-7.233N,129.058537,35.120557,000.0,279.1,36,0,Moored,2026-08-21 14:59:53,2026-08-21 06:59:53
129-3.512E,35-7.232N,129.058532,35.120532,000.0,279.1,37,0,Moored,2026-08-21 15:14:53,2026-08-21 07:14:53
129-3.514E,35-7.234N,129.05856,35.120563,000.0,279.1,37,0,Moored,2026-08-21 18:08:53,2026-08-21 10:08:53
129-3.511E,35-7.233N,129.058512,35.120548,000.0,279.1,37,0,Moored,2026-08-21 18:20:53,2026-08-21 10:20:53
129-3.513E,35-7.233N,129.058547,35.120547,000.0,279.1,37,0,Moored,2026-08-21 21:17:52,2026-08-21 13:17:52
129-3.514E,35-7.232N,129.058563,35.12054,000.0,279.1,37,0,Moored,2026-08-21 21:32:52,2026-08-21 13:32:52
129-3.513E,35-7.233N,129.058555,35.120547,000.0,279.1,37,0,Moored,2026-08-22 00:28:52,2026-08-21 16:28:52
129-3.513E,35-7.233N,129.05855,35.120553,000.0,279.1,37,0,Moored,2026-08-22 03:35:52,2026-08-21 19:35:52
129-3.513E,35-7.233N,129.058557,35.120553,000.0,279.1,37,0,Moored,2026-08-22 03:40:18,2026-08-21 19:40:18
129-3.538E,35-6.930N,129.058972,35.115497,003.8,221.3,195,0,Under way using engine,2026-08-22 04:09:10,2026-08-21 20:09:10
129-3.546E,35-6.623N,129.059107,35.11039,006.7,155.1,144,0,Under way using engine,2026-08-22 04:12:51,2026-08-21 20:12:51
129-3.853E,35-6.372N,129.06421,35.106203,011.1,129.7,127,0,Under way using engine,2026-08-22 04:15:22,2026-08-21 20:15:22
129-4.176E,35-6.164N,129.069605,35.102733,012.9,127.3,127,0,Under way using engine,2026-08-22 04:17:02,2026-08-21 20:17:02
129-4.493E,35-5.962N,129.074877,35.099362,013.5,128,127,0,Under way using engine,2026-08-22 04:18:30,2026-08-21 20:18:30
129-4.794E,35-5.773N,129.079898,35.096213,013.7,126.9,125,0,Under way using engine,2026-08-22 04:19:52,2026-08-21 20:19:52
129-5.124E,35-5.574N,129.085402,35.092903,013.8,126.3,125,0,Under way using engine,2026-08-22 04:21:20,2026-08-21 20:21:20
129-5.457E,35-5.376N,129.090948,35.089607,012.4,125.4,125,0,Under way using engine,2026-08-22 04:22:52,2026-08-21 20:22:52
129-5.784E,35-5.183N,129.096392,35.086378,011.4,125.3,125,0,Under way using engine,2026-08-22 04:24:32,2026-08-21 20:24:32
129-6.084E,35-5.003N,129.101398,35.08338,011.0,126.2,125,0,Under way using engine,2026-08-22 04:26:10,2026-08-21 20:26:10
129-6.409E,35-4.808N,129.106818,35.080133,009.7,124.7,129,12,Under way using engine,2026-08-22 04:28:02,2026-08-21 20:28:02
129-6.718E,35-4.497N,129.111973,35.074958,007.2,149.6,145,0,Under way using engine,2026-08-22 04:31:01,2026-08-21 20:31:01
129-6.942E,35-4.186N,129.115695,35.069773,007.2,147.8,145,0,Under way using engine,2026-08-22 04:34:10,2026-08-21 20:34:10
129-7.246E,35-3.877N,129.120765,35.064617,010.3,135.5,145,0,Under way using engine,2026-08-22 04:36:50,2026-08-21 20:36:50
129-7.570E,35-3.600N,129.12617,35.059998,011.0,134.1,148,12,Under way using engine,2026-08-22 04:39:01,2026-08-21 20:39:01
129-7.870E,35-3.297N,129.131162,35.054948,010.8,140.5,150,0,Under way using engine,2026-08-22 04:41:11,2026-08-21 20:41:11
129-8.085E,35-2.993N,129.134755,35.049887,008.1,181,204,12,Under way using engine,2026-08-22 04:43:14,2026-08-21 20:43:14
129-7.776E,35-2.685N,129.129593,35.044742,008.9,230.1,228,0,Under way using engine,2026-08-22 04:46:20,2026-08-21 20:46:20
129-7.470E,35-2.412N,129.124493,35.0402,008.9,210.5,212,0,Under way using engine,2026-08-22 04:48:51,2026-08-21 20:48:51
129-7.244E,35-2.101N,129.120735,35.035012,009.5,210.9,212,0,Under way using engine,2026-08-22 04:51:11,2026-08-21 20:51:11
129-7.014E,35-1.785N,129.116905,35.029758,009.2,211.1,212,0,Under way using engine,2026-08-22 04:53:30,2026-08-21 20:53:30
129-6.797E,35-1.478N,129.11328,35.024635,008.9,210.6,212,0,Under way using engine,2026-08-22 04:55:50,2026-08-21 20:55:50
129-6.577E,35-1.170N,129.109613,35.019505,009.0,211,212,0,Under way using engine,2026-08-22 04:58:11,2026-08-21 20:58:11
129-6.358E,35-0.870N,129.105972,35.0145,009.1,209.7,212,0,Under way using engine,2026-08-22 05:00:32,2026-08-21 21:00:32
129-6.134E,35-0.563N,129.102232,35.009377,009.2,211.1,212,0,Under way using engine,2026-08-22 05:02:52,2026-08-21 21:02:52
129-5.903E,35-0.254N,129.098382,35.004225,009.3,211.4,212,0,Under way using engine,2026-08-22 05:05:12,2026-08-21 21:05:12
129-5.598E,34-59.965N,129.093295,34.999423,008.1,252.7,261,12,Under way using engine,2026-08-22 05:07:48,2026-08-21 21:07:48
129-5.277E,34-59.960N,129.087955,34.99934,008.7,270.4,263,0,Under way using engine,2026-08-22 05:09:42,2026-08-21 21:09:42
129-4.967E,34-59.957N,129.08279,34.999282,009.2,268.5,263,0,Under way using engine,2026-08-22 05:11:22,2026-08-21 21:11:22
129-4.648E,34-59.950N,129.077462,34.999172,009.5,268.1,263,0,Under way using engine,2026-08-22 05:13:03,2026-08-21 21:13:03
129-4.327E,34-59.941N,129.072117,34.999013,009.5,266,260,0,Under way using engine,2026-08-22 05:14:41,2026-08-21 21:14:41
129-4.001E,34-59.913N,129.066688,34.998548,009.5,262.2,258,0,Under way using engine,2026-08-22 05:16:22,2026-08-21 21:16:22
129-3.679E,34-59.879N,129.061313,34.997987,009.7,263,258,0,Under way using engine,2026-08-22 05:18:01,2026-08-21 21:18:01
129-3.355E,34-59.843N,129.055922,34.997382,009.6,261.7,258,0,Under way using engine,2026-08-22 05:19:42,2026-08-21 21:19:42
129-3.027E,34-59.808N,129.050455,34.996803,009.7,261.9,260,0,Under way using engine,2026-08-22 05:21:22,2026-08-21 21:21:22
129-2.696E,34-59.779N,129.044938,34.996323,009.8,264.1,261,0,Under way using engine,2026-08-22 05:23:01,2026-08-21 21:23:01
129-2.364E,34-59.756N,129.039393,34.99593,009.9,266.5,262,0,Under way using engine,2026-08-22 05:24:42,2026-08-21 21:24:42
129-2.026E,34-59.737N,129.033763,34.995617,009.9,267.6,263,0,Under way using engine,2026-08-22 05:26:22,2026-08-21 21:26:22
129-1.689E,34-59.720N,129.028152,34.995333,010.0,265.9,262,0,Under way using engine,2026-08-22 05:28:02,2026-08-21 21:28:02
129-1.351E,34-59.702N,129.022513,34.995037,010.0,265.7,262,0,Under way using engine,2026-08-22 05:29:42,2026-08-21 21:29:42
129-1.020E,34-59.677N,129.016997,34.994623,010.1,263.1,261,0,Under way using engine,2026-08-22 05:31:21,2026-08-21 21:31:21
129-0.709E,34-59.645N,129.011818,34.994075,010.2,264,262,0,Under way using engine,2026-08-22 05:32:52,2026-08-21 21:32:52
129-0.403E,34-59.616N,129.006712,34.993605,010.1,265.9,263,0,Under way using engine,2026-08-22 05:34:21,2026-08-21 21:34:21
129-0.099E,34-59.594N,129.001652,34.993227,009.9,265.6,262,0,Under way using engine,2026-08-22 05:35:52,2026-08-21 21:35:52
128-59.796E,34-59.575N,128.9966,34.992915,009.9,266.5,262,0,Under way using engine,2026-08-22 05:37:21,2026-08-21 21:37:21
128-59.490E,34-59.556N,128.991502,34.992598,009.9,266.8,262,0,Under way using engine,2026-08-22 05:38:53,2026-08-21 21:38:53
128-59.188E,34-59.537N,128.986462,34.992287,010.0,265.9,262,0,Under way using engine,2026-08-22 05:40:22,2026-08-21 21:40:22
128-58.885E,34-59.519N,128.981417,34.991983,009.5,266.2,262,0,Under way using engine,2026-08-22 05:41:52,2026-08-21 21:41:52
128-58.581E,34-59.500N,128.976358,34.991668,008.9,265.4,261,0,Under way using engine,2026-08-22 05:43:31,2026-08-21 21:43:31
128-58.260E,34-59.472N,128.971,34.991195,008.0,263.8,260,0,Under way using engine,2026-08-22 05:45:22,2026-08-21 21:45:22
128-57.957E,34-59.446N,128.965957,34.990773,007.0,264.9,260,0,Under way using engine,2026-08-22 05:47:22,2026-08-21 21:47:22
128-57.644E,34-59.419N,128.96074,34.990322,006.3,263.7,260,0,Under way using engine,2026-08-22 05:49:43,2026-08-21 21:49:43
128-57.334E,34-59.385N,128.955563,34.989748,006.0,261.2,257,0,Under way using engine,2026-08-22 05:52:12,2026-08-21 21:52:12
128-57.018E,34-59.340N,128.950307,34.989007,005.8,262.3,257,0,Under way using engine,2026-08-22 05:54:52,2026-08-21 21:54:52
128-56.708E,34-59.295N,128.94514,34.988248,005.7,261.3,257,0,Under way using engine,2026-08-22 05:57:31,2026-08-21 21:57:31
128-56.405E,34-59.250N,128.940082,34.9875,005.7,259.3,257,0,Under way using engine,2026-08-22 06:00:11,2026-08-21 22:00:11
128-56.093E,34-59.203N,128.934882,34.986713,005.8,259.5,257,0,Under way using engine,2026-08-22 06:02:52,2026-08-21 22:02:52
128-55.782E,34-59.154N,128.929703,34.985905,005.8,259.5,257,0,Under way using engine,2026-08-22 06:05:32,2026-08-21 22:05:32
128-55.473E,34-59.108N,128.924558,34.985135,005.8,259.3,257,0,Under way using engine,2026-08-22 06:08:11,2026-08-21 22:08:11
128-55.161E,34-59.058N,128.91935,34.9843,005.9,260.1,257,0,Under way using engine,2026-08-22 06:10:52,2026-08-21 22:10:52
128-54.844E,34-59.010N,128.91407,34.983492,005.9,258.6,257,0,Under way using engine,2026-08-22 06:13:33,2026-08-21 22:13:33
128-54.527E,34-58.961N,128.908788,34.98268,006.0,259.2,257,0,Under way using engine,2026-08-22 06:16:11,2026-08-21 22:16:11
128-54.203E,34-58.912N,128.90339,34.981867,006.1,257.2,257,0,Under way using engine,2026-08-22 06:18:52,2026-08-21 22:18:52
128-53.903E,34-58.860N,128.898387,34.981002,006.1,259.1,257,0,Under way using engine,2026-08-22 06:21:23,2026-08-21 22:21:23
128-53.596E,34-58.809N,128.89327,34.980147,006.1,257.3,257,0,Under way using engine,2026-08-22 06:23:52,2026-08-21 22:23:52
128-53.290E,34-58.759N,128.888172,34.979322,006.2,258.5,257,0,Under way using engine,2026-08-22 06:26:23,2026-08-21 22:26:23
128-52.973E,34-58.705N,128.88288,34.97842,007.8,258.1,257,0,Under way using engine,2026-08-22 06:28:43,2026-08-21 22:28:43
128-52.655E,34-58.652N,128.877583,34.977538,009.6,257.8,257,0,Under way using engine,2026-08-22 06:30:31,2026-08-21 22:30:31
128-52.354E,34-58.604N,128.872563,34.97674,010.2,258.7,257,0,Under way using engine,2026-08-22 06:32:02,2026-08-21 22:32:02
128-52.044E,34-58.554N,128.867397,34.975903,010.5,258.7,257,0,Under way using engine,2026-08-22 06:33:33,2026-08-21 22:33:33
128-51.727E,34-58.501N,128.862118,34.97501,010.4,257,257,0,Under way using engine,2026-08-22 06:35:02,2026-08-21 22:35:02
128-51.414E,34-58.438N,128.8569,34.97397,010.6,255.4,257,0,Under way using engine,2026-08-22 06:36:33,2026-08-21 22:36:33
128-51.101E,34-58.372N,128.851688,34.972862,010.5,256.3,258,0,Under way using engine,2026-08-22 06:38:02,2026-08-21 22:38:02
128-50.795E,34-58.308N,128.846587,34.971803,010.2,256.4,258,0,Under way using engine,2026-08-22 06:39:32,2026-08-21 22:39:32
128-50.495E,34-58.248N,128.841582,34.970792,010.0,260,270,12,Under way using engine,2026-08-22 06:41:03,2026-08-21 22:41:03
128-50.173E,34-58.253N,128.83621,34.970877,009.4,278.8,285,0,Under way using engine,2026-08-22 06:42:41,2026-08-21 22:42:41
128-49.867E,34-58.319N,128.83111,34.971987,009.4,287.9,290,0,Under way using engine,2026-08-22 06:44:22,2026-08-21 22:44:22
128-49.559E,34-58.405N,128.825977,34.973413,009.5,289.1,290,0,Under way using engine,2026-08-22 06:46:03,2026-08-21 22:46:03
128-49.254E,34-58.492N,128.820893,34.974863,009.3,297.4,305,12,Under way using engine,2026-08-22 06:47:42,2026-08-21 22:47:42
128-48.936E,34-58.699N,128.815597,34.978313,009.0,321,328,12,Under way using engine,2026-08-22 06:49:53,2026-08-21 22:49:53
128-48.735E,34-59.001N,128.812258,34.983358,008.9,339.7,340,0,Under way using engine,2026-08-22 06:52:12,2026-08-21 22:52:12
128-48.597E,34-59.313N,128.809945,34.988542,009.1,337.9,338,0,Under way using engine,2026-08-22 06:54:22,2026-08-21 22:54:22
128-48.452E,34-59.619N,128.807527,34.993655,009.2,339.7,338,0,Under way using engine,2026-08-22 06:56:31,2026-08-21 22:56:31
128-48.294E,34-59.960N,128.804895,34.999325,009.5,339,338,0,Under way using engine,2026-08-22 06:58:51,2026-08-21 22:58:51
128-48.152E,35-0.269N,128.80254,35.004483,010.0,340,338,0,Under way using engine,2026-08-22 07:00:51,2026-08-21 23:00:51
128-48.013E,35-0.586N,128.80021,35.009768,010.3,339.6,338,0,Under way using engine,2026-08-22 07:02:51,2026-08-21 23:02:51
128-47.875E,35-0.886N,128.797922,35.014768,010.4,338.8,338,0,Under way using engine,2026-08-22 07:04:42,2026-08-21 23:04:42
128-47.740E,35-1.187N,128.795667,35.019785,010.3,339.3,338,0,Under way using engine,2026-08-22 07:06:34,2026-08-21 23:06:34
128-47.597E,35-1.511N,128.793283,35.02519,010.4,340.3,338,0,Under way using engine,2026-08-22 07:08:32,2026-08-21 23:08:32
128-47.464E,35-1.813N,128.791065,35.030217,010.4,340.7,338,0,Under way using engine,2026-08-22 07:10:23,2026-08-21 23:10:23
128-47.319E,35-2.141N,128.788647,35.035678,010.4,339.4,336,0,Under way using engine,2026-08-22 07:12:21,2026-08-21 23:12:21
128-47.157E,35-2.459N,128.785947,35.040978,010.0,336,336,0,Under way using engine,2026-08-22 07:14:21,2026-08-21 23:14:21
128-47.038E,35-2.764N,128.78397,35.046065,009.1,352.7,355,0,Under way using engine,2026-08-22 07:16:22,2026-08-21 23:16:22
128-47.012E,35-3.074N,128.783528,35.05123,007.9,358.3,4,12,Under way using engine,2026-08-22 07:18:32,2026-08-21 23:18:32
128-47.089E,35-3.385N,128.784818,35.056423,006.5,17.8,15,0,Under way using engine,2026-08-22 07:21:11,2026-08-21 23:21:11
128-47.197E,35-3.687N,128.786622,35.06145,006.0,16.3,23,12,Under way using engine,2026-08-22 07:24:13,2026-08-21 23:24:13
128-47.455E,35-3.993N,128.79091,35.066555,004.1,50.8,48,0,Under way using engine,2026-08-22 07:28:42,2026-08-21 23:28:42
128-47.662E,35-4.302N,128.794363,35.071698,003.8,355.8,336,0,Under way using engine,2026-08-22 07:33:51,2026-08-21 23:33:51
128-47.361E,35-4.594N,128.789342,35.07657,001.6,304.5,280,0,Under way using engine,2026-08-22 07:44:02,2026-08-21 23:44:02
128-47.242E,35-4.636N,128.787365,35.077272,000.0,292.6,268,0,Moored,2026-08-22 10:55:11,2026-08-22 02:55:11
128-47.243E,35-4.637N,128.787378,35.077283,000.0,12.9,269,0,Moored,2026-08-22 14:07:11,2026-08-22 06:07:11
128-47.240E,35-4.638N,128.787333,35.077293,000.0,63.3,268,0,Moored,2026-08-22 17:19:11,2026-08-22 09:19:11
128-47.240E,35-4.627N,128.787328,35.077118,000.6,143.1,269,0,Moored,2026-08-22 20:28:11,2026-08-22 12:28:11
128-47.231E,35-4.331N,128.787187,35.072183,006.4,192.2,190,0,Moored,2026-08-22 20:41:17,2026-08-22 12:41:17
128-47.227E,35-4.315N,128.78712,35.07191,006.6,191.5,190,0,Moored,2026-08-22 20:41:26,2026-08-22 12:41:26
128-47.134E,35-4.011N,128.78557,35.066857,009.2,196.1,199,0,Moored,2026-08-22 20:43:49,2026-08-22 12:43:49
128-46.973E,35-3.681N,128.782883,35.061355,011.7,203,202,0,Under way using engine,2026-08-22 20:45:48,2026-08-22 12:45:48
128-46.824E,35-3.374N,128.780398,35.056233,012.4,201.4,200,0,Under way using engine,2026-08-22 20:47:26,2026-08-22 12:47:26
128-46.669E,35-3.045N,128.777818,35.050753,012.6,200.2,200,0,Under way using engine,2026-08-22 20:49:07,2026-08-22 12:49:07
128-46.536E,35-2.721N,128.775593,35.045357,011.9,188.8,180,0,Under way using engine,2026-08-22 20:50:46,2026-08-22 12:50:46
128-46.589E,35-2.397N,128.776475,35.039953,011.9,164.4,160,0,Under way using engine,2026-08-22 20:52:26,2026-08-22 12:52:26
128-46.733E,35-2.091N,128.778887,35.034848,011.1,157.4,157,0,Under way using engine,2026-08-22 20:54:07,2026-08-22 12:54:07
128-46.888E,35-1.790N,128.781472,35.029827,010.3,157,157,0,Under way using engine,2026-08-22 20:55:57,2026-08-22 12:55:57
128-47.041E,35-1.474N,128.78401,35.02457,009.7,160,160,0,Under way using engine,2026-08-22 20:57:57,2026-08-22 12:57:57
128-47.166E,35-1.157N,128.786107,35.019282,008.9,164.1,162,0,Under way using engine,2026-08-22 21:00:07,2026-08-22 13:00:07
128-47.273E,35-0.853N,128.787888,35.014212,008.4,163,162,0,Under way using engine,2026-08-22 21:02:17,2026-08-22 13:02:17
128-47.383E,35-0.544N,128.789712,35.00906,008.2,163.2,162,0,Under way using engine,2026-08-22 21:04:36,2026-08-22 13:04:36
128-47.500E,35-0.226N,128.791668,35.00377,009.0,162.5,162,0,Under way using engine,2026-08-22 21:06:57,2026-08-22 13:06:57
128-47.628E,34-59.903N,128.793805,34.99838,009.5,162,162,0,Under way using engine,2026-08-22 21:09:07,2026-08-22 13:09:07
128-47.750E,34-59.592N,128.795832,34.993192,012.0,161.6,162,0,Under way using engine,2026-08-22 21:10:56,2026-08-22 13:10:56
128-47.868E,34-59.285N,128.797798,34.988075,012.9,162.8,163,0,Under way using engine,2026-08-22 21:12:28,2026-08-22 13:12:28
128-47.983E,34-58.974N,128.799715,34.982908,013.4,163.7,162,0,Under way using engine,2026-08-22 21:13:57,2026-08-22 13:13:57
128-48.101E,34-58.649N,128.801687,34.977487,013.6,163,162,0,Under way using engine,2026-08-22 21:15:27,2026-08-22 13:15:27
128-48.218E,34-58.322N,128.80364,34.972025,013.6,163.4,162,0,Under way using engine,2026-08-22 21:16:57,2026-08-22 13:16:57
128-48.338E,34-57.996N,128.80563,34.966605,013.5,163.7,162,0,Under way using engine,2026-08-22 21:18:27,2026-08-22 13:18:27
128-48.459E,34-57.669N,128.807643,34.961157,013.3,160.2,156,0,Under way using engine,2026-08-22 21:19:57,2026-08-22 13:19:57
128-48.650E,34-57.343N,128.810825,34.95571,013.1,149.5,147,0,Under way using engine,2026-08-22 21:21:36,2026-08-22 13:21:36
128-48.892E,34-57.031N,128.814865,34.950513,013.1,144.5,142,0,Under way using engine,2026-08-22 21:23:18,2026-08-22 13:23:18
128-49.181E,34-56.713N,128.819687,34.945223,013.1,142.6,141,0,Under way using engine,2026-08-22 21:25:07,2026-08-22 13:25:07
128-49.478E,34-56.396N,128.824632,34.93993,013.1,142.6,141,0,Under way using engine,2026-08-22 21:26:57,2026-08-22 13:26:57
128-49.788E,34-56.069N,128.829798,34.934487,013.8,142,141,0,Under way using engine,2026-08-22 21:28:48,2026-08-22 13:28:48
128-50.123E,34-55.746N,128.83538,34.929092,014.2,137.1,137,0,Under way using engine,2026-08-22 21:30:36,2026-08-22 13:30:36
128-50.440E,34-55.470N,128.840665,34.924508,014.2,135.4,136,0,Under way using engine,2026-08-22 21:32:13,2026-08-22 13:32:13
128-50.750E,34-55.225N,128.845837,34.920412,014.3,131.1,131,0,Under way using engine,2026-08-22 21:33:43,2026-08-22 13:33:43
128-51.054E,34-55.008N,128.850902,34.916803,014.3,130.3,131,0,Under way using engine,2026-08-22 21:35:05,2026-08-22 13:35:05
128-51.391E,34-54.775N,128.856517,34.912913,014.2,129.4,130,0,Under way using engine,2026-08-22 21:36:36,2026-08-22 13:36:36
128-51.707E,34-54.565N,128.861775,34.909418,014.2,128.2,130,0,Under way using engine,2026-08-22 21:38:00,2026-08-22 13:38:00
128-52.020E,34-54.357N,128.866997,34.905947,014.1,128.8,130,0,Under way using engine,2026-08-22 21:39:24,2026-08-22 13:39:24
128-52.332E,34-54.153N,128.872202,34.902552,014.2,127.3,130,0,Under way using engine,2026-08-22 21:40:47,2026-08-22 13:40:47
128-52.651E,34-53.948N,128.877523,34.899133,014.0,128.4,130,0,Under way using engine,2026-08-22 21:42:12,2026-08-22 13:42:12
128-52.968E,34-53.748N,128.882808,34.895807,014.0,126.3,130,0,Under way using engine,2026-08-22 21:43:36,2026-08-22 13:43:36
128-53.283E,34-53.553N,128.888045,34.892547,013.9,129.1,134,0,Under way using engine,2026-08-22 21:44:59,2026-08-22 13:44:59
128-53.585E,34-53.332N,128.893083,34.888867,013.9,133.5,138,0,Under way using engine,2026-08-22 21:46:25,2026-08-22 13:46:25
128-53.902E,34-53.070N,128.898373,34.884507,013.9,136.8,142,0,Under way using engine,2026-08-22 21:47:59,2026-08-22 13:47:59
128-54.214E,34-52.765N,128.903562,34.879415,013.8,142.1,147,0,Under way using engine,2026-08-22 21:49:42,2026-08-22 13:49:42
128-54.467E,34-52.463N,128.907782,34.874383,013.8,147.5,151,0,Under way using engine,2026-08-22 21:51:17,2026-08-22 13:51:17
128-54.699E,34-52.154N,128.911647,34.869227,013.7,149,153,0,Under way using engine,2026-08-22 21:52:53,2026-08-22 13:52:53
128-54.920E,34-51.852N,128.91533,34.864195,013.7,148.6,152,0,Under way using engine,2026-08-22 21:54:25,2026-08-22 13:54:25
128-55.163E,34-51.521N,128.919385,34.858678,013.7,148.9,152,0,Under way using engine,2026-08-22 21:56:06,2026-08-22 13:56:06
128-55.410E,34-51.191N,128.9235,34.853178,013.8,147.9,152,0,Under way using engine,2026-08-22 21:57:46,2026-08-22 13:57:46
128-55.654E,34-50.865N,128.92757,34.847757,013.8,148.8,152,0,Under way using engine,2026-08-22 21:59:25,2026-08-22 13:59:25
128-55.884E,34-50.556N,128.931405,34.842608,013.8,149.4,152,0,Under way using engine,2026-08-22 22:00:59,2026-08-22 14:00:59
128-56.160E,34-50.243N,128.936008,34.837375,013.6,138.7,140,0,Under way using engine,2026-08-22 22:02:42,2026-08-22 14:02:42
128-56.467E,34-50.010N,128.941115,34.8335,013.7,127.2,128,0,Under way using engine,2026-08-22 22:04:12,2026-08-22 14:04:12
128-56.787E,34-49.848N,128.946443,34.830808,013.9,116.9,117,0,Under way using engine,2026-08-22 22:05:33,2026-08-22 14:05:33
128-57.100E,34-49.742N,128.951663,34.829032,014.3,108.9,111,0,Under way using engine,2026-08-22 22:06:42,2026-08-22 14:06:42
128-57.407E,34-49.663N,128.956777,34.827718,014.5,106.5,109,0,Under way using engine,2026-08-22 22:07:48,2026-08-22 14:07:48
128-57.714E,34-49.591N,128.961892,34.826513,014.5,107,109,0,Under way using engine,2026-08-22 22:08:53,2026-08-22 14:08:53
128-58.029E,34-49.521N,128.96715,34.825342,014.6,104.8,107,0,Under way using engine,2026-08-22 22:09:59,2026-08-22 14:09:59
128-58.347E,34-49.456N,128.972442,34.824262,014.6,103,105,0,Under way using engine,2026-08-22 22:11:06,2026-08-22 14:11:06
128-58.667E,34-49.400N,128.977778,34.823337,014.8,99.9,103,0,Under way using engine,2026-08-22 22:12:11,2026-08-22 14:12:11
128-58.967E,34-49.355N,128.982782,34.822577,014.8,101.3,103,0,Under way using engine,2026-08-22 22:13:12,2026-08-22 14:13:12
128-59.293E,34-49.313N,128.988222,34.82188,014.9,98.5,102,0,Under way using engine,2026-08-22 22:14:18,2026-08-22 14:14:18
128-59.617E,34-49.277N,128.993615,34.821285,014.7,93,95,0,Under way using engine,2026-08-22 22:15:24,2026-08-22 14:15:24
128-59.938E,34-49.270N,128.998967,34.821163,014.6,87.9,87,0,Under way using engine,2026-08-22 22:16:29,2026-08-22 14:16:29
129-0.264E,34-49.299N,129.004405,34.821645,014.9,81.5,84,0,Under way using engine,2026-08-22 22:17:36,2026-08-22 14:17:36
129-0.598E,34-49.340N,129.009962,34.822327,014.8,80.6,80,0,Under way using engine,2026-08-22 22:18:42,2026-08-22 14:18:42
129-0.917E,34-49.401N,129.015277,34.823342,015.0,74.7,75,0,Under way using engine,2026-08-22 22:19:48,2026-08-22 14:19:48
129-1.243E,34-49.483N,129.020718,34.824713,015.2,73.5,74,0,Under way using engine,2026-08-22 22:20:54,2026-08-22 14:20:54
129-1.566E,34-49.570N,129.026105,34.82616,015.4,72.5,74,0,Under way using engine,2026-08-22 22:22:01,2026-08-22 14:22:01
129-1.887E,34-49.655N,129.031445,34.827577,015.3,71.6,74,0,Under way using engine,2026-08-22 22:23:06,2026-08-22 14:23:06
129-2.188E,34-49.734N,129.036463,34.828908,015.2,71.5,73,0,Under way using engine,2026-08-22 22:24:06,2026-08-22 14:24:06
129-2.518E,34-49.824N,129.041963,34.830397,015.3,72,73,0,Under way using engine,2026-08-22 22:25:13,2026-08-22 14:25:13
129-2.832E,34-49.910N,129.047193,34.831833,015.3,70.5,73,0,Under way using engine,2026-08-22 22:26:18,2026-08-22 14:26:18
129-3.155E,34-50.000N,129.052588,34.833325,015.2,71.6,73,0,Under way using engine,2026-08-22 22:27:23,2026-08-22 14:27:23
129-3.482E,34-50.091N,129.058038,34.834852,015.2,70.9,73,0,Under way using engine,2026-08-22 22:28:30,2026-08-22 14:28:30
129-3.800E,34-50.182N,129.063325,34.83636,015.2,72.7,73,0,Under way using engine,2026-08-22 22:29:36,2026-08-22 14:29:36
129-4.126E,34-50.273N,129.068763,34.837875,015.1,70.4,69,0,Under way using engine,2026-08-22 22:30:42,2026-08-22 14:30:42
129-4.435E,34-50.382N,129.073915,34.839707,015.0,64.1,64,0,Under way using engine,2026-08-22 22:31:48,2026-08-22 14:31:48
129-4.750E,34-50.522N,129.079162,34.84204,014.6,59.9,61,0,Under way using engine,2026-08-22 22:33:00,2026-08-22 14:33:00
129-5.054E,34-50.672N,129.084238,34.844537,014.1,60.4,60,0,Under way using engine,2026-08-22 22:34:13,2026-08-22 14:34:13
129-5.366E,34-50.832N,129.089435,34.847195,013.6,55.7,57,0,Under way using engine,2026-08-22 22:35:31,2026-08-22 14:35:31
129-5.678E,34-51.007N,129.094633,34.85011,012.9,55.2,57,0,Under way using engine,2026-08-22 22:36:54,2026-08-22 14:36:54
129-5.990E,34-51.184N,129.09983,34.853062,012.4,54.7,57,0,Under way using engine,2026-08-22 22:38:24,2026-08-22 14:38:24
129-6.303E,34-51.363N,129.105047,34.85605,012.1,54.8,57,0,Under way using engine,2026-08-22 22:39:56,2026-08-22 14:39:56
129-6.609E,34-51.538N,129.110143,34.858973,012.0,54.7,57,0,Under way using engine,2026-08-22 22:41:26,2026-08-22 14:41:26
129-6.944E,34-51.730N,129.115737,34.862165,012.1,54.9,57,0,Under way using engine,2026-08-22 22:43:06,2026-08-22 14:43:06
129-7.245E,34-51.904N,129.12075,34.865063,012.2,54.4,57,0,Under way using engine,2026-08-22 22:44:37,2026-08-22 14:44:37
129-7.552E,34-52.079N,129.125865,34.867983,012.1,54.4,57,0,Under way using engine,2026-08-22 22:46:08,2026-08-22 14:46:08
129-7.881E,34-52.271N,129.131345,34.871178,012.1,55.1,57,0,Under way using engine,2026-08-22 22:47:46,2026-08-22 14:47:46
129-8.185E,34-52.449N,129.13642,34.874142,012.1,54.7,57,0,Under way using engine,2026-08-22 22:49:16,2026-08-22 14:49:16
129-8.490E,34-52.625N,129.141498,34.87709,012.2,54.5,57,0,Under way using engine,2026-08-22 22:50:46,2026-08-22 14:50:46
129-8.795E,34-52.802N,129.146588,34.880027,012.2,54.8,57,0,Under way using engine,2026-08-22 22:52:16,2026-08-22 14:52:16
129-9.099E,34-52.978N,129.151643,34.882973,012.2,55.1,57,0,Under way using engine,2026-08-22 22:53:46,2026-08-22 14:53:46
129-9.403E,34-53.153N,129.156713,34.88589,012.2,55.1,57,0,Under way using engine,2026-08-22 22:55:16,2026-08-22 14:55:16
129-9.712E,34-53.331N,129.16187,34.888848,012.2,54.2,57,0,Under way using engine,2026-08-22 22:56:47,2026-08-22 14:56:47
129-10.045E,34-53.525N,129.167423,34.892085,012.2,54.9,57,0,Under way using engine,2026-08-22 22:58:27,2026-08-22 14:58:27
129-10.353E,34-53.704N,129.172545,34.895072,012.2,55.2,57,0,Under way using engine,2026-08-22 22:59:57,2026-08-22 14:59:57
129-10.655E,34-53.879N,129.177588,34.897988,012.3,55,57,0,Under way using engine,2026-08-22 23:01:27,2026-08-22 15:01:27
129-10.962E,34-54.055N,129.182707,34.900915,012.3,55,57,0,Under way using engine,2026-08-22 23:02:58,2026-08-22 15:02:58
129-11.273E,34-54.233N,129.187877,34.903888,012.2,55.2,57,0,Under way using engine,2026-08-22 23:04:27,2026-08-22 15:04:27
129-11.577E,34-54.408N,129.192945,34.906795,012.3,54.8,57,0,Under way using engine,2026-08-22 23:05:56,2026-08-22 15:05:56
129-11.888E,34-54.587N,129.198132,34.909775,012.2,55.8,57,0,Under way using engine,2026-08-22 23:07:27,2026-08-22 15:07:27
129-12.194E,34-54.759N,129.203228,34.912655,012.3,55.7,57,0,Under way using engine,2026-08-22 23:08:56,2026-08-22 15:08:56
129-12.502E,34-54.935N,129.208372,34.915578,012.3,54.8,57,0,Under way using engine,2026-08-22 23:10:27,2026-08-22 15:10:27
129-12.810E,34-55.107N,129.213508,34.918453,012.3,56.1,57,0,Under way using engine,2026-08-22 23:11:56,2026-08-22 15:11:56
129-13.131E,34-55.287N,129.218855,34.921447,012.3,56,57,0,Under way using engine,2026-08-22 23:13:27,2026-08-22 15:13:27
129-13.436E,34-55.460N,129.223937,34.924338,012.5,54.8,57,0,Under way using engine,2026-08-22 23:14:56,2026-08-22 15:14:56
129-13.758E,34-55.642N,129.229292,34.927372,012.5,55.4,57,0,Under way using engine,2026-08-22 23:16:27,2026-08-22 15:16:27
129-14.064E,34-55.816N,129.234402,34.93027,012.5,55.1,57,0,Under way using engine,2026-08-22 23:17:56,2026-08-22 15:17:56
129-14.387E,34-55.996N,129.23978,34.933263,012.5,55.8,57,0,Under way using engine,2026-08-22 23:19:27,2026-08-22 15:19:27
129-14.698E,34-56.170N,129.244973,34.93617,012.6,55.4,57,0,Under way using engine,2026-08-22 23:20:56,2026-08-22 15:20:56
129-15.017E,34-56.349N,129.250278,34.939158,012.5,56,57,0,Under way using engine,2026-08-22 23:22:27,2026-08-22 15:22:27
129-15.325E,34-56.525N,129.25542,34.942088,012.5,55.8,57,0,Under way using engine,2026-08-22 23:23:56,2026-08-22 15:23:56
129-15.643E,34-56.702N,129.260712,34.94503,012.5,56,57,0,Under way using engine,2026-08-22 23:25:26,2026-08-22 15:25:26
129-15.957E,34-56.879N,129.265952,34.947977,012.5,56,57,0,Under way using engine,2026-08-22 23:26:57,2026-08-22 15:26:57
129-16.273E,34-57.056N,129.271217,34.950937,012.5,56.2,57,0,Under way using engine,2026-08-22 23:28:27,2026-08-22 15:28:27
129-16.595E,34-57.235N,129.276587,34.953923,013.0,56.2,57,0,Under way using engine,2026-08-22 23:29:57,2026-08-22 15:29:57
129-16.901E,34-57.405N,129.281687,34.956758,014.4,56.1,57,0,Under way using engine,2026-08-22 23:31:16,2026-08-22 15:31:16
129-17.226E,34-57.584N,129.287102,34.959737,015.4,55.4,57,0,Under way using engine,2026-08-22 23:32:33,2026-08-22 15:32:33
129-17.541E,34-57.757N,129.292355,34.962618,015.8,55.8,57,0,Under way using engine,2026-08-22 23:33:45,2026-08-22 15:33:45
129-17.869E,34-57.937N,129.297817,34.965623,016.0,56.2,57,0,Under way using engine,2026-08-22 23:34:57,2026-08-22 15:34:57
129-18.194E,34-58.115N,129.303225,34.968575,016.0,56.3,57,0,Under way using engine,2026-08-22 23:36:09,2026-08-22 15:36:09
129-18.517E,34-58.293N,129.308623,34.971553,016.1,56.3,57,0,Under way using engine,2026-08-22 23:37:22,2026-08-22 15:37:22
129-18.834E,34-58.476N,129.313902,34.974605,015.8,52.6,50,0,Under way using engine,2026-08-22 23:38:33,2026-08-22 15:38:33
129-19.151E,34-58.696N,129.319178,34.978265,015.9,49.6,49,0,Under way using engine,2026-08-22 23:39:50,2026-08-22 15:39:50
129-19.471E,34-58.928N,129.324522,34.982138,016.0,49.2,48,0,Under way using engine,2026-08-22 23:41:09,2026-08-22 15:41:09
129-19.785E,34-59.154N,129.329742,34.985902,016.0,47.6,46,0,Under way using engine,2026-08-22 23:42:27,2026-08-22 15:42:27
129-20.090E,34-59.394N,129.334838,34.989892,016.0,45.6,45,0,Under way using engine,2026-08-22 23:43:45,2026-08-22 15:43:45
129-20.398E,34-59.639N,129.33997,34.993985,016.0,45.7,45,0,Under way using engine,2026-08-22 23:45:03,2026-08-22 15:45:03
129-20.703E,34-59.883N,129.345047,34.998057,016.1,47.3,45,0,Under way using engine,2026-08-22 23:46:21,2026-08-22 15:46:21
129-21.004E,35-0.121N,129.350072,35.002013,016.1,46.5,45,0,Under way using engine,2026-08-22 23:47:38,2026-08-22 15:47:38
129-21.311E,35-0.364N,129.355177,35.006068,016.0,46.2,45,0,Under way using engine,2026-08-22 23:48:56,2026-08-22 15:48:56
129-21.620E,35-0.609N,129.36033,35.010152,016.0,47.1,45,0,Under way using engine,2026-08-22 23:50:15,2026-08-22 15:50:15
129-21.924E,35-0.850N,129.365398,35.014162,016.0,44.8,45,0,Under way using engine,2026-08-22 23:51:33,2026-08-22 15:51:33
129-22.229E,35-1.090N,129.370475,35.018173,015.9,46.4,45,0,Under way using engine,2026-08-22 23:52:51,2026-08-22 15:52:51
129-22.529E,35-1.327N,129.375487,35.022115,016.0,46.5,47,0,Under way using engine,2026-08-22 23:54:08,2026-08-22 15:54:08
129-22.847E,35-1.557N,129.38079,35.02595,016.0,51.5,49,0,Under way using engine,2026-08-22 23:55:27,2026-08-22 15:55:27
129-23.152E,35-1.764N,129.385868,35.029405,015.9,49.1,50,0,Under way using engine,2026-08-22 23:56:39,2026-08-22 15:56:39
129-23.477E,35-1.982N,129.39128,35.033033,015.9,50.8,50,0,Under way using engine,2026-08-22 23:57:56,2026-08-22 15:57:56
129-23.802E,35-2.201N,129.396708,35.036683,015.9,50.2,50,0,Under way using engine,2026-08-22 23:59:15,2026-08-22 15:59:15
129-24.129E,35-2.419N,129.402145,35.040318,015.8,50.6,50,0,Under way using engine,2026-08-23 00:00:34,2026-08-22 16:00:34
129-24.429E,35-2.620N,129.40715,35.04367,015.9,50.3,50,0,Under way using engine,2026-08-23 00:01:45,2026-08-22 16:01:45
129-24.732E,35-2.824N,129.412203,35.047072,015.8,50.6,50,0,Under way using engine,2026-08-23 00:02:57,2026-08-22 16:02:57
129-25.049E,35-3.038N,129.41749,35.050632,015.9,50.9,50,0,Under way using engine,2026-08-23 00:04:14,2026-08-22 16:04:14
129-25.352E,35-3.241N,129.42254,35.05402,015.9,50,50,0,Under way using engine,2026-08-23 00:05:27,2026-08-22 16:05:27
129-25.677E,35-3.462N,129.427948,35.057693,015.8,50.7,50,0,Under way using engine,2026-08-23 00:06:45,2026-08-22 16:06:45
129-25.999E,35-3.680N,129.433317,35.061338,015.7,50.2,50,0,Under way using engine,2026-08-23 00:08:03,2026-08-22 16:08:03
129-26.320E,35-3.897N,129.438665,35.064957,015.7,50.5,50,0,Under way using engine,2026-08-23 00:09:21,2026-08-22 16:09:21
129-26.635E,35-4.111N,129.44392,35.06852,015.7,50.6,50,0,Under way using engine,2026-08-23 00:10:39,2026-08-22 16:10:39
129-26.955E,35-4.329N,129.449252,35.072155,015.7,50.1,50,0,Under way using engine,2026-08-23 00:11:56,2026-08-22 16:11:56
129-27.258E,35-4.535N,129.4543,35.075582,015.6,50,50,0,Under way using engine,2026-08-23 00:13:10,2026-08-22 16:13:10
129-27.572E,35-4.750N,129.459538,35.079168,015.6,50.8,50,0,Under way using engine,2026-08-23 00:14:27,2026-08-22 16:14:27
129-27.881E,35-4.967N,129.46469,35.082783,015.5,48.3,48,0,Under way using engine,2026-08-23 00:15:44,2026-08-22 16:15:44
129-28.189E,35-5.190N,129.469815,35.0865,015.5,48.5,48,0,Under way using engine,2026-08-23 00:17:02,2026-08-22 16:17:02
129-28.501E,35-5.419N,129.475012,35.090315,015.5,47.4,48,0,Under way using engine,2026-08-23 00:18:21,2026-08-22 16:18:21
129-28.829E,35-5.667N,129.48049,35.094452,015.5,47.1,47,0,Under way using engine,2026-08-23 00:19:45,2026-08-22 16:19:45
129-29.146E,35-5.914N,129.485768,35.098567,015.4,45.8,46,0,Under way using engine,2026-08-23 00:21:10,2026-08-22 16:21:10
129-29.464E,35-6.166N,129.49106,35.102767,015.4,46.1,45,0,Under way using engine,2026-08-23 00:22:34,2026-08-22 16:22:34
129-29.787E,35-6.443N,129.496448,35.107388,015.3,41.5,41,0,Under way using engine,2026-08-23 00:24:03,2026-08-22 16:24:03
129-30.093E,35-6.736N,129.501548,35.11226,015.3,40.4,40,0,Under way using engine,2026-08-23 00:25:33,2026-08-22 16:25:33
129-30.399E,35-7.031N,129.50665,35.117177,015.5,40.4,40,0,Under way using engine,2026-08-23 00:27:03,2026-08-22 16:27:03
129-30.706E,35-7.324N,129.511772,35.122068,015.5,40.4,40,0,Under way using engine,2026-08-23 00:28:33,2026-08-22 16:28:33
129-31.014E,35-7.621N,129.516895,35.127015,015.5,40.9,40,0,Under way using engine,2026-08-23 00:30:03,2026-08-22 16:30:03
129-31.318E,35-7.916N,129.521967,35.13194,015.6,40.4,40,0,Under way using engine,2026-08-23 00:31:33,2026-08-22 16:31:33
129-31.628E,35-8.214N,129.527135,35.136898,015.7,40.3,40,0,Under way using engine,2026-08-23 00:33:03,2026-08-22 16:33:03
129-31.932E,35-8.508N,129.532205,35.1418,014.8,40.3,40,0,Under way using engine,2026-08-23 00:34:34,2026-08-22 16:34:34
129-32.240E,35-8.805N,129.53733,35.146758,014.1,39.7,39,0,Under way using engine,2026-08-23 00:36:09,2026-08-22 16:36:09
129-32.546E,35-9.113N,129.542427,35.151887,012.4,39.1,39,0,Under way using engine,2026-08-23 00:37:58,2026-08-22 16:37:58
129-32.851E,35-9.427N,129.547515,35.15711,011.6,38.4,39,0,Under way using engine,2026-08-23 00:39:58,2026-08-22 16:39:58
129-33.170E,35-9.749N,129.552838,35.162488,011.1,39.1,39,0,Under way using engine,2026-08-23 00:42:08,2026-08-22 16:42:08
129-33.478E,35-10.061N,129.557972,35.167685,011.1,38.9,39,0,Under way using engine,2026-08-23 00:44:18,2026-08-22 16:44:18
129-33.784E,35-10.374N,129.563067,35.172893,011.1,38.7,39,0,Under way using engine,2026-08-23 00:46:27,2026-08-22 16:46:27
129-34.095E,35-10.688N,129.568243,35.178135,010.3,39.2,39,0,Under way using engine,2026-08-23 00:48:39,2026-08-22 16:48:39
129-34.406E,35-11.005N,129.573438,35.183412,008.2,38.3,39,0,Under way using engine,2026-08-23 00:51:19,2026-08-22 16:51:19
129-34.694E,35-11.306N,129.578237,35.188433,006.3,37.9,40,0,Under way using engine,2026-08-23 00:54:27,2026-08-22 16:54:27
129-35.003E,35-11.615N,129.58339,35.193578,004.7,39.3,35,0,Under way using engine,2026-08-23 00:58:48,2026-08-22 16:58:48
129-35.239E,35-11.920N,129.587312,35.198672,003.6,27.6,22,0,Under way using engine,2026-08-23 01:03:57,2026-08-22 17:03:57
129-35.419E,35-12.229N,129.590322,35.203817,002.9,24.7,22,0,Under way using engine,2026-08-23 01:10:08,2026-08-22 17:10:08
129-35.602E,35-12.535N,129.59336,35.208913,002.3,26.6,28,0,Under way using engine,2026-08-23 01:17:48,2026-08-22 17:17:48
129-35.788E,35-12.835N,129.596473,35.213917,003.0,24.7,37,0,Under way using engine,2026-08-23 01:27:16,2026-08-22 17:27:16
129-36.090E,35-13.144N,129.601503,35.219062,009.6,41.3,43,0,Under way using engine,2026-08-23 01:31:07,2026-08-22 17:31:07
129-36.407E,35-13.434N,129.606775,35.223895,011.2,42.5,43,0,Under way using engine,2026-08-23 01:33:17,2026-08-22 17:33:17
129-36.720E,35-13.720N,129.611993,35.228665,011.8,42.1,43,0,Under way using engine,2026-08-23 01:35:17,2026-08-22 17:35:17
129-37.041E,35-14.017N,129.617355,35.233617,011.8,40.9,42,0,Under way using engine,2026-08-23 01:37:17,2026-08-22 17:37:17
129-37.363E,35-14.319N,129.622718,35.238642,012.1,41.2,43,0,Under way using engine,2026-08-23 01:39:16,2026-08-22 17:39:16
129-37.663E,35-14.599N,129.62772,35.24331,012.1,41.1,43,0,Under way using engine,2026-08-23 01:41:08,2026-08-22 17:41:08
129-37.990E,35-14.905N,129.633162,35.248413,012.2,40.5,42,0,Under way using engine,2026-08-23 01:43:08,2026-08-22 17:43:08
129-38.302E,35-15.210N,129.638368,35.253492,011.6,39.7,43,0,Under way using engine,2026-08-23 01:45:08,2026-08-22 17:45:08
129-38.627E,35-15.526N,129.643778,35.258765,011.4,40,43,0,Under way using engine,2026-08-23 01:47:17,2026-08-22 17:47:17
129-38.928E,35-15.818N,129.648795,35.26364,011.3,40,43,0,Under way using engine,2026-08-23 01:49:18,2026-08-22 17:49:18
129-39.246E,35-16.127N,129.654095,35.268787,011.2,39.4,43,0,Under way using engine,2026-08-23 01:51:27,2026-08-22 17:51:27
129-39.572E,35-16.439N,129.659533,35.273985,011.1,40.7,44,0,Under way using engine,2026-08-23 01:53:38,2026-08-22 17:53:38
129-39.903E,35-16.745N,129.665052,35.27908,013.1,41.5,44,0,Under way using engine,2026-08-23 01:55:38,2026-08-22 17:55:38
129-40.237E,35-17.051N,129.670613,35.28418,013.7,42,44,0,Under way using engine,2026-08-23 01:57:28,2026-08-22 17:57:28
129-40.545E,35-17.330N,129.675755,35.288838,013.9,42.5,44,0,Under way using engine,2026-08-23 01:59:05,2026-08-22 17:59:05
129-40.854E,35-17.608N,129.680892,35.29347,014.0,42.8,44,0,Under way using engine,2026-08-23 02:00:42,2026-08-22 18:00:42
129-41.159E,35-17.882N,129.685985,35.298025,014.0,42.7,43,0,Under way using engine,2026-08-23 02:02:18,2026-08-22 18:02:18
129-41.460E,35-18.155N,129.691008,35.302578,015.0,42.1,43,0,Under way using engine,2026-08-23 02:03:48,2026-08-22 18:03:48
129-41.774E,35-18.440N,129.696235,35.307332,015.4,41.3,43,0,Under way using engine,2026-08-23 02:05:18,2026-08-22 18:05:18
129-42.093E,35-18.730N,129.701553,35.312162,015.6,42,43,0,Under way using engine,2026-08-23 02:06:48,2026-08-22 18:06:48
129-42.410E,35-19.022N,129.70684,35.31703,015.7,41.1,42,0,Under way using engine,2026-08-23 02:08:18,2026-08-22 18:08:18
129-42.728E,35-19.314N,129.712132,35.321908,015.6,41.6,42,0,Under way using engine,2026-08-23 02:09:48,2026-08-22 18:09:48
129-43.047E,35-19.613N,129.717445,35.326883,015.6,40.8,41,0,Under way using engine,2026-08-23 02:11:18,2026-08-22 18:11:18
129-43.355E,35-19.908N,129.722587,35.331797,015.6,40.1,41,0,Under way using engine,2026-08-23 02:12:48,2026-08-22 18:12:48
129-43.665E,35-20.206N,129.727752,35.336767,015.6,40,41,0,Under way using engine,2026-08-23 02:14:18,2026-08-22 18:14:18
129-43.977E,35-20.504N,129.732947,35.341738,015.6,40.6,41,0,Under way using engine,2026-08-23 02:15:48,2026-08-22 18:15:48
129-44.285E,35-20.798N,129.73809,35.34663,015.6,40.5,41,0,Under way using engine,2026-08-23 02:17:18,2026-08-22 18:17:18
129-44.620E,35-21.114N,129.743662,35.351898,015.6,40.9,41,0,Under way using engine,2026-08-23 02:18:54,2026-08-22 18:18:54
129-44.938E,35-21.414N,129.748963,35.356908,015.6,40.6,41,0,Under way using engine,2026-08-23 02:20:24,2026-08-22 18:20:24
129-45.239E,35-21.715N,129.75398,35.361913,015.4,34.9,33,0,Under way using engine,2026-08-23 02:21:53,2026-08-22 18:21:53
129-45.477E,35-22.024N,129.757953,35.367072,015.4,29.9,27,0,Under way using engine,2026-08-23 02:23:18,2026-08-22 18:23:18
129-45.686E,35-22.345N,129.761425,35.372417,015.6,29.1,29,0,Under way using engine,2026-08-23 02:24:42,2026-08-22 18:24:42
129-45.907E,35-22.659N,129.765123,35.377647,015.8,31,30,0,Under way using engine,2026-08-23 02:26:06,2026-08-22 18:26:06
129-46.139E,35-22.970N,129.768985,35.38284,015.8,33.5,35,0,Under way using engine,2026-08-23 02:27:29,2026-08-22 18:27:29
129-46.436E,35-23.289N,129.773937,35.388148,015.8,39.2,39,0,Under way using engine,2026-08-23 02:28:59,2026-08-22 18:28:59
129-46.742E,35-23.590N,129.77904,35.393163,015.7,40,40,0,Under way using engine,2026-08-23 02:30:29,2026-08-22 18:30:29
129-47.057E,35-23.894N,129.784278,35.398228,015.7,40.4,40,0,Under way using engine,2026-08-23 02:32:00,2026-08-22 18:32:00
129-47.365E,35-24.190N,129.789423,35.403162,015.6,40.8,40,0,Under way using engine,2026-08-23 02:33:29,2026-08-22 18:33:29
129-47.680E,35-24.492N,129.79466,35.408193,015.7,40.6,40,0,Under way using engine,2026-08-23 02:35:00,2026-08-22 18:35:00
129-47.993E,35-24.794N,129.799877,35.413238,015.6,40.6,40,0,Under way using engine,2026-08-23 02:36:31,2026-08-22 18:36:31
129-48.293E,35-25.087N,129.80489,35.418118,015.6,40.1,40,0,Under way using engine,2026-08-23 02:38:00,2026-08-22 18:38:00
129-48.607E,35-25.386N,129.81012,35.423102,015.4,39.5,37,0,Under way using engine,2026-08-23 02:39:31,2026-08-22 18:39:31
129-48.895E,35-25.694N,129.814912,35.428225,015.5,36.3,35,0,Under way using engine,2026-08-23 02:41:00,2026-08-22 18:41:00
129-49.175E,35-26.009N,129.81959,35.433478,015.5,36.1,35,0,Under way using engine,2026-08-23 02:42:31,2026-08-22 18:42:31
129-49.516E,35-26.391N,129.82526,35.439857,015.5,35.6,35,0,Under way using engine,2026-08-23 02:44:19,2026-08-22 18:44:19
129-49.791E,35-26.705N,129.829858,35.445082,015.5,35.7,35,0,Under way using engine,2026-08-23 02:45:48,2026-08-22 18:45:48
129-50.073E,35-27.024N,129.834552,35.450393,015.5,35.7,35,0,Under way using engine,2026-08-23 02:47:19,2026-08-22 18:47:19
129-50.349E,35-27.337N,129.839152,35.455612,015.5,35.9,35,0,Under way using engine,2026-08-23 02:48:48,2026-08-22 18:48:48
129-50.633E,35-27.656N,129.843885,35.460925,015.5,35.7,35,0,Under way using engine,2026-08-23 02:50:19,2026-08-22 18:50:19
129-50.913E,35-27.970N,129.848557,35.466168,015.4,35.9,35,0,Under way using engine,2026-08-23 02:51:48,2026-08-22 18:51:48
129-51.190E,35-28.281N,129.85317,35.471347,015.4,35.1,32,0,Under way using engine,2026-08-23 02:53:19,2026-08-22 18:53:19
129-51.471E,35-28.653N,129.857853,35.477552,015.5,29.9,28,0,Under way using engine,2026-08-23 02:55:01,2026-08-22 18:55:01
129-51.690E,35-28.964N,129.861493,35.482727,015.5,29.5,28,0,Under way using engine,2026-08-23 02:56:24,2026-08-22 18:56:24
129-51.866E,35-29.216N,129.864428,35.486935,015.6,30.6,31,0,Under way using engine,2026-08-23 02:57:30,2026-08-22 18:57:30
129-51.902E,35-29.265N,129.865028,35.487747,015.6,31.9,32,0,Under way using engine,2026-08-23 02:57:43,2026-08-22 18:57:43
129-52.151E,35-29.593N,129.869185,35.493213,015.5,30.5,29,0,Under way using engine,2026-08-23 02:59:12,2026-08-22 18:59:12
129-52.329E,35-29.843N,129.872152,35.497383,015.6,30,28,0,Under way using engine,2026-08-23 03:00:19,2026-08-22 19:00:19
129-52.376E,35-29.911N,129.872928,35.498522,015.6,29.4,28,0,Under way using engine,2026-08-23 03:00:37,2026-08-22 19:00:37
129-52.672E,35-30.345N,129.877868,35.50575,015.5,29.6,28,0,Under way using engine,2026-08-23 03:02:31,2026-08-22 19:02:31
129-52.889E,35-30.661N,129.88149,35.511022,015.6,29.4,28,0,Under way using engine,2026-08-23 03:03:54,2026-08-22 19:03:54
129-53.144E,35-31.032N,129.885727,35.517202,015.7,30.1,28,0,Under way using engine,2026-08-23 03:05:31,2026-08-22 19:05:31
129-53.442E,35-31.468N,129.890703,35.524472,015.9,28.9,28,0,Under way using engine,2026-08-23 03:07:24,2026-08-22 19:07:24
129-53.653E,35-31.776N,129.894218,35.529598,016.0,29.6,28,0,Under way using engine,2026-08-23 03:08:42,2026-08-22 19:08:42
129-53.945E,35-32.199N,129.899075,35.536647,016.1,30.2,28,0,Under way using engine,2026-08-23 03:10:31,2026-08-22 19:10:31
129-54.153E,35-32.499N,129.902547,35.541655,016.1,28.6,28,0,Under way using engine,2026-08-23 03:11:48,2026-08-22 19:11:48
129-54.379E,35-32.826N,129.906318,35.547092,016.0,29.1,28,0,Under way using engine,2026-08-23 03:13:13,2026-08-22 19:13:13
129-54.592E,35-33.132N,129.909868,35.552205,015.9,28.7,28,0,Under way using engine,2026-08-23 03:14:31,2026-08-22 19:14:31
129-54.833E,35-33.481N,129.913888,35.558017,015.9,29.8,28,0,Under way using engine,2026-08-23 03:16:01,2026-08-22 19:16:01
129-55.074E,35-33.825N,129.917898,35.56375,016.0,29.4,28,0,Under way using engine,2026-08-23 03:17:30,2026-08-22 19:17:30
129-55.288E,35-34.132N,129.92147,35.568863,016.0,29.3,26,0,Under way using engine,2026-08-23 03:18:49,2026-08-22 19:18:49
129-55.520E,35-34.508N,129.925327,35.57513,016.0,25.8,23,0,Under way using engine,2026-08-23 03:20:25,2026-08-22 19:20:25
129-55.702E,35-34.821N,129.928365,35.580352,015.9,25,23,0,Under way using engine,2026-08-23 03:21:43,2026-08-22 19:21:43
129-55.716E,35-34.845N,129.928598,35.580755,015.9,25.4,23,0,Under way using engine,2026-08-23 03:21:48,2026-08-22 19:21:48
129-55.898E,35-35.160N,129.931628,35.585993,016.0,24.9,23,0,Under way using engine,2026-08-23 03:23:07,2026-08-22 19:23:07
129-56.082E,35-35.479N,129.934693,35.591313,016.1,24.8,23,0,Under way using engine,2026-08-23 03:24:25,2026-08-22 19:24:25
129-56.263E,35-35.792N,129.937717,35.59654,015.9,25.4,23,0,Under way using engine,2026-08-23 03:25:43,2026-08-22 19:25:43
129-56.439E,35-36.102N,129.940647,35.601697,015.8,25.2,23,0,Under way using engine,2026-08-23 03:27:00,2026-08-22 19:27:00
129-56.621E,35-36.419N,129.943682,35.606982,015.9,24.6,23,0,Under way using engine,2026-08-23 03:28:19,2026-08-22 19:28:19
129-56.813E,35-36.756N,129.946885,35.612597,015.9,24.4,23,0,Under way using engine,2026-08-23 03:29:43,2026-08-22 19:29:43
129-56.978E,35-37.044N,129.949638,35.617405,015.9,25.1,23,0,Under way using engine,2026-08-23 03:30:55,2026-08-22 19:30:55
129-56.992E,35-37.068N,129.949863,35.617803,015.9,24.5,23,0,Under way using engine,2026-08-23 03:31:01,2026-08-22 19:31:01
129-57.169E,35-37.382N,129.952813,35.623025,015.8,25.3,23,0,Under way using engine,2026-08-23 03:32:19,2026-08-22 19:32:19
129-57.332E,35-37.667N,129.955535,35.627778,015.8,24.6,23,0,Under way using engine,2026-08-23 03:33:31,2026-08-22 19:33:31
129-57.344E,35-37.687N,129.955727,35.628115,015.8,24.7,23,0,Under way using engine,2026-08-23 03:33:36,2026-08-22 19:33:36
129-57.511E,35-37.978N,129.95851,35.63297,015.9,25.3,23,0,Under way using engine,2026-08-23 03:34:48,2026-08-22 19:34:48
129-57.524E,35-38.002N,129.958738,35.633367,015.9,24.9,23,0,Under way using engine,2026-08-23 03:34:55,2026-08-22 19:34:55
129-57.718E,35-38.340N,129.961973,35.639,015.9,25.3,22,0,Under way using engine,2026-08-23 03:36:18,2026-08-22 19:36:18
129-57.886E,35-38.656N,129.964767,35.644267,015.8,22.8,20,0,Under way using engine,2026-08-23 03:37:36,2026-08-22 19:37:36
129-58.048E,35-38.973N,129.967468,35.64955,015.8,23,20,0,Under way using engine,2026-08-23 03:38:54,2026-08-22 19:38:54
129-58.206E,35-39.288N,129.970097,35.654805,015.8,22.3,20,0,Under way using engine,2026-08-23 03:40:12,2026-08-22 19:40:12
129-58.370E,35-39.612N,129.97283,35.660193,015.8,22.6,20,0,Under way using engine,2026-08-23 03:41:30,2026-08-22 19:41:30
129-58.532E,35-39.931N,129.97553,35.66551,015.9,22.9,20,0,Under way using engine,2026-08-23 03:42:48,2026-08-22 19:42:48
129-58.735E,35-40.323N,129.978913,35.67205,015.8,22.3,20,0,Under way using engine,2026-08-23 03:44:24,2026-08-22 19:44:24
129-58.914E,35-40.666N,129.981892,35.677772,015.9,22.7,20,0,Under way using engine,2026-08-23 03:45:48,2026-08-22 19:45:48
129-59.079E,35-40.984N,129.984655,35.68307,015.9,22.7,20,0,Under way using engine,2026-08-23 03:47:06,2026-08-22 19:47:06
129-59.208E,35-41.230N,129.986808,35.687165,015.9,23.4,20,0,Under way using engine,2026-08-23 03:48:06,2026-08-22 19:48:06
129-59.247E,35-41.303N,129.987442,35.688388,016.0,23.3,20,0,Under way using engine,2026-08-23 03:48:24,2026-08-22 19:48:24
129-59.375E,35-41.548N,129.989582,35.692467,015.9,22.7,20,0,Under way using engine,2026-08-23 03:49:24,2026-08-22 19:49:24
129-59.416E,35-41.626N,129.99027,35.693768,015.9,23.2,20,0,Under way using engine,2026-08-23 03:49:43,2026-08-22 19:49:43
129-59.594E,35-41.964N,129.993225,35.699397,015.9,23.2,20,0,Under way using engine,2026-08-23 03:51:06,2026-08-22 19:51:06
129-59.761E,35-42.282N,129.99602,35.704692,015.8,23.7,20,0,Under way using engine,2026-08-23 03:52:24,2026-08-22 19:52:24
129-59.954E,35-42.644N,129.999227,35.710725,015.8,23.5,19,0,Under way using engine,2026-08-23 03:53:54,2026-08-22 19:53:54
130-0.045E,35-42.822N,130.000758,35.7137,015.8,22.2,18,0,Under way using engine,2026-08-23 03:54:37,2026-08-22 19:54:37
130-0.116E,35-42.965N,130.001933,35.716082,015.8,22.2,18,0,Under way using engine,2026-08-23 03:55:12,2026-08-22 19:55:12
130-0.284E,35-43.311N,130.004728,35.721848,015.7,22,18,0,Under way using engine,2026-08-23 03:56:37,2026-08-22 19:56:37
130-0.350E,35-43.449N,130.005827,35.724153,015.6,21.5,18,0,Under way using engine,2026-08-23 03:57:12,2026-08-22 19:57:12
130-0.434E,35-43.629N,130.007235,35.727147,015.6,21.9,18,0,Under way using engine,2026-08-23 03:57:55,2026-08-22 19:57:55
130-0.596E,35-43.967N,130.00994,35.732788,015.7,21,18,0,Under way using engine,2026-08-23 03:59:18,2026-08-22 19:59:18
130-0.749E,35-44.285N,130.01249,35.73808,015.7,21,18,0,Under way using engine,2026-08-23 04:00:36,2026-08-22 20:00:36
130-0.904E,35-44.606N,130.015067,35.743437,015.7,22.1,18,0,Under way using engine,2026-08-23 04:01:55,2026-08-22 20:01:55
130-1.055E,35-44.920N,130.017583,35.748662,015.7,21.6,18,0,Under way using engine,2026-08-23 04:03:12,2026-08-22 20:03:12
130-1.176E,35-45.164N,130.019592,35.75274,015.7,21.2,18,0,Under way using engine,2026-08-23 04:04:12,2026-08-22 20:04:12
130-1.225E,35-45.266N,130.020422,35.754428,015.7,22,18,0,Under way using engine,2026-08-23 04:04:37,2026-08-22 20:04:37
130-1.379E,35-45.581N,130.022978,35.759677,015.8,22.1,18,0,Under way using engine,2026-08-23 04:05:54,2026-08-22 20:05:54
130-1.487E,35-45.801N,130.024778,35.763345,015.8,21.3,18,0,Under way using engine,2026-08-23 04:06:48,2026-08-22 20:06:48
130-1.559E,35-45.949N,130.025982,35.76581,015.8,21.7,18,0,Under way using engine,2026-08-23 04:07:25,2026-08-22 20:07:25
130-1.714E,35-46.267N,130.028572,35.771123,015.7,21.5,18,0,Under way using engine,2026-08-23 04:08:42,2026-08-22 20:08:42
130-1.883E,35-46.611N,130.031375,35.77685,015.8,20.8,18,0,Under way using engine,2026-08-23 04:10:06,2026-08-22 20:10:06
130-2.040E,35-46.935N,130.034007,35.782247,015.8,22,18,0,Under way using engine,2026-08-23 04:11:25,2026-08-22 20:11:25
130-2.223E,35-47.302N,130.037042,35.788373,015.8,21.9,18,0,Under way using engine,2026-08-23 04:12:54,2026-08-22 20:12:54
130-2.284E,35-47.425N,130.038062,35.79041,015.7,21.9,18,0,Under way using engine,2026-08-23 04:13:25,2026-08-22 20:13:25
130-2.378E,35-47.616N,130.03963,35.793605,015.8,21.5,18,0,Under way using engine,2026-08-23 04:14:12,2026-08-22 20:14:12
130-2.452E,35-47.767N,130.040865,35.796115,015.7,21.5,18,0,Under way using engine,2026-08-23 04:14:49,2026-08-22 20:14:49
130-2.535E,35-47.935N,130.042252,35.798915,015.8,22.4,18,0,Under way using engine,2026-08-23 04:15:31,2026-08-22 20:15:31
130-2.610E,35-48.086N,130.043492,35.80143,015.7,21.7,18,0,Under way using engine,2026-08-23 04:16:07,2026-08-22 20:16:07
130-2.692E,35-48.253N,130.044872,35.804217,015.7,21.6,18,0,Under way using engine,2026-08-23 04:16:48,2026-08-22 20:16:48
130-2.763E,35-48.400N,130.046058,35.806665,015.7,22.1,18,0,Under way using engine,2026-08-23 04:17:24,2026-08-22 20:17:24
130-2.849E,35-48.576N,130.04749,35.809595,015.8,21.4,18,0,Under way using engine,2026-08-23 04:18:07,2026-08-22 20:18:07
130-2.920E,35-48.718N,130.048662,35.811973,015.7,21.7,18,0,Under way using engine,2026-08-23 04:18:43,2026-08-22 20:18:43
130-3.016E,35-48.914N,130.05027,35.815227,015.7,22.2,18,0,Under way using engine,2026-08-23 04:19:30,2026-08-22 20:19:30
130-3.173E,35-49.230N,130.052888,35.820507,015.8,21.9,18,0,Under way using engine,2026-08-23 04:20:49,2026-08-22 20:20:49
130-3.353E,35-49.597N,130.055882,35.826612,015.7,21.7,18,0,Under way using engine,2026-08-23 04:22:18,2026-08-22 20:22:18
130-3.521E,35-49.938N,130.05869,35.832307,015.7,21.7,18,0,Under way using engine,2026-08-23 04:23:42,2026-08-22 20:23:42
130-3.689E,35-50.281N,130.061475,35.838017,015.7,21.7,18,0,Under way using engine,2026-08-23 04:25:06,2026-08-22 20:25:06
130-3.724E,35-50.355N,130.062063,35.839247,015.7,22,18,0,Under way using engine,2026-08-23 04:25:25,2026-08-22 20:25:25
130-3.845E,35-50.604N,130.064087,35.843398,015.7,21.7,18,0,Under way using engine,2026-08-23 04:26:25,2026-08-22 20:26:25
130-3.879E,35-50.673N,130.064645,35.844555,015.8,21.7,18,0,Under way using engine,2026-08-23 04:26:42,2026-08-22 20:26:42
130-4.008E,35-50.939N,130.066797,35.848983,015.8,21.5,18,0,Under way using engine,2026-08-23 04:27:48,2026-08-22 20:27:48
130-4.034E,35-50.992N,130.06723,35.849872,015.7,21.4,18,0,Under way using engine,2026-08-23 04:28:00,2026-08-22 20:28:00
130-4.165E,35-51.262N,130.069418,35.854362,015.7,20.7,18,0,Under way using engine,2026-08-23 04:29:07,2026-08-22 20:29:07
130-4.189E,35-51.311N,130.069818,35.855183,015.8,21,18,0,Under way using engine,2026-08-23 04:29:19,2026-08-22 20:29:19
130-4.320E,35-51.581N,130.072002,35.859678,015.8,21.2,18,0,Under way using engine,2026-08-23 04:30:24,2026-08-22 20:30:24
130-4.479E,35-51.904N,130.074647,35.86506,015.8,22,18,0,Under way using engine,2026-08-23 04:31:43,2026-08-22 20:31:43
130-4.634E,35-52.223N,130.077238,35.870385,015.8,22.1,18,0,Under way using engine,2026-08-23 04:33:01,2026-08-22 20:33:01
130-4.658E,35-52.272N,130.077638,35.8712,015.8,21,18,0,Under way using engine,2026-08-23 04:33:13,2026-08-22 20:33:13
130-4.796E,35-52.558N,130.079933,35.875973,015.7,21.1,18,0,Under way using engine,2026-08-23 04:34:24,2026-08-22 20:34:24
130-4.808E,35-52.583N,130.080135,35.876382,015.7,21.8,18,0,Under way using engine,2026-08-23 04:34:30,2026-08-22 20:34:30
130-4.952E,35-52.881N,130.082532,35.881342,015.7,21.5,18,0,Under way using engine,2026-08-23 04:35:42,2026-08-22 20:35:42
130-4.964E,35-52.905N,130.08273,35.881752,015.7,21.5,18,0,Under way using engine,2026-08-23 04:35:48,2026-08-22 20:35:48
130-5.107E,35-53.199N,130.085115,35.886645,015.7,21.3,18,0,Under way using engine,2026-08-23 04:37:01,2026-08-22 20:37:01
130-5.167E,35-53.322N,130.086118,35.888693,015.8,21.8,18,0,Under way using engine,2026-08-23 04:37:30,2026-08-22 20:37:30
130-5.261E,35-53.517N,130.087687,35.891957,015.7,21.3,18,0,Under way using engine,2026-08-23 04:38:18,2026-08-22 20:38:18
130-5.321E,35-53.639N,130.088683,35.89399,015.7,21.7,18,0,Under way using engine,2026-08-23 04:38:48,2026-08-22 20:38:48
130-5.429E,35-53.864N,130.090478,35.89774,015.7,21.5,18,0,Under way using engine,2026-08-23 04:39:42,2026-08-22 20:39:42
130-5.579E,35-54.178N,130.092978,35.902967,015.7,21.7,18,0,Under way using engine,2026-08-23 04:41:00,2026-08-22 20:41:00
130-5.626E,35-54.275N,130.093768,35.904585,015.7,21.5,18,0,Under way using engine,2026-08-23 04:41:24,2026-08-22 20:41:24
130-5.733E,35-54.494N,130.095545,35.908237,015.6,21,18,0,Under way using engine,2026-08-23 04:42:18,2026-08-22 20:42:18
130-5.910E,35-54.863N,130.098492,35.914383,015.6,22.3,18,0,Under way using engine,2026-08-23 04:43:49,2026-08-22 20:43:49
130-6.062E,35-55.178N,130.101038,35.91964,015.7,21.7,20,0,Under way using engine,2026-08-23 04:45:06,2026-08-22 20:45:06
130-6.098E,35-55.247N,130.101625,35.920787,015.7,22.1,20,0,Under way using engine,2026-08-23 04:45:24,2026-08-22 20:45:24
130-6.250E,35-55.541N,130.104165,35.925678,015.6,22.4,20,0,Under way using engine,2026-08-23 04:46:37,2026-08-22 20:46:37
130-6.262E,35-55.565N,130.10437,35.92608,015.6,22.9,20,0,Under way using engine,2026-08-23 04:46:43,2026-08-22 20:46:43
130-6.411E,35-55.850N,130.106852,35.930832,015.5,23.5,20,0,Under way using engine,2026-08-23 04:47:55,2026-08-22 20:47:55
130-6.588E,35-56.184N,130.109808,35.936402,015.6,22.9,20,0,Under way using engine,2026-08-23 04:49:20,2026-08-22 20:49:20
130-6.789E,35-56.565N,130.113157,35.942747,015.5,23.1,20,0,Under way using engine,2026-08-23 04:50:54,2026-08-22 20:50:54
130-6.927E,35-56.831N,130.115442,35.947185,015.4,22.7,20,0,Under way using engine,2026-08-23 04:52:01,2026-08-22 20:52:01
130-6.962E,35-56.899N,130.11603,35.948315,015.4,23.3,20,0,Under way using engine,2026-08-23 04:52:18,2026-08-22 20:52:18
130-7.088E,35-57.141N,130.118128,35.952342,015.4,23.3,20,0,Under way using engine,2026-08-23 04:53:18,2026-08-22 20:53:18
130-7.125E,35-57.212N,130.11875,35.953527,015.5,22.9,20,0,Under way using engine,2026-08-23 04:53:36,2026-08-22 20:53:36
130-7.247E,35-57.446N,130.120778,35.957425,015.4,23.1,20,0,Under way using engine,2026-08-23 04:54:37,2026-08-22 20:54:37
130-7.284E,35-57.516N,130.121392,35.958602,015.3,23,20,0,Under way using engine,2026-08-23 04:54:54,2026-08-22 20:54:54
130-7.444E,35-57.825N,130.12406,35.963743,015.4,23,20,0,Under way using engine,2026-08-23 04:56:12,2026-08-22 20:56:12
130-7.569E,35-58.065N,130.126155,35.96775,015.4,23,20,0,Under way using engine,2026-08-23 04:57:13,2026-08-22 20:57:13
130-7.606E,35-58.136N,130.126767,35.968938,015.4,23,20,0,Under way using engine,2026-08-23 04:57:31,2026-08-22 20:57:31
130-7.767E,35-58.440N,130.129442,35.974007,015.4,23.1,20,0,Under way using engine,2026-08-23 04:58:48,2026-08-22 20:58:48
130-7.890E,35-58.675N,130.131503,35.977915,015.5,23.8,20,0,Under way using engine,2026-08-23 04:59:49,2026-08-22 20:59:49
130-7.932E,35-58.754N,130.132202,35.979235,015.5,23.3,20,0,Under way using engine,2026-08-23 05:00:07,2026-08-22 21:00:07
130-8.055E,35-58.990N,130.134243,35.983163,015.6,22.4,20,0,Under way using engine,2026-08-23 05:01:06,2026-08-22 21:01:06
130-8.091E,35-59.058N,130.134842,35.984298,015.6,22.5,20,0,Under way using engine,2026-08-23 05:01:25,2026-08-22 21:01:25
130-8.219E,35-59.301N,130.136978,35.988355,015.6,23.6,20,0,Under way using engine,2026-08-23 05:02:24,2026-08-22 21:02:24
130-8.255E,35-59.369N,130.137578,35.989488,015.6,23.6,20,0,Under way using engine,2026-08-23 05:02:42,2026-08-22 21:02:42
130-8.427E,35-59.683N,130.140448,35.99471,015.6,25,22,0,Under way using engine,2026-08-23 05:04:01,2026-08-22 21:04:01
130-8.565E,35-59.917N,130.142748,35.998617,015.5,25.8,23,0,Under way using engine,2026-08-23 05:05:01,2026-08-22 21:05:01
130-8.610E,35-59.991N,130.1435,35.99985,015.5,26.3,23,0,Under way using engine,2026-08-23 05:05:19,2026-08-22 21:05:19
130-8.748E,36-0.221N,130.145808,36.00368,015.5,26.4,23,0,Under way using engine,2026-08-23 05:06:20,2026-08-22 21:06:20
130-8.805E,36-0.314N,130.146753,36.005237,015.5,26,23,0,Under way using engine,2026-08-23 05:06:42,2026-08-22 21:06:42
130-8.958E,36-0.569N,130.149293,36.00948,015.4,26,23,0,Under way using engine,2026-08-23 05:07:49,2026-08-22 21:07:49
130-8.985E,36-0.615N,130.149755,36.010257,015.5,25.4,23,0,Under way using engine,2026-08-23 05:08:01,2026-08-22 21:08:01
130-9.297E,36-1.100N,130.154952,36.018335,015.4,31.3,27,0,Under way using engine,2026-08-23 05:10:07,2026-08-22 21:10:07
130-9.529E,36-1.454N,130.158815,36.024225,015.2,26.9,24,0,Under way using engine,2026-08-23 05:11:42,2026-08-22 21:11:42
130-9.904E,36-2.077N,130.165072,36.034612,015.3,26.1,23,0,Under way using engine,2026-08-23 05:14:24,2026-08-22 21:14:24
130-9.972E,36-2.193N,130.166207,36.036542,015.3,25.8,23,0,Under way using engine,2026-08-23 05:14:54,2026-08-22 21:14:54
130-10.111E,36-2.422N,130.16852,36.040372,015.3,25.7,23,0,Under way using engine,2026-08-23 05:15:55,2026-08-22 21:15:55
130-10.166E,36-2.514N,130.169438,36.041903,015.3,26,23,0,Under way using engine,2026-08-23 05:16:19,2026-08-22 21:16:19
130-10.293E,36-2.725N,130.171542,36.04542,015.3,26.3,23,0,Under way using engine,2026-08-23 05:17:15,2026-08-22 21:17:15
130-10.359E,36-2.836N,130.172642,36.047268,015.3,25.8,23,0,Under way using engine,2026-08-23 05:17:42,2026-08-22 21:17:42
130-10.482E,36-3.043N,130.1747,36.050722,015.3,25.7,23,0,Under way using engine,2026-08-23 05:18:37,2026-08-22 21:18:37
130-10.673E,36-3.365N,130.177883,36.056078,015.2,25.7,23,0,Under way using engine,2026-08-23 05:20:01,2026-08-22 21:20:01
130-10.730E,36-3.460N,130.178828,36.057667,015.2,25.8,23,0,Under way using engine,2026-08-23 05:20:25,2026-08-22 21:20:25
130-10.866E,36-3.689N,130.181108,36.06149,015.1,25.9,23,0,Under way using engine,2026-08-23 05:21:25,2026-08-22 21:21:25
130-11.053E,36-4.006N,130.18422,36.06677,015.2,25.7,23,0,Under way using engine,2026-08-23 05:22:49,2026-08-22 21:22:49
130-11.241E,36-4.326N,130.187355,36.072103,015.1,24.8,21,0,Under way using engine,2026-08-23 05:24:13,2026-08-22 21:24:13
130-11.293E,36-4.418N,130.188213,36.073637,015.0,23.7,21,0,Under way using engine,2026-08-23 05:24:37,2026-08-22 21:24:37
130-11.408E,36-4.629N,130.190125,36.077155,015.0,23.8,21,0,Under way using engine,2026-08-23 05:25:31,2026-08-22 21:25:31
130-11.579E,36-4.948N,130.192988,36.082467,015.0,23.7,21,0,Under way using engine,2026-08-23 05:26:55,2026-08-22 21:26:55
130-11.742E,36-5.248N,130.195708,36.087467,015.1,23.6,21,0,Under way using engine,2026-08-23 05:28:13,2026-08-22 21:28:13
130-11.907E,36-5.548N,130.198443,36.092473,015.1,23.9,21,0,Under way using engine,2026-08-23 05:29:31,2026-08-22 21:29:31
130-11.982E,36-5.686N,130.199702,36.094768,015.0,23.5,21,0,Under way using engine,2026-08-23 05:30:07,2026-08-22 21:30:07
130-12.084E,36-5.869N,130.201405,36.097812,015.0,23.9,21,0,Under way using engine,2026-08-23 05:30:54,2026-08-22 21:30:54
130-12.258E,36-6.190N,130.204305,36.103168,015.0,23.4,21,0,Under way using engine,2026-08-23 05:32:19,2026-08-22 21:32:19
130-12.446E,36-6.533N,130.20744,36.108878,014.9,23.4,21,0,Under way using engine,2026-08-23 05:33:48,2026-08-22 21:33:48
130-12.632E,36-6.874N,130.210535,36.114567,014.9,24.3,21,0,Under way using engine,2026-08-23 05:35:18,2026-08-22 21:35:18
130-12.804E,36-7.193N,130.213403,36.119885,014.8,23.2,21,0,Under way using engine,2026-08-23 05:36:44,2026-08-22 21:36:44
130-12.841E,36-7.262N,130.214012,36.121032,014.9,23.3,21,0,Under way using engine,2026-08-23 05:37:00,2026-08-22 21:37:00
130-12.975E,36-7.516N,130.216255,36.125267,014.8,23.5,21,0,Under way using engine,2026-08-23 05:38:08,2026-08-22 21:38:08
130-13.142E,36-7.830N,130.219037,36.130502,014.8,23.1,21,0,Under way using engine,2026-08-23 05:39:30,2026-08-22 21:39:30
130-13.179E,36-7.898N,130.219645,36.13164,014.8,22.9,21,0,Under way using engine,2026-08-23 05:39:48,2026-08-22 21:39:48
130-13.325E,36-8.170N,130.222088,36.136165,014.7,23.2,21,0,Under way using engine,2026-08-23 05:41:01,2026-08-22 21:41:01
130-13.494E,36-8.487N,130.224907,36.141453,014.7,23.3,21,0,Under way using engine,2026-08-23 05:42:24,2026-08-22 21:42:24
130-13.664E,36-8.803N,130.227725,36.146718,014.7,23.2,21,0,Under way using engine,2026-08-23 05:43:50,2026-08-22 21:43:50
130-13.688E,36-8.848N,130.228127,36.147468,014.7,22.7,21,0,Under way using engine,2026-08-23 05:44:01,2026-08-22 21:44:01
130-13.831E,36-9.120N,130.230515,36.151993,014.6,22.9,21,0,Under way using engine,2026-08-23 05:45:13,2026-08-22 21:45:13
130-13.996E,36-9.430N,130.233268,36.157168,014.6,23.7,21,0,Under way using engine,2026-08-23 05:46:36,2026-08-22 21:46:36
130-14.165E,36-9.753N,130.236082,36.162555,014.7,22.8,21,0,Under way using engine,2026-08-23 05:48:02,2026-08-22 21:48:02
130-14.329E,36-10.070N,130.238822,36.167833,014.7,22.7,21,0,Under way using engine,2026-08-23 05:49:26,2026-08-22 21:49:26
130-14.495E,36-10.387N,130.241587,36.173122,014.7,23.5,21,0,Under way using engine,2026-08-23 05:50:49,2026-08-22 21:50:49
130-14.519E,36-10.432N,130.24199,36.173872,014.7,23.3,21,0,Under way using engine,2026-08-23 05:51:01,2026-08-22 21:51:01
130-14.661E,36-10.700N,130.244345,36.178337,014.7,23.1,21,0,Under way using engine,2026-08-23 05:52:12,2026-08-22 21:52:12
130-14.686E,36-10.749N,130.244773,36.179153,014.7,23.1,21,0,Under way using engine,2026-08-23 05:52:24,2026-08-22 21:52:24
130-14.828E,36-11.017N,130.247128,36.183613,014.7,23.1,21,0,Under way using engine,2026-08-23 05:53:37,2026-08-22 21:53:37
130-14.996E,36-11.333N,130.249927,36.18888,014.7,23.4,21,0,Under way using engine,2026-08-23 05:55:00,2026-08-22 21:55:00
130-15.164E,36-11.649N,130.252728,36.194143,014.7,24.1,22,0,Under way using engine,2026-08-23 05:56:24,2026-08-22 21:56:24
130-15.191E,36-11.697N,130.253185,36.194952,014.7,24.5,23,0,Under way using engine,2026-08-23 05:56:37,2026-08-22 21:56:37
130-15.340E,36-11.961N,130.255665,36.199358,014.7,24.9,23,0,Under way using engine,2026-08-23 05:57:48,2026-08-22 21:57:48
130-15.521E,36-12.278N,130.258683,36.20463,014.8,25.1,23,0,Under way using engine,2026-08-23 05:59:14,2026-08-22 21:59:14
130-15.697E,36-12.587N,130.261612,36.209777,014.7,24.8,23,0,Under way using engine,2026-08-23 06:00:37,2026-08-22 22:00:37
130-15.723E,36-12.632N,130.262048,36.210525,014.7,24.9,23,0,Under way using engine,2026-08-23 06:00:48,2026-08-22 22:00:48
130-15.877E,36-12.899N,130.264615,36.214987,014.7,25.1,23,0,Under way using engine,2026-08-23 06:02:01,2026-08-22 22:02:01
130-16.057E,36-13.209N,130.267623,36.220158,014.6,25.6,23,0,Under way using engine,2026-08-23 06:03:24,2026-08-22 22:03:24
130-16.238E,36-13.518N,130.270635,36.225308,014.5,25.2,23,0,Under way using engine,2026-08-23 06:04:48,2026-08-22 22:04:48
130-16.415E,36-13.829N,130.273575,36.230487,014.6,24.3,23,0,Under way using engine,2026-08-23 06:06:12,2026-08-22 22:06:12
130-16.594E,36-14.142N,130.276572,36.235703,014.6,25,23,0,Under way using engine,2026-08-23 06:07:36,2026-08-22 22:07:36
130-16.685E,36-14.298N,130.278077,36.238293,014.6,25,23,0,Under way using engine,2026-08-23 06:08:19,2026-08-22 22:08:19
130-16.770E,36-14.446N,130.279508,36.240773,014.7,25.2,23,0,Under way using engine,2026-08-23 06:09:00,2026-08-22 22:09:00
130-16.966E,36-14.783N,130.28276,36.246383,014.7,25.2,23,0,Under way using engine,2026-08-23 06:10:30,2026-08-22 22:10:30
130-17.073E,36-14.963N,130.284557,36.249388,014.6,25.9,23,0,Under way using engine,2026-08-23 06:11:19,2026-08-22 22:11:19
130-17.150E,36-15.091N,130.285828,36.25152,014.6,25.3,23,0,Under way using engine,2026-08-23 06:11:54,2026-08-22 22:11:54
130-17.281E,36-15.313N,130.288018,36.255223,014.6,25.8,23,0,Under way using engine,2026-08-23 06:12:54,2026-08-22 22:12:54
130-17.335E,36-15.405N,130.288915,36.256752,014.6,25.3,23,0,Under way using engine,2026-08-23 06:13:19,2026-08-22 22:13:19
130-17.477E,36-15.648N,130.291283,36.260803,014.6,25.8,23,0,Under way using engine,2026-08-23 06:14:25,2026-08-22 22:14:25
130-17.514E,36-15.711N,130.291903,36.261852,014.6,25.3,23,0,Under way using engine,2026-08-23 06:14:42,2026-08-22 22:14:42
130-17.697E,36-16.024N,130.294953,36.267067,014.6,25.4,23,0,Under way using engine,2026-08-23 06:16:07,2026-08-22 22:16:07
130-17.880E,36-16.331N,130.298008,36.27219,014.6,26.2,23,0,Under way using engine,2026-08-23 06:17:31,2026-08-22 22:17:31
130-18.062E,36-16.635N,130.301037,36.277242,014.5,26,23,0,Under way using engine,2026-08-23 06:18:55,2026-08-22 22:18:55
130-18.244E,36-16.941N,130.304067,36.282342,014.5,25.7,23,0,Under way using engine,2026-08-23 06:20:18,2026-08-22 22:20:18
130-18.466E,36-17.309N,130.307772,36.288485,014.5,26,23,0,Under way using engine,2026-08-23 06:22:01,2026-08-22 22:22:01
130-18.649E,36-17.612N,130.31081,36.293532,014.4,26.2,23,0,Under way using engine,2026-08-23 06:23:24,2026-08-22 22:23:24
130-18.898E,36-18.027N,130.314963,36.300448,014.4,26,23,0,Under way using engine,2026-08-23 06:25:19,2026-08-22 22:25:19
130-19.081E,36-18.330N,130.318012,36.3055,014.3,26.5,23,0,Under way using engine,2026-08-23 06:26:43,2026-08-22 22:26:43
130-19.195E,36-18.520N,130.319915,36.30866,014.3,25.7,23,0,Under way using engine,2026-08-23 06:27:36,2026-08-22 22:27:36
130-19.289E,36-18.673N,130.32148,36.31121,014.2,26.5,23,0,Under way using engine,2026-08-23 06:28:19,2026-08-22 22:28:19
130-19.493E,36-19.011N,130.324883,36.316858,014.2,26,23,0,Under way using engine,2026-08-23 06:29:54,2026-08-22 22:29:54
130-19.698E,36-19.356N,130.328308,36.322605,014.3,27.6,27,0,Under way using engine,2026-08-23 06:31:30,2026-08-22 22:31:30
130-19.770E,36-19.461N,130.329508,36.32435,014.3,30.5,28,0,Under way using engine,2026-08-23 06:32:01,2026-08-22 22:32:01
130-19.927E,36-19.669N,130.33212,36.327817,014.3,32,30,0,Under way using engine,2026-08-23 06:33:01,2026-08-22 22:33:01
130-20.021E,36-19.787N,130.333677,36.329777,014.3,33.2,30,0,Under way using engine,2026-08-23 06:33:36,2026-08-22 22:33:36
130-20.182E,36-19.986N,130.336368,36.333103,014.2,33.2,30,0,Under way using engine,2026-08-23 06:34:36,2026-08-22 22:34:36
130-20.278E,36-20.106N,130.337967,36.335107,014.2,32.7,30,0,Under way using engine,2026-08-23 06:35:12,2026-08-22 22:35:12
130-20.426E,36-20.289N,130.340425,36.338158,014.2,34.7,33,0,Under way using engine,2026-08-23 06:36:07,2026-08-22 22:36:07
130-20.528E,36-20.406N,130.342138,36.340108,014.2,35.7,34,0,Under way using engine,2026-08-23 06:36:43,2026-08-22 22:36:43
130-20.703E,36-20.597N,130.345052,36.343288,014.3,36.1,34,0,Under way using engine,2026-08-23 06:37:43,2026-08-22 22:37:43
130-20.805E,36-20.712N,130.346742,36.345192,014.2,36.3,35,0,Under way using engine,2026-08-23 06:38:18,2026-08-22 22:38:18
130-20.976E,36-20.903N,130.349607,36.348388,014.3,35.5,35,0,Under way using engine,2026-08-23 06:39:18,2026-08-22 22:39:18
130-21.081E,36-21.020N,130.351352,36.350327,014.2,35.8,34,0,Under way using engine,2026-08-23 06:39:54,2026-08-22 22:39:54
130-21.251E,36-21.212N,130.354182,36.353533,014.3,35,35,0,Under way using engine,2026-08-23 06:40:54,2026-08-22 22:40:54
130-21.355E,36-21.332N,130.35592,36.355537,014.3,35.2,34,0,Under way using engine,2026-08-23 06:41:30,2026-08-22 22:41:30
130-21.523E,36-21.527N,130.358723,36.35878,014.3,35.3,34,0,Under way using engine,2026-08-23 06:42:30,2026-08-22 22:42:30
130-21.644E,36-21.667N,130.360735,36.361123,014.3,34.6,34,0,Under way using engine,2026-08-23 06:43:13,2026-08-22 22:43:13
130-21.793E,36-21.842N,130.363222,36.364028,014.4,34.1,34,0,Under way using engine,2026-08-23 06:44:06,2026-08-22 22:44:06
130-21.914E,36-21.985N,130.365232,36.366417,014.4,34.5,34,0,Under way using engine,2026-08-23 06:44:49,2026-08-22 22:44:49
130-22.062E,36-22.159N,130.367707,36.369313,014.3,34.7,34,0,Under way using engine,2026-08-23 06:45:43,2026-08-22 22:45:43
130-22.185E,36-22.299N,130.369742,36.37165,014.3,34.7,34,0,Under way using engine,2026-08-23 06:46:24,2026-08-22 22:46:24
130-22.331E,36-22.469N,130.372177,36.374482,014.3,35,34,0,Under way using engine,2026-08-23 06:47:18,2026-08-22 22:47:18
130-22.454E,36-22.613N,130.374225,36.37688,014.3,34.3,34,0,Under way using engine,2026-08-23 06:48:00,2026-08-22 22:48:00
130-22.604E,36-22.787N,130.376738,36.379788,014.3,34.8,34,0,Under way using engine,2026-08-23 06:48:55,2026-08-22 22:48:55
130-22.873E,36-23.101N,130.381218,36.38501,014.3,34.5,34,0,Under way using engine,2026-08-23 06:50:30,2026-08-22 22:50:30
130-22.991E,36-23.239N,130.383182,36.387315,014.3,34.7,34,0,Under way using engine,2026-08-23 06:51:12,2026-08-22 22:51:12
130-23.161E,36-23.437N,130.386012,36.390613,014.4,34.4,34,0,Under way using engine,2026-08-23 06:52:12,2026-08-22 22:52:12
130-23.262E,36-23.556N,130.387708,36.392602,014.3,35,35,0,Under way using engine,2026-08-23 06:52:48,2026-08-22 22:52:48
130-23.436E,36-23.753N,130.390595,36.395883,014.4,35.9,36,0,Under way using engine,2026-08-23 06:53:48,2026-08-22 22:53:48
130-23.561E,36-23.892N,130.39268,36.398195,014.4,36.6,36,0,Under way using engine,2026-08-23 06:54:30,2026-08-22 22:54:30
130-23.717E,36-24.063N,130.395285,36.40105,014.3,36.5,37,0,Under way using engine,2026-08-23 06:55:25,2026-08-22 22:55:25
130-23.864E,36-24.219N,130.397737,36.403657,014.4,36.7,37,0,Under way using engine,2026-08-23 06:56:13,2026-08-22 22:56:13
130-24.039E,36-24.408N,130.400658,36.406798,014.4,37.5,37,0,Under way using engine,2026-08-23 06:57:13,2026-08-22 22:57:13
130-24.147E,36-24.524N,130.402458,36.408737,014.4,37.3,38,0,Under way using engine,2026-08-23 06:57:48,2026-08-22 22:57:48
130-24.325E,36-24.717N,130.405422,36.411943,014.3,36.7,37,0,Under way using engine,2026-08-23 06:58:48,2026-08-22 22:58:48
130-24.433E,36-24.832N,130.407218,36.41387,014.4,37,37,0,Under way using engine,2026-08-23 06:59:25,2026-08-22 22:59:25
130-24.631E,36-25.045N,130.410523,36.417422,014.4,37,37,0,Under way using engine,2026-08-23 07:00:31,2026-08-22 23:00:31
130-24.717E,36-25.137N,130.411953,36.418958,014.3,36.9,37,0,Under way using engine,2026-08-23 07:01:00,2026-08-22 23:01:00
130-24.920E,36-25.356N,130.415328,36.422593,014.3,37.3,37,0,Under way using engine,2026-08-23 07:02:07,2026-08-22 23:02:07
130-25.005E,36-25.448N,130.416758,36.424133,014.3,37,37,0,Under way using engine,2026-08-23 07:02:37,2026-08-22 23:02:37
130-25.203E,36-25.657N,130.420052,36.427615,014.3,37.3,37,0,Under way using engine,2026-08-23 07:03:42,2026-08-22 23:03:42
130-25.487E,36-25.964N,130.424787,36.43273,014.3,36.8,37,0,Under way using engine,2026-08-23 07:05:18,2026-08-22 23:05:18
130-25.573E,36-26.057N,130.426218,36.434285,014.3,36.7,37,0,Under way using engine,2026-08-23 07:05:48,2026-08-22 23:05:48
130-25.770E,36-26.271N,130.429498,36.437852,014.2,36.7,37,0,Under way using engine,2026-08-23 07:06:55,2026-08-22 23:06:55
130-25.859E,36-26.366N,130.430985,36.439438,014.3,36.6,37,0,Under way using engine,2026-08-23 07:07:24,2026-08-22 23:07:24
130-26.055E,36-26.578N,130.434257,36.442967,014.3,36.2,37,0,Under way using engine,2026-08-23 07:08:30,2026-08-22 23:08:30
130-26.143E,36-26.674N,130.435718,36.44456,014.3,36.4,37,0,Under way using engine,2026-08-23 07:09:01,2026-08-22 23:09:01
130-26.340E,36-26.888N,130.439003,36.44813,014.3,37.1,37,0,Under way using engine,2026-08-23 07:10:06,2026-08-22 23:10:06
130-26.621E,36-27.192N,130.443688,36.453205,014.3,37,37,0,Under way using engine,2026-08-23 07:11:43,2026-08-22 23:11:43
130-26.709E,36-27.287N,130.445152,36.45479,014.2,35.2,32,0,Under way using engine,2026-08-23 07:12:12,2026-08-22 23:12:12
130-26.880E,36-27.512N,130.447995,36.458537,014.1,29.1,28,0,Under way using engine,2026-08-23 07:13:18,2026-08-22 23:13:18
130-26.931E,36-27.593N,130.448857,36.459882,014.2,26.7,26,0,Under way using engine,2026-08-23 07:13:42,2026-08-22 23:13:42
130-27.072E,36-27.829N,130.451192,36.46382,014.3,24.7,26,0,Under way using engine,2026-08-23 07:14:48,2026-08-22 23:14:48
130-27.113E,36-27.898N,130.451877,36.464962,014.4,26.2,28,0,Under way using engine,2026-08-23 07:15:07,2026-08-22 23:15:07
130-27.279E,36-28.154N,130.454653,36.469237,014.6,27.8,32,12,Under way using engine,2026-08-23 07:16:18,2026-08-22 23:16:18
130-27.322E,36-28.214N,130.455365,36.470237,014.5,31,35,0,Under way using engine,2026-08-23 07:16:36,2026-08-22 23:16:36
130-27.547E,36-28.468N,130.459118,36.474463,014.5,38.1,40,0,Under way using engine,2026-08-23 07:17:54,2026-08-22 23:17:54
130-27.607E,36-28.528N,130.46011,36.475463,014.6,39.6,41,0,Under way using engine,2026-08-23 07:18:12,2026-08-22 23:18:12
130-27.861E,36-28.768N,130.464343,36.47947,014.5,40.9,42,0,Under way using engine,2026-08-23 07:19:31,2026-08-22 23:19:31
130-28.163E,36-29.038N,130.46938,36.483968,014.5,43.5,44,0,Under way using engine,2026-08-23 07:21:00,2026-08-22 23:21:00
130-28.228E,36-29.093N,130.470473,36.484887,014.5,43.7,44,0,Under way using engine,2026-08-23 07:21:19,2026-08-22 23:21:19
130-28.477E,36-29.298N,130.474612,36.488307,014.4,44.9,45,0,Under way using engine,2026-08-23 07:22:31,2026-08-22 23:22:31
130-28.537E,36-29.347N,130.475618,36.489118,014.4,44.7,45,0,Under way using engine,2026-08-23 07:22:48,2026-08-22 23:22:48
130-28.793E,36-29.554N,130.479878,36.49257,014.3,45,45,0,Under way using engine,2026-08-23 07:24:00,2026-08-22 23:24:00
130-28.856E,36-29.606N,130.480937,36.493427,014.4,45,45,0,Under way using engine,2026-08-23 07:24:19,2026-08-22 23:24:19
130-29.109E,36-29.810N,130.485153,36.496827,014.3,45,45,0,Under way using engine,2026-08-23 07:25:30,2026-08-22 23:25:30
130-29.173E,36-29.860N,130.486212,36.497672,014.3,44.7,45,0,Under way using engine,2026-08-23 07:25:48,2026-08-22 23:25:48
130-29.426E,36-30.065N,130.490428,36.501078,014.3,45.1,45,0,Under way using engine,2026-08-23 07:27:00,2026-08-22 23:27:00
130-29.489E,36-30.115N,130.491478,36.501922,014.4,44.7,45,0,Under way using engine,2026-08-23 07:27:19,2026-08-22 23:27:19
130-29.745E,36-30.322N,130.495753,36.505362,014.3,45.4,45,0,Under way using engine,2026-08-23 07:28:30,2026-08-22 23:28:30
130-30.060E,36-30.576N,130.501007,36.509607,014.3,45.1,45,0,Under way using engine,2026-08-23 07:30:01,2026-08-22 23:30:01
130-30.123E,36-30.628N,130.502058,36.510463,014.3,44.9,45,0,Under way using engine,2026-08-23 07:30:19,2026-08-22 23:30:19
130-30.372E,36-30.828N,130.506208,36.513805,014.3,45.1,45,0,Under way using engine,2026-08-23 07:31:30,2026-08-22 23:31:30
130-30.439E,36-30.882N,130.507322,36.514705,014.4,44.8,45,0,Under way using engine,2026-08-23 07:31:49,2026-08-22 23:31:49
130-30.689E,36-31.083N,130.51148,36.518058,014.4,44.5,45,0,Under way using engine,2026-08-23 07:33:01,2026-08-22 23:33:01
130-30.753E,36-31.134N,130.512543,36.518903,014.3,44.6,45,0,Under way using engine,2026-08-23 07:33:18,2026-08-22 23:33:18
130-31.004E,36-31.339N,130.516732,36.52231,014.3,44.4,45,0,Under way using engine,2026-08-23 07:34:30,2026-08-22 23:34:30
130-31.067E,36-31.390N,130.517777,36.523165,014.3,44.9,45,0,Under way using engine,2026-08-23 07:34:48,2026-08-22 23:34:48
130-31.320E,36-31.592N,130.521998,36.526532,014.3,45.4,45,0,Under way using engine,2026-08-23 07:36:01,2026-08-22 23:36:01
130-31.380E,36-31.639N,130.523003,36.527312,014.3,45.2,45,0,Under way using engine,2026-08-23 07:36:18,2026-08-22 23:36:18
130-31.634E,36-31.844N,130.527238,36.530725,014.2,45.4,45,0,Under way using engine,2026-08-23 07:37:30,2026-08-22 23:37:30
130-31.953E,36-32.121N,130.53255,36.535357,014.1,40.9,40,0,Under way using engine,2026-08-23 07:39:07,2026-08-22 23:39:07
130-32.254E,36-32.411N,130.53756,36.540178,014.0,39.7,40,0,Under way using engine,2026-08-23 07:40:42,2026-08-22 23:40:42
130-32.572E,36-32.718N,130.542862,36.5453,014.1,39.8,40,0,Under way using engine,2026-08-23 07:42:24,2026-08-22 23:42:24
130-32.873E,36-33.006N,130.547882,36.550097,014.1,40.8,40,0,Under way using engine,2026-08-23 07:44:00,2026-08-22 23:44:00
130-32.931E,36-33.059N,130.548852,36.550988,014.1,40.8,39,0,Under way using engine,2026-08-23 07:44:19,2026-08-22 23:44:19
130-33.179E,36-33.320N,130.552982,36.555328,013.9,32.7,31,0,Under way using engine,2026-08-23 07:45:42,2026-08-22 23:45:42
130-33.225E,36-33.379N,130.553755,36.556315,013.9,31.7,30,0,Under way using engine,2026-08-23 07:46:00,2026-08-22 23:46:00
130-33.398E,36-33.621N,130.55664,36.560345,013.9,27.2,26,0,Under way using engine,2026-08-23 07:47:13,2026-08-22 23:47:13
130-33.437E,36-33.683N,130.557288,36.561387,013.9,26.5,26,0,Under way using engine,2026-08-23 07:47:31,2026-08-22 23:47:31
130-33.590E,36-33.936N,130.559837,36.565605,014.0,25.1,25,0,Under way using engine,2026-08-23 07:48:42,2026-08-22 23:48:42
130-33.627E,36-34.000N,130.560457,36.566662,014.1,25.3,25,0,Under way using engine,2026-08-23 07:49:00,2026-08-22 23:49:00
130-33.779E,36-34.259N,130.562988,36.570975,014.1,25.3,25,0,Under way using engine,2026-08-23 07:50:12,2026-08-22 23:50:12
130-33.815E,36-34.319N,130.56359,36.571977,014.1,25.3,25,0,Under way using engine,2026-08-23 07:50:30,2026-08-22 23:50:30
130-33.966E,36-34.574N,130.566102,36.576232,014.1,25.4,25,0,Under way using engine,2026-08-23 07:51:42,2026-08-22 23:51:42
130-34.151E,36-34.889N,130.569185,36.581485,014.0,25.5,25,0,Under way using engine,2026-08-23 07:53:12,2026-08-22 23:53:12
130-34.329E,36-35.192N,130.572143,36.586525,014.1,25,25,0,Under way using engine,2026-08-23 07:54:37,2026-08-22 23:54:37
130-34.507E,36-35.494N,130.575122,36.591562,014.1,25.1,25,0,Under way using engine,2026-08-23 07:56:01,2026-08-22 23:56:01
130-34.709E,36-35.806N,130.578487,36.59677,014.2,29.4,29,0,Under way using engine,2026-08-23 07:57:30,2026-08-22 23:57:30
130-34.769E,36-35.889N,130.579475,36.598147,014.2,29.9,30,0,Under way using engine,2026-08-23 07:57:55,2026-08-22 23:57:55
130-34.934E,36-36.114N,130.58223,36.601907,014.2,30.6,30,0,Under way using engine,2026-08-23 07:59:00,2026-08-22 23:59:00
130-35.159E,36-36.420N,130.585987,36.607003,014.2,31,30,0,Under way using engine,2026-08-23 08:00:31,2026-08-23 00:00:31
130-35.220E,36-36.502N,130.586995,36.608363,014.2,30.7,30,0,Under way using engine,2026-08-23 08:00:54,2026-08-23 00:00:54
130-35.387E,36-36.725N,130.589777,36.612088,014.2,31.1,30,0,Under way using engine,2026-08-23 08:02:00,2026-08-23 00:02:00
130-35.607E,36-37.033N,130.593445,36.617222,014.1,29,28,0,Under way using engine,2026-08-23 08:03:30,2026-08-23 00:03:30
130-35.824E,36-37.347N,130.597065,36.622455,014.1,29.2,28,0,Under way using engine,2026-08-23 08:05:00,2026-08-23 00:05:00
130-35.881E,36-37.430N,130.598018,36.623833,014.2,28.4,28,0,Under way using engine,2026-08-23 08:05:25,2026-08-23 00:05:25
130-36.034E,36-37.655N,130.600568,36.627585,014.1,29,28,0,Under way using engine,2026-08-23 08:06:30,2026-08-23 00:06:30
130-36.246E,36-37.966N,130.604102,36.632762,014.1,28.5,28,0,Under way using engine,2026-08-23 08:08:00,2026-08-23 00:08:00
130-36.306E,36-38.052N,130.605098,36.6342,014.1,29.1,28,0,Under way using engine,2026-08-23 08:08:25,2026-08-23 00:08:25
130-36.459E,36-38.277N,130.60765,36.637943,014.2,28.7,28,0,Under way using engine,2026-08-23 08:09:30,2026-08-23 00:09:30
130-36.516E,36-38.359N,130.608592,36.639323,014.1,28.6,28,0,Under way using engine,2026-08-23 08:09:55,2026-08-23 00:09:55
130-36.671E,36-38.588N,130.611187,36.64313,014.2,31.1,31,0,Under way using engine,2026-08-23 08:11:00,2026-08-23 00:11:00
130-36.732E,36-38.669N,130.612207,36.644478,014.2,31.4,32,0,Under way using engine,2026-08-23 08:11:24,2026-08-23 00:11:24
130-36.908E,36-38.890N,130.615132,36.64816,014.2,33.3,33,0,Under way using engine,2026-08-23 08:12:30,2026-08-23 00:12:30
130-36.976E,36-38.973N,130.616263,36.649542,014.2,33.1,33,0,Under way using engine,2026-08-23 08:12:55,2026-08-23 00:12:55
130-37.171E,36-39.209N,130.61952,36.653485,014.2,33.4,33,0,Under way using engine,2026-08-23 08:14:07,2026-08-23 00:14:07
130-37.236E,36-39.289N,130.620595,36.65481,014.2,33,33,0,Under way using engine,2026-08-23 08:14:31,2026-08-23 00:14:31
130-37.431E,36-39.524N,130.623855,36.658735,014.1,32.9,33,0,Under way using engine,2026-08-23 08:15:43,2026-08-23 00:15:43
130-37.688E,36-39.838N,130.628125,36.663965,014.1,33.9,33,0,Under way using engine,2026-08-23 08:17:18,2026-08-23 00:17:18
130-37.739E,36-39.900N,130.62899,36.665003,014.1,34,33,0,Under way using engine,2026-08-23 08:17:37,2026-08-23 00:17:37
130-37.948E,36-40.155N,130.632472,36.669242,014.2,33.6,33,0,Under way using engine,2026-08-23 08:18:54,2026-08-23 00:18:54
130-37.998E,36-40.214N,130.633292,36.670232,014.2,33.5,33,0,Under way using engine,2026-08-23 08:19:12,2026-08-23 00:19:12
130-38.197E,36-40.455N,130.63661,36.674245,014.2,34.2,33,0,Under way using engine,2026-08-23 08:20:24,2026-08-23 00:20:24
130-38.456E,36-40.769N,130.640933,36.679477,014.2,33.4,33,0,Under way using engine,2026-08-23 08:22:00,2026-08-23 00:22:00
130-38.507E,36-40.832N,130.641782,36.680527,014.2,32.6,33,0,Under way using engine,2026-08-23 08:22:19,2026-08-23 00:22:19
130-38.701E,36-41.071N,130.645023,36.684523,014.2,32.8,33,0,Under way using engine,2026-08-23 08:23:30,2026-08-23 00:23:30
130-38.763E,36-41.148N,130.646053,36.685795,014.2,33.2,33,0,Under way using engine,2026-08-23 08:23:54,2026-08-23 00:23:54
130-38.960E,36-41.386N,130.649325,36.68976,014.2,33.2,33,0,Under way using engine,2026-08-23 08:25:06,2026-08-23 00:25:06
130-39.220E,36-41.705N,130.65366,36.695077,014.2,32.8,33,0,Under way using engine,2026-08-23 08:26:43,2026-08-23 00:26:43
130-39.271E,36-41.768N,130.654512,36.696133,014.2,33.2,33,0,Under way using engine,2026-08-23 08:27:01,2026-08-23 00:27:01
130-39.477E,36-42.020N,130.657947,36.700337,014.2,33.9,33,0,Under way using engine,2026-08-23 08:28:18,2026-08-23 00:28:18
130-39.530E,36-42.087N,130.658835,36.701448,014.2,33.1,33,0,Under way using engine,2026-08-23 08:28:36,2026-08-23 00:28:36
130-39.748E,36-42.339N,130.662467,36.705642,014.2,36.2,36,0,Under way using engine,2026-08-23 08:29:55,2026-08-23 00:29:55
130-39.803E,36-42.399N,130.663383,36.706657,014.2,36.1,37,0,Under way using engine,2026-08-23 08:30:13,2026-08-23 00:30:13
130-40.031E,36-42.643N,130.667178,36.71072,014.2,36.5,37,0,Under way using engine,2026-08-23 08:31:30,2026-08-23 00:31:30
130-40.083E,36-42.701N,130.668057,36.711675,014.2,36.3,37,0,Under way using engine,2026-08-23 08:31:48,2026-08-23 00:31:48
130-40.313E,36-42.945N,130.67188,36.715745,014.1,36.6,37,0,Under way using engine,2026-08-23 08:33:06,2026-08-23 00:33:06
130-40.365E,36-43.001N,130.672758,36.716685,014.1,36.9,38,0,Under way using engine,2026-08-23 08:33:25,2026-08-23 00:33:25
130-40.593E,36-43.248N,130.676555,36.720805,014.1,37.2,37,0,Under way using engine,2026-08-23 08:34:42,2026-08-23 00:34:42
130-40.647E,36-43.304N,130.677445,36.72174,014.1,37.2,37,0,Under way using engine,2026-08-23 08:35:00,2026-08-23 00:35:00
130-40.874E,36-43.551N,130.681227,36.725852,014.1,36.8,37,0,Under way using engine,2026-08-23 08:36:18,2026-08-23 00:36:18
130-40.926E,36-43.608N,130.6821,36.726807,014.1,36.5,37,0,Under way using engine,2026-08-23 08:36:36,2026-08-23 00:36:36
130-41.153E,36-43.857N,130.68589,36.730958,014.2,35.9,38,0,Under way using engine,2026-08-23 08:37:55,2026-08-23 00:37:55
130-41.204E,36-43.912N,130.68673,36.731862,014.2,36.7,38,0,Under way using engine,2026-08-23 08:38:12,2026-08-23 00:38:12
130-41.439E,36-44.162N,130.690658,36.736035,014.3,37,38,0,Under way using engine,2026-08-23 08:39:31,2026-08-23 00:39:31
130-41.494E,36-44.219N,130.691562,36.736987,014.3,37.3,38,0,Under way using engine,2026-08-23 08:39:49,2026-08-23 00:39:49
130-41.732E,36-44.470N,130.695532,36.741173,014.3,37.5,38,0,Under way using engine,2026-08-23 08:41:07,2026-08-23 00:41:07
130-41.784E,36-44.525N,130.696392,36.742088,014.4,37.4,38,0,Under way using engine,2026-08-23 08:41:25,2026-08-23 00:41:25
130-42.023E,36-44.776N,130.700387,36.746272,014.4,37.5,38,0,Under way using engine,2026-08-23 08:42:43,2026-08-23 00:42:43
130-42.075E,36-44.830N,130.701253,36.747168,014.4,37.4,38,0,Under way using engine,2026-08-23 08:43:00,2026-08-23 00:43:00
130-42.314E,36-45.084N,130.705225,36.751395,014.5,37.3,38,0,Under way using engine,2026-08-23 08:44:19,2026-08-23 00:44:19
130-42.365E,36-45.138N,130.706085,36.752307,014.5,37.3,38,0,Under way using engine,2026-08-23 08:44:37,2026-08-23 00:44:37
130-42.603E,36-45.389N,130.710045,36.756475,014.4,37.4,38,0,Under way using engine,2026-08-23 08:45:54,2026-08-23 00:45:54
130-42.657E,36-45.446N,130.710952,36.757438,014.4,37.4,38,0,Under way using engine,2026-08-23 08:46:12,2026-08-23 00:46:12
130-42.894E,36-45.695N,130.714897,36.761578,014.4,37.4,38,0,Under way using engine,2026-08-23 08:47:30,2026-08-23 00:47:30
130-42.948E,36-45.752N,130.715805,36.762525,014.4,37.6,38,0,Under way using engine,2026-08-23 08:47:48,2026-08-23 00:47:48
130-43.186E,36-46.001N,130.719773,36.766678,014.4,36.9,38,0,Under way using engine,2026-08-23 08:49:06,2026-08-23 00:49:06
130-43.242E,36-46.059N,130.720695,36.767645,014.4,37.7,38,0,Under way using engine,2026-08-23 08:49:24,2026-08-23 00:49:24
130-43.477E,36-46.308N,130.724623,36.771793,014.4,37.5,38,0,Under way using engine,2026-08-23 08:50:42,2026-08-23 00:50:42
130-43.532E,36-46.365N,130.725532,36.772745,014.4,37.7,38,0,Under way using engine,2026-08-23 08:51:00,2026-08-23 00:51:00
130-43.770E,36-46.613N,130.729492,36.776887,014.4,37.9,38,0,Under way using engine,2026-08-23 08:52:18,2026-08-23 00:52:18
130-43.825E,36-46.671N,130.730413,36.77785,014.4,38,38,0,Under way using engine,2026-08-23 08:52:36,2026-08-23 00:52:36
130-44.065E,36-46.920N,130.734423,36.781997,014.5,38.1,38,0,Under way using engine,2026-08-23 08:53:54,2026-08-23 00:53:54
130-44.121E,36-46.977N,130.73535,36.782952,014.5,37.6,38,0,Under way using engine,2026-08-23 08:54:12,2026-08-23 00:54:12
130-44.361E,36-47.227N,130.739358,36.78712,014.5,38.3,38,0,Under way using engine,2026-08-23 08:55:30,2026-08-23 00:55:30
130-44.417E,36-47.285N,130.740287,36.788077,014.5,37.7,38,0,Under way using engine,2026-08-23 08:55:48,2026-08-23 00:55:48
130-44.660E,36-47.538N,130.744335,36.7923,014.5,37.4,38,0,Under way using engine,2026-08-23 08:57:06,2026-08-23 00:57:06
130-44.715E,36-47.595N,130.745257,36.793258,014.5,37.7,38,0,Under way using engine,2026-08-23 08:57:25,2026-08-23 00:57:25
130-44.955E,36-47.840N,130.749245,36.79734,014.5,37.7,38,0,Under way using engine,2026-08-23 08:58:42,2026-08-23 00:58:42
130-45.010E,36-47.898N,130.750172,36.798308,014.5,37.6,38,0,Under way using engine,2026-08-23 08:59:00,2026-08-23 00:59:00
130-45.247E,36-48.144N,130.754115,36.802403,014.4,37.1,38,0,Under way using engine,2026-08-23 09:00:18,2026-08-23 01:00:18
130-45.305E,36-48.205N,130.755088,36.80341,014.4,38,38,0,Under way using engine,2026-08-23 09:00:36,2026-08-23 01:00:36
130-45.546E,36-48.454N,130.759097,36.807567,014.5,38.3,38,0,Under way using engine,2026-08-23 09:01:54,2026-08-23 01:01:54
130-45.601E,36-48.511N,130.76002,36.808522,014.4,38.1,38,0,Under way using engine,2026-08-23 09:02:12,2026-08-23 01:02:12
130-45.839E,36-48.758N,130.763988,36.812635,014.4,37.6,38,0,Under way using engine,2026-08-23 09:03:30,2026-08-23 01:03:30
130-45.894E,36-48.815N,130.764902,36.813585,014.4,38,38,0,Under way using engine,2026-08-23 09:03:48,2026-08-23 01:03:48
130-46.133E,36-49.064N,130.768888,36.817728,014.5,37.8,39,0,Under way using engine,2026-08-23 09:05:06,2026-08-23 01:05:06
130-46.189E,36-49.121N,130.769823,36.818683,014.5,37.7,38,0,Under way using engine,2026-08-23 09:05:24,2026-08-23 01:05:24
130-46.429E,36-49.368N,130.77381,36.822792,014.4,38,38,0,Under way using engine,2026-08-23 09:06:43,2026-08-23 01:06:43
130-46.484E,36-49.425N,130.774728,36.823752,014.4,37.3,38,0,Under way using engine,2026-08-23 09:07:00,2026-08-23 01:07:00
130-46.723E,36-49.674N,130.778718,36.827903,014.5,37.6,38,0,Under way using engine,2026-08-23 09:08:18,2026-08-23 01:08:18
130-46.779E,36-49.732N,130.779648,36.82886,014.5,38.3,38,0,Under way using engine,2026-08-23 09:08:36,2026-08-23 01:08:36
130-47.019E,36-49.982N,130.783658,36.833032,014.6,37.5,38,0,Under way using engine,2026-08-23 09:09:55,2026-08-23 01:09:55
130-47.075E,36-50.040N,130.784582,36.833995,014.6,37.1,38,0,Under way using engine,2026-08-23 09:10:13,2026-08-23 01:10:13
130-47.316E,36-50.292N,130.788607,36.838197,014.6,37.5,38,0,Under way using engine,2026-08-23 09:11:30,2026-08-23 01:11:30
130-47.372E,36-50.350N,130.78954,36.839167,014.6,37.5,38,0,Under way using engine,2026-08-23 09:11:49,2026-08-23 01:11:49
130-47.617E,36-50.602N,130.793613,36.843368,014.7,38.1,38,0,Under way using engine,2026-08-23 09:13:06,2026-08-23 01:13:06
130-47.674E,36-50.660N,130.794567,36.844338,014.7,37.7,38,0,Under way using engine,2026-08-23 09:13:24,2026-08-23 01:13:24
130-47.920E,36-50.913N,130.79867,36.848557,014.9,38.3,38,0,Under way using engine,2026-08-23 09:14:42,2026-08-23 01:14:42
130-47.981E,36-50.975N,130.799678,36.849587,014.9,37.4,38,0,Under way using engine,2026-08-23 09:15:01,2026-08-23 01:15:01
130-48.230E,36-51.229N,130.803838,36.853817,015.2,38.6,38,0,Under way using engine,2026-08-23 09:16:18,2026-08-23 01:16:18
130-48.289E,36-51.289N,130.804823,36.854815,015.2,38.5,38,0,Under way using engine,2026-08-23 09:16:36,2026-08-23 01:16:36
130-48.527E,36-51.529N,130.808782,36.858818,015.3,38.3,38,0,Under way using engine,2026-08-23 09:17:48,2026-08-23 01:17:48
130-48.590E,36-51.592N,130.809832,36.859872,015.3,38.1,38,0,Under way using engine,2026-08-23 09:18:07,2026-08-23 01:18:07
130-48.827E,36-51.828N,130.813782,36.863793,015.4,38.3,38,0,Under way using engine,2026-08-23 09:19:18,2026-08-23 01:19:18
130-48.910E,36-51.911N,130.815162,36.865188,015.4,38.4,38,0,Under way using engine,2026-08-23 09:19:43,2026-08-23 01:19:43
130-49.126E,36-52.131N,130.818773,36.868845,015.4,38.3,38,0,Under way using engine,2026-08-23 09:20:48,2026-08-23 01:20:48
130-49.207E,36-52.212N,130.820115,36.870192,015.3,39,38,0,Under way using engine,2026-08-23 09:21:12,2026-08-23 01:21:12
130-49.425E,36-52.433N,130.823748,36.87388,015.4,38.2,38,0,Under way using engine,2026-08-23 09:22:19,2026-08-23 01:22:19
130-49.509E,36-52.517N,130.825152,36.875277,015.4,39,38,0,Under way using engine,2026-08-23 09:22:43,2026-08-23 01:22:43
130-49.727E,36-52.735N,130.82878,36.878923,015.4,38.7,38,0,Under way using engine,2026-08-23 09:23:49,2026-08-23 01:23:49
130-49.832E,36-52.838N,130.830528,36.880638,015.4,39.2,38,0,Under way using engine,2026-08-23 09:24:19,2026-08-23 01:24:19
130-50.029E,36-53.035N,130.833818,36.88392,015.4,39.1,38,0,Under way using engine,2026-08-23 09:25:19,2026-08-23 01:25:19
130-50.152E,36-53.159N,130.835867,36.885977,015.4,38.6,38,0,Under way using engine,2026-08-23 09:25:54,2026-08-23 01:25:54
130-50.329E,36-53.336N,130.838818,36.88893,015.4,38.5,38,0,Under way using engine,2026-08-23 09:26:48,2026-08-23 01:26:48
130-50.468E,36-53.472N,130.841125,36.891198,015.3,39,38,0,Under way using engine,2026-08-23 09:27:30,2026-08-23 01:27:30
130-50.634E,36-53.639N,130.8439,36.893975,015.4,38.9,38,0,Under way using engine,2026-08-23 09:28:19,2026-08-23 01:28:19
130-50.769E,36-53.771N,130.84615,36.896178,015.3,39.1,38,0,Under way using engine,2026-08-23 09:29:00,2026-08-23 01:29:00
130-50.935E,36-53.933N,130.848917,36.89888,015.3,39.6,38,0,Under way using engine,2026-08-23 09:29:48,2026-08-23 01:29:48
130-51.073E,36-54.069N,130.851217,36.901142,015.4,39.1,38,0,Under way using engine,2026-08-23 09:30:30,2026-08-23 01:30:30
130-51.243E,36-54.234N,130.854042,36.903893,015.3,39.5,38,0,Under way using engine,2026-08-23 09:31:19,2026-08-23 01:31:19
130-51.381E,36-54.370N,130.856352,36.906172,015.3,39.1,38,0,Under way using engine,2026-08-23 09:32:00,2026-08-23 01:32:00
130-51.544E,36-54.529N,130.859068,36.908812,015.4,39.2,38,0,Under way using engine,2026-08-23 09:32:48,2026-08-23 01:32:48
130-51.684E,36-54.668N,130.861408,36.911125,015.3,39.3,38,0,Under way using engine,2026-08-23 09:33:30,2026-08-23 01:33:30
130-51.845E,36-54.827N,130.864087,36.91378,015.3,39.4,38,0,Under way using engine,2026-08-23 09:34:19,2026-08-23 01:34:19
130-51.989E,36-54.970N,130.866482,36.91616,015.3,38.7,38,0,Under way using engine,2026-08-23 09:35:01,2026-08-23 01:35:01
130-52.168E,36-55.145N,130.86946,36.91909,015.3,38.8,38,0,Under way using engine,2026-08-23 09:35:54,2026-08-23 01:35:54
130-52.308E,36-55.285N,130.871798,36.92142,015.3,39.5,38,0,Under way using engine,2026-08-23 09:36:36,2026-08-23 01:36:36
130-52.468E,36-55.446N,130.874462,36.9241,015.3,39.4,39,0,Under way using engine,2026-08-23 09:37:24,2026-08-23 01:37:24
130-52.617E,36-55.587N,130.876947,36.926445,015.4,40.7,40,0,Under way using engine,2026-08-23 09:38:07,2026-08-23 01:38:07
130-52.782E,36-55.739N,130.879695,36.928985,015.4,40.9,40,0,Under way using engine,2026-08-23 09:38:54,2026-08-23 01:38:54
130-52.933E,36-55.878N,130.88221,36.931293,015.3,41.5,40,0,Under way using engine,2026-08-23 09:39:36,2026-08-23 01:39:36
130-53.097E,36-56.028N,130.884947,36.933808,015.4,41.2,40,0,Under way using engine,2026-08-23 09:40:24,2026-08-23 01:40:24
130-53.249E,36-56.167N,130.88749,36.936113,015.3,41.6,40,0,Under way using engine,2026-08-23 09:41:07,2026-08-23 01:41:07
130-53.415E,36-56.319N,130.890258,36.938642,015.4,41.6,40,0,Under way using engine,2026-08-23 09:41:55,2026-08-23 01:41:55
130-53.564E,36-56.454N,130.892738,36.940897,015.5,41.4,40,0,Under way using engine,2026-08-23 09:42:36,2026-08-23 01:42:36
130-53.740E,36-56.612N,130.89566,36.943537,015.6,40.9,40,0,Under way using engine,2026-08-23 09:43:25,2026-08-23 01:43:25
130-53.866E,36-56.726N,130.897768,36.94544,015.6,41.9,40,0,Under way using engine,2026-08-23 09:44:00,2026-08-23 01:44:00
130-54.059E,36-56.902N,130.90099,36.948372,015.6,41.4,40,0,Under way using engine,2026-08-23 09:44:54,2026-08-23 01:44:54
130-54.168E,36-57.000N,130.902792,36.949992,015.5,41.4,39,0,Under way using engine,2026-08-23 09:45:25,2026-08-23 01:45:25
130-54.360E,36-57.181N,130.906008,36.953012,015.6,40,38,0,Under way using engine,2026-08-23 09:46:18,2026-08-23 01:46:18
130-54.482E,36-57.297N,130.908027,36.954952,015.5,39.7,38,0,Under way using engine,2026-08-23 09:46:54,2026-08-23 01:46:54
130-54.667E,36-57.480N,130.911115,36.957992,015.6,39,38,0,Under way using engine,2026-08-23 09:47:48,2026-08-23 01:47:48
130-54.795E,36-57.605N,130.913243,36.960075,015.6,39.4,38,0,Under way using engine,2026-08-23 09:48:25,2026-08-23 01:48:25
130-54.978E,36-57.784N,130.916295,36.96307,015.7,39.3,38,0,Under way using engine,2026-08-23 09:49:18,2026-08-23 01:49:18
130-55.100E,36-57.907N,130.918335,36.96512,015.7,38.4,37,0,Under way using engine,2026-08-23 09:49:54,2026-08-23 01:49:54
130-55.284E,36-58.092N,130.921392,36.968193,015.7,38.7,37,0,Under way using engine,2026-08-23 09:50:49,2026-08-23 01:50:49
130-55.405E,36-58.214N,130.923422,36.97024,015.7,38.1,37,0,Under way using engine,2026-08-23 09:51:24,2026-08-23 01:51:24
130-55.592E,36-58.403N,130.926525,36.973375,015.7,38.5,37,0,Under way using engine,2026-08-23 09:52:19,2026-08-23 01:52:19
130-55.709E,36-58.523N,130.92849,36.975375,015.7,38.1,37,0,Under way using engine,2026-08-23 09:52:54,2026-08-23 01:52:54
130-55.893E,36-58.707N,130.931545,36.978455,015.7,37.9,37,0,Under way using engine,2026-08-23 09:53:49,2026-08-23 01:53:49
130-56.015E,36-58.831N,130.933577,36.98052,015.7,38.6,37,0,Under way using engine,2026-08-23 09:54:24,2026-08-23 01:54:24
130-56.198E,36-59.016N,130.93663,36.983603,015.7,38.4,37,0,Under way using engine,2026-08-23 09:55:18,2026-08-23 01:55:18
130-56.321E,36-59.139N,130.938688,36.985652,015.7,38.5,37,0,Under way using engine,2026-08-23 09:55:54,2026-08-23 01:55:54
130-56.507E,36-59.324N,130.94178,36.988725,015.8,38.7,37,0,Under way using engine,2026-08-23 09:56:48,2026-08-23 01:56:48
130-56.628E,36-59.447N,130.943808,36.990777,015.8,38.4,37,0,Under way using engine,2026-08-23 09:57:24,2026-08-23 01:57:24
130-56.817E,36-59.635N,130.946955,36.993922,015.8,38.6,37,0,Under way using engine,2026-08-23 09:58:18,2026-08-23 01:58:18
130-56.939E,36-59.755N,130.948985,36.995922,015.8,39.1,37,0,Under way using engine,2026-08-23 09:58:54,2026-08-23 01:58:54
130-57.123E,36-59.942N,130.952055,36.999035,015.8,38.9,37,0,Under way using engine,2026-08-23 09:59:48,2026-08-23 01:59:48
130-57.250E,37-0.069N,130.95416,37.001157,015.8,38,37,0,Under way using engine,2026-08-23 10:00:25,2026-08-23 02:00:25
130-57.432E,37-0.250N,130.957208,37.004173,015.8,38.5,37,0,Under way using engine,2026-08-23 10:01:18,2026-08-23 02:01:18
130-57.555E,37-0.375N,130.959245,37.00625,015.8,38.6,37,0,Under way using engine,2026-08-23 10:01:54,2026-08-23 02:01:54
130-57.736E,37-0.557N,130.96226,37.009288,015.7,38.3,37,0,Under way using engine,2026-08-23 10:02:48,2026-08-23 02:02:48
130-57.866E,37-0.687N,130.964437,37.011458,015.7,38.7,37,0,Under way using engine,2026-08-23 10:03:25,2026-08-23 02:03:25
130-58.047E,37-0.870N,130.967448,37.014508,015.8,38,37,0,Under way using engine,2026-08-23 10:04:19,2026-08-23 02:04:19
130-58.173E,37-0.998N,130.969548,37.016633,015.7,38.1,37,0,Under way using engine,2026-08-23 10:04:54,2026-08-23 02:04:54
130-58.353E,37-1.181N,130.972555,37.019688,015.8,38.4,37,0,Under way using engine,2026-08-23 10:05:48,2026-08-23 02:05:48
130-58.477E,37-1.305N,130.974615,37.021757,015.8,38.3,37,0,Under way using engine,2026-08-23 10:06:24,2026-08-23 02:06:24
130-58.664E,37-1.496N,130.97774,37.024932,015.8,38.2,37,0,Under way using engine,2026-08-23 10:07:19,2026-08-23 02:07:19
130-58.781E,37-1.614N,130.979688,37.026892,015.9,38.9,37,0,Under way using engine,2026-08-23 10:07:54,2026-08-23 02:07:54
130-58.971E,37-1.802N,130.982847,37.030033,015.9,38.5,37,0,Under way using engine,2026-08-23 10:08:48,2026-08-23 02:08:48
130-59.095E,37-1.926N,130.984912,37.032103,015.8,38.7,37,0,Under way using engine,2026-08-23 10:09:25,2026-08-23 02:09:25
130-59.280E,37-2.113N,130.988005,37.035223,015.9,38.2,37,0,Under way using engine,2026-08-23 10:10:18,2026-08-23 02:10:18
130-59.404E,37-2.238N,130.990067,37.037298,015.9,38.5,37,0,Under way using engine,2026-08-23 10:10:54,2026-08-23 02:10:54
130-59.592E,37-2.429N,130.993202,37.040485,015.9,38.5,37,0,Under way using engine,2026-08-23 10:11:48,2026-08-23 02:11:48
130-59.717E,37-2.555N,130.995283,37.04258,015.9,38.4,37,0,Under way using engine,2026-08-23 10:12:25,2026-08-23 02:12:25
130-59.899E,37-2.739N,130.99832,37.045652,015.9,38.7,37,0,Under way using engine,2026-08-23 10:13:18,2026-08-23 02:13:18
131-0.024E,37-2.864N,131.000392,37.047737,015.9,38.8,37,0,Under way using engine,2026-08-23 10:13:54,2026-08-23 02:13:54
131-0.211E,37-3.052N,131.003523,37.050865,016.0,38.9,37,0,Under way using engine,2026-08-23 10:14:48,2026-08-23 02:14:48
131-0.340E,37-3.180N,131.005667,37.052998,015.9,38.3,37,0,Under way using engine,2026-08-23 10:15:25,2026-08-23 02:15:25
131-0.520E,37-3.361N,131.008665,37.056013,015.9,38.4,37,0,Under way using engine,2026-08-23 10:16:18,2026-08-23 02:16:18
131-0.648E,37-3.489N,131.010798,37.058153,015.9,39,37,0,Under way using engine,2026-08-23 10:16:55,2026-08-23 02:16:55
131-0.839E,37-3.680N,131.013985,37.061332,015.9,38.7,37,0,Under way using engine,2026-08-23 10:17:49,2026-08-23 02:17:49
131-0.963E,37-3.805N,131.016058,37.063417,015.9,38.4,37,0,Under way using engine,2026-08-23 10:18:25,2026-08-23 02:18:25
131-1.147E,37-3.989N,131.019112,37.066483,015.9,38.6,37,0,Under way using engine,2026-08-23 10:19:18,2026-08-23 02:19:18
131-1.267E,37-4.110N,131.021113,37.068505,015.9,38.7,37,0,Under way using engine,2026-08-23 10:19:54,2026-08-23 02:19:54
131-1.461E,37-4.304N,131.024348,37.07173,015.9,38.5,37,0,Under way using engine,2026-08-23 10:20:49,2026-08-23 02:20:49
131-1.584E,37-4.425N,131.026392,37.07375,016.0,38.9,37,0,Under way using engine,2026-08-23 10:21:25,2026-08-23 02:21:25
131-1.773E,37-4.611N,131.029548,37.076858,015.9,38.8,37,0,Under way using engine,2026-08-23 10:22:18,2026-08-23 02:22:18
131-1.895E,37-4.733N,131.031582,37.078882,015.9,38.8,37,0,Under way using engine,2026-08-23 10:22:54,2026-08-23 02:22:54
131-2.090E,37-4.926N,131.03483,37.082107,015.9,39.1,37,0,Under way using engine,2026-08-23 10:23:49,2026-08-23 02:23:49
131-2.211E,37-5.046N,131.036848,37.084105,015.9,38.5,37,0,Under way using engine,2026-08-23 10:24:24,2026-08-23 02:24:24
131-2.401E,37-5.238N,131.040017,37.087295,015.9,38.8,37,0,Under way using engine,2026-08-23 10:25:18,2026-08-23 02:25:18
131-2.522E,37-5.359N,131.042027,37.089318,015.9,38.4,37,0,Under way using engine,2026-08-23 10:25:54,2026-08-23 02:25:54
131-2.731E,37-5.566N,131.045515,37.092768,015.9,38.8,37,0,Under way using engine,2026-08-23 10:26:54,2026-08-23 02:26:54
131-2.834E,37-5.670N,131.047237,37.094503,015.9,38.7,37,0,Under way using engine,2026-08-23 10:27:24,2026-08-23 02:27:24
131-3.042E,37-5.877N,131.050705,37.097942,015.9,38.6,37,0,Under way using engine,2026-08-23 10:28:24,2026-08-23 02:28:24
131-3.147E,37-5.980N,131.05245,37.09967,015.9,39.3,37,0,Under way using engine,2026-08-23 10:28:54,2026-08-23 02:28:54
131-3.354E,37-6.186N,131.055902,37.1031,015.9,39,37,0,Under way using engine,2026-08-23 10:29:54,2026-08-23 02:29:54
131-3.461E,37-6.292N,131.057683,37.104873,015.8,38.7,37,0,Under way using engine,2026-08-23 10:30:24,2026-08-23 02:30:24
131-3.665E,37-6.495N,131.061083,37.108253,015.8,39,37,0,Under way using engine,2026-08-23 10:31:24,2026-08-23 02:31:24
131-3.768E,37-6.598N,131.062802,37.109968,015.9,38.6,37,0,Under way using engine,2026-08-23 10:31:54,2026-08-23 02:31:54
131-3.978E,37-6.805N,131.066293,37.113417,015.8,38.7,37,0,Under way using engine,2026-08-23 10:32:54,2026-08-23 02:32:54
131-4.082E,37-6.908N,131.068033,37.115133,015.8,39.1,37,0,Under way using engine,2026-08-23 10:33:24,2026-08-23 02:33:24
131-4.312E,37-7.135N,131.071865,37.118912,015.8,38.4,37,0,Under way using engine,2026-08-23 10:34:31,2026-08-23 02:34:31
131-4.394E,37-7.218N,131.073238,37.120303,015.9,38.8,37,0,Under way using engine,2026-08-23 10:34:54,2026-08-23 02:34:54
131-4.626E,37-7.448N,131.077093,37.124128,015.9,38.8,37,0,Under way using engine,2026-08-23 10:36:01,2026-08-23 02:36:01
131-4.706E,37-7.527N,131.078432,37.12545,015.9,38.8,37,0,Under way using engine,2026-08-23 10:36:24,2026-08-23 02:36:24
131-4.938E,37-7.759N,131.082292,37.129313,015.9,38.9,37,0,Under way using engine,2026-08-23 10:37:30,2026-08-23 02:37:30
131-5.018E,37-7.838N,131.083638,37.13063,015.8,39.1,37,0,Under way using engine,2026-08-23 10:37:54,2026-08-23 02:37:54
131-5.252E,37-8.069N,131.087532,37.134482,015.9,38.5,37,0,Under way using engine,2026-08-23 10:39:01,2026-08-23 02:39:01
131-5.331E,37-8.149N,131.088852,37.135813,016.0,38,37,0,Under way using engine,2026-08-23 10:39:24,2026-08-23 02:39:24
131-5.562E,37-8.383N,131.092708,37.139722,015.9,38.5,37,0,Under way using engine,2026-08-23 10:40:31,2026-08-23 02:40:31
131-5.643E,37-8.463N,131.094043,37.14105,015.9,38.9,37,0,Under way using engine,2026-08-23 10:40:54,2026-08-23 02:40:54
131-5.868E,37-8.688N,131.097803,37.144805,015.9,39,38,0,Under way using engine,2026-08-23 10:42:00,2026-08-23 02:42:00
131-5.959E,37-8.777N,131.099323,37.146287,015.9,39.5,38,0,Under way using engine,2026-08-23 10:42:25,2026-08-23 02:42:25
131-6.232E,37-9.041N,131.103873,37.150685,016.0,40.4,39,0,Under way using engine,2026-08-23 10:43:43,2026-08-23 02:43:43
131-6.279E,37-9.085N,131.104653,37.151418,015.9,40.6,39,0,Under way using engine,2026-08-23 10:43:55,2026-08-23 02:43:55
131-6.536E,37-9.325N,131.108927,37.155422,016.0,40.8,40,0,Under way using engine,2026-08-23 10:45:06,2026-08-23 02:45:06
131-6.601E,37-9.385N,131.11002,37.156423,015.9,41,39,0,Under way using engine,2026-08-23 10:45:24,2026-08-23 02:45:24
131-6.840E,37-9.607N,131.113993,37.160123,015.9,40.9,39,0,Under way using engine,2026-08-23 10:46:31,2026-08-23 02:46:31
131-6.905E,37-9.668N,131.115083,37.161125,015.9,41,39,0,Under way using engine,2026-08-23 10:46:48,2026-08-23 02:46:48
131-7.144E,37-9.888N,131.119072,37.164807,015.9,40.8,39,0,Under way using engine,2026-08-23 10:47:55,2026-08-23 02:47:55
131-7.209E,37-9.949N,131.120152,37.165817,015.9,40.5,39,0,Under way using engine,2026-08-23 10:48:12,2026-08-23 02:48:12
131-7.448E,37-10.171N,131.124128,37.169513,015.9,40.4,39,0,Under way using engine,2026-08-23 10:49:18,2026-08-23 02:49:18
131-7.516E,37-10.235N,131.125267,37.170582,015.9,40.4,39,0,Under way using engine,2026-08-23 10:49:37,2026-08-23 02:49:37
131-7.750E,37-10.454N,131.12917,37.174232,015.9,40.3,39,0,Under way using engine,2026-08-23 10:50:42,2026-08-23 02:50:42
131-7.819E,37-10.518N,131.13031,37.175298,015.9,40.6,39,0,Under way using engine,2026-08-23 10:51:01,2026-08-23 02:51:01
131-8.053E,37-10.736N,131.134222,37.178925,015.9,40.3,39,0,Under way using engine,2026-08-23 10:52:06,2026-08-23 02:52:06
131-8.123E,37-10.800N,131.135377,37.179997,015.9,40.8,39,0,Under way using engine,2026-08-23 10:52:25,2026-08-23 02:52:25
131-8.354E,37-11.016N,131.13923,37.183598,015.9,40.4,39,0,Under way using engine,2026-08-23 10:53:30,2026-08-23 02:53:30
131-8.467E,37-11.125N,131.141123,37.185415,015.9,39.8,38,0,Under way using engine,2026-08-23 10:54:01,2026-08-23 02:54:01
131-8.657E,37-11.306N,131.144288,37.188435,015.9,39.9,38,0,Under way using engine,2026-08-23 10:54:54,2026-08-23 02:54:54
131-8.779E,37-11.427N,131.146322,37.190443,015.9,38.3,36,0,Under way using engine,2026-08-23 10:55:30,2026-08-23 02:55:30
131-8.968E,37-11.619N,131.14946,37.193642,015.9,38.2,36,0,Under way using engine,2026-08-23 10:56:24,2026-08-23 02:56:24
131-9.090E,37-11.745N,131.151503,37.195757,015.9,37.2,36,0,Under way using engine,2026-08-23 10:57:01,2026-08-23 02:57:01
131-9.273E,37-11.935N,131.154557,37.198922,015.9,37.7,36,0,Under way using engine,2026-08-23 10:57:54,2026-08-23 02:57:54
131-9.391E,37-12.058N,131.156513,37.20097,015.9,37.5,36,0,Under way using engine,2026-08-23 10:58:30,2026-08-23 02:58:30
131-9.577E,37-12.252N,131.159615,37.204202,015.9,37.9,36,0,Under way using engine,2026-08-23 10:59:24,2026-08-23 02:59:24
131-9.699E,37-12.378N,131.161655,37.206303,015.9,37.2,36,0,Under way using engine,2026-08-23 11:00:00,2026-08-23 03:00:00
131-9.881E,37-12.568N,131.164683,37.209462,015.9,37.8,36,0,Under way using engine,2026-08-23 11:00:54,2026-08-23 03:00:54
131-10.002E,37-12.695N,131.166707,37.211577,015.9,37.5,36,0,Under way using engine,2026-08-23 11:01:30,2026-08-23 03:01:30
131-10.186E,37-12.884N,131.169772,37.21473,015.9,37.6,36,0,Under way using engine,2026-08-23 11:02:25,2026-08-23 03:02:25
131-10.310E,37-13.010N,131.171838,37.216832,015.9,38.3,36,0,Under way using engine,2026-08-23 11:03:00,2026-08-23 03:03:00
131-10.495E,37-13.201N,131.174917,37.220022,016.0,37.8,36,0,Under way using engine,2026-08-23 11:03:54,2026-08-23 03:03:54
131-10.601E,37-13.310N,131.17668,37.221832,016.0,37.9,36,0,Under way using engine,2026-08-23 11:04:25,2026-08-23 03:04:25
131-10.804E,37-13.516N,131.180073,37.225268,016.0,38.3,36,0,Under way using engine,2026-08-23 11:05:25,2026-08-23 03:05:25
131-10.912E,37-13.625N,131.181867,37.22708,016.0,38,36,0,Under way using engine,2026-08-23 11:05:54,2026-08-23 03:05:54
131-11.114E,37-13.831N,131.185238,37.230522,016.0,38.4,36,0,Under way using engine,2026-08-23 11:06:54,2026-08-23 03:06:54
131-11.215E,37-13.933N,131.186913,37.232222,016.0,38.3,36,0,Under way using engine,2026-08-23 11:07:24,2026-08-23 03:07:24
131-11.426E,37-14.147N,131.19043,37.235785,016.0,38.3,36,0,Under way using engine,2026-08-23 11:08:24,2026-08-23 03:08:24
131-11.531E,37-14.251N,131.192177,37.237515,015.9,38.8,36,0,Under way using engine,2026-08-23 11:08:54,2026-08-23 03:08:54
131-11.736E,37-14.462N,131.195607,37.24103,016.0,38,35,0,Under way using engine,2026-08-23 11:09:54,2026-08-23 03:09:54
131-11.838E,37-14.568N,131.197307,37.242792,016.0,37.1,35,0,Under way using engine,2026-08-23 11:10:24,2026-08-23 03:10:24
131-12.033E,37-14.769N,131.200542,37.246142,014.0,37.9,35,0,Under way using engine,2026-08-23 11:11:24,2026-08-23 03:11:24
131-12.137E,37-14.876N,131.202283,37.247925,013.0,37.7,35,0,Under way using engine,2026-08-23 11:12:00,2026-08-23 03:12:00
131-12.326E,37-15.070N,131.205435,37.251173,011.7,38.4,35,0,Under way using engine,2026-08-23 11:13:13,2026-08-23 03:13:13
131-12.431E,37-15.181N,131.207187,37.253018,012.3,39.1,41,12,Under way using engine,2026-08-23 11:13:54,2026-08-23 03:13:54
131-12.634E,37-15.344N,131.21056,37.255732,011.9,49.4,51,0,Under way using engine,2026-08-23 11:15:01,2026-08-23 03:15:01
131-12.762E,37-15.424N,131.212703,37.257068,011.6,53.4,55,0,Under way using engine,2026-08-23 11:15:41,2026-08-23 03:15:41
131-12.962E,37-15.525N,131.21603,37.258753,011.0,59.9,59,0,Under way using engine,2026-08-23 11:16:41,2026-08-23 03:16:41
131-13.095E,37-15.586N,131.218245,37.259762,010.9,61.2,60,0,Under way using engine,2026-08-23 11:17:22,2026-08-23 03:17:22
131-13.297E,37-15.673N,131.221613,37.261217,010.7,62.3,60,0,Under way using engine,2026-08-23 11:18:22,2026-08-23 03:18:22
131-13.455E,37-15.738N,131.22425,37.262302,010.5,62.4,60,0,Under way using engine,2026-08-23 11:19:11,2026-08-23 03:19:11
131-13.620E,37-15.806N,131.227003,37.263425,010.4,62.9,60,0,Under way using engine,2026-08-23 11:20:01,2026-08-23 03:20:01
131-13.780E,37-15.871N,131.229665,37.264517,010.4,63.7,61,0,Under way using engine,2026-08-23 11:20:51,2026-08-23 03:20:51
131-13.946E,37-15.937N,131.232437,37.26562,010.4,63.4,60,0,Under way using engine,2026-08-23 11:21:41,2026-08-23 03:21:41
131-14.105E,37-16.001N,131.235085,37.266685,010.5,65,60,0,Under way using engine,2026-08-23 11:22:30,2026-08-23 03:22:30
131-14.286E,37-16.075N,131.238103,37.267915,011.8,64.4,61,0,Under way using engine,2026-08-23 11:23:22,2026-08-23 03:23:22
131-14.435E,37-16.134N,131.240587,37.268902,012.6,65.2,60,0,Under way using engine,2026-08-23 11:24:01,2026-08-23 03:24:01
131-14.594E,37-16.200N,131.243238,37.269998,012.9,62.3,61,0,Under way using engine,2026-08-23 11:24:41,2026-08-23 03:24:41
131-14.753E,37-16.262N,131.245878,37.271025,013.0,63.7,60,0,Under way using engine,2026-08-23 11:25:20,2026-08-23 03:25:20
131-14.917E,37-16.330N,131.248622,37.27216,013.0,62.4,60,0,Under way using engine,2026-08-23 11:26:01,2026-08-23 03:26:01
131-15.075E,37-16.393N,131.25125,37.27322,013.0,63,60,0,Under way using engine,2026-08-23 11:26:40,2026-08-23 03:26:40
131-15.237E,37-16.460N,131.25395,37.274335,013.0,61.8,60,0,Under way using engine,2026-08-23 11:27:20,2026-08-23 03:27:20
131-15.443E,37-16.545N,131.257375,37.275753,013.0,62.5,60,0,Under way using engine,2026-08-23 11:28:11,2026-08-23 03:28:11
131-15.561E,37-16.594N,131.259342,37.276568,013.0,62.1,60,0,Under way using engine,2026-08-23 11:28:40,2026-08-23 03:28:40
131-15.810E,37-16.698N,131.263495,37.278295,013.1,62.5,60,0,Under way using engine,2026-08-23 11:29:41,2026-08-23 03:29:41
131-15.888E,37-16.730N,131.264792,37.278825,013.1,62.9,60,0,Under way using engine,2026-08-23 11:30:01,2026-08-23 03:30:01
131-16.133E,37-16.830N,131.268882,37.280502,013.4,63.2,60,0,Under way using engine,2026-08-23 11:31:02,2026-08-23 03:31:02
131-16.221E,37-16.867N,131.27035,37.281117,013.5,61.9,60,0,Under way using engine,2026-08-23 11:31:22,2026-08-23 03:31:22
131-16.470E,37-16.971N,131.274508,37.28285,013.8,63,60,0,Under way using engine,2026-08-23 11:32:22,2026-08-23 03:32:22
131-16.557E,37-17.006N,131.275952,37.283437,014.0,62.2,60,0,Under way using engine,2026-08-23 11:32:42,2026-08-23 03:32:42
131-16.772E,37-17.096N,131.27954,37.284927,014.4,62.3,60,0,Under way using engine,2026-08-23 11:33:30,2026-08-23 03:33:30
131-16.880E,37-17.140N,131.281337,37.285663,014.6,62.9,60,0,Under way using engine,2026-08-23 11:33:54,2026-08-23 03:33:54
131-17.121E,37-17.239N,131.285357,37.287318,014.7,62.4,60,0,Under way using engine,2026-08-23 11:34:47,2026-08-23 03:34:47
131-17.181E,37-17.264N,131.286342,37.28774,014.7,62.8,60,0,Under way using engine,2026-08-23 11:35:00,2026-08-23 03:35:00
131-17.424E,37-17.366N,131.290397,37.289428,014.9,62.4,60,0,Under way using engine,2026-08-23 11:35:54,2026-08-23 03:35:54
131-17.507E,37-17.400N,131.29178,37.290005,014.9,62.2,60,0,Under way using engine,2026-08-23 11:36:11,2026-08-23 03:36:11
131-17.729E,37-17.492N,131.295487,37.29153,014.9,62.3,59,0,Under way using engine,2026-08-23 11:37:00,2026-08-23 03:37:00
131-17.840E,37-17.538N,131.29734,37.292295,014.9,62.6,59,0,Under way using engine,2026-08-23 11:37:23,2026-08-23 03:37:23
131-18.037E,37-17.622N,131.300612,37.293695,014.8,61.8,57,0,Under way using engine,2026-08-23 11:38:06,2026-08-23 03:38:06
131-18.145E,37-17.669N,131.302415,37.29448,014.8,60.3,56,0,Under way using engine,2026-08-23 11:38:30,2026-08-23 03:38:30
131-18.354E,37-17.768N,131.305898,37.296128,014.8,58.9,55,0,Under way using engine,2026-08-23 11:39:17,2026-08-23 03:39:17
131-18.464E,37-17.821N,131.30774,37.297012,014.8,59.1,55,0,Under way using engine,2026-08-23 11:39:41,2026-08-23 03:39:41
131-18.669E,37-17.920N,131.311153,37.298667,014.0,57.9,55,0,Under way using engine,2026-08-23 11:40:30,2026-08-23 03:40:30
131-18.765E,37-17.967N,131.312747,37.299443,014.0,58.3,55,0,Under way using engine,2026-08-23 11:40:54,2026-08-23 03:40:54
131-18.971E,37-18.068N,131.31618,37.30114,014.3,58.3,55,0,Under way using engine,2026-08-23 11:41:42,2026-08-23 03:41:42
131-19.075E,37-18.119N,131.31791,37.301982,014.5,59.2,55,0,Under way using engine,2026-08-23 11:42:06,2026-08-23 03:42:06
131-19.279E,37-18.219N,131.321317,37.303652,014.8,59.3,55,0,Under way using engine,2026-08-23 11:42:53,2026-08-23 03:42:53
131-19.390E,37-18.272N,131.323162,37.30454,014.9,58.3,55,0,Under way using engine,2026-08-23 11:43:17,2026-08-23 03:43:17
131-19.599E,37-18.374N,131.32665,37.306233,014.9,58.1,55,0,Under way using engine,2026-08-23 11:44:06,2026-08-23 03:44:06
131-19.706E,37-18.426N,131.32843,37.307107,015.0,58.6,55,0,Under way using engine,2026-08-23 11:44:30,2026-08-23 03:44:30
131-19.921E,37-18.530N,131.332015,37.308825,015.0,58.7,55,0,Under way using engine,2026-08-23 11:45:18,2026-08-23 03:45:18
131-20.028E,37-18.582N,131.333808,37.309702,015.1,58.8,55,0,Under way using engine,2026-08-23 11:45:41,2026-08-23 03:45:41
131-20.221E,37-18.674N,131.337015,37.311225,015.4,58.9,55,0,Under way using engine,2026-08-23 11:46:23,2026-08-23 03:46:23
131-20.338E,37-18.728N,131.338962,37.31214,015.6,59.1,55,0,Under way using engine,2026-08-23 11:46:48,2026-08-23 03:46:48
131-20.530E,37-18.822N,131.342167,37.313697,015.7,58.8,55,0,Under way using engine,2026-08-23 11:47:30,2026-08-23 03:47:30
131-20.643E,37-18.877N,131.344043,37.314612,015.8,58.6,55,0,Under way using engine,2026-08-23 11:47:53,2026-08-23 03:47:53
131-20.842E,37-18.973N,131.347363,37.316215,015.9,59.4,55,0,Under way using engine,2026-08-23 11:48:35,2026-08-23 03:48:35
131-20.957E,37-19.027N,131.349277,37.317122,015.9,59.1,55,0,Under way using engine,2026-08-23 11:48:59,2026-08-23 03:48:59
131-21.151E,37-19.121N,131.352517,37.318685,015.9,58.6,55,0,Under way using engine,2026-08-23 11:49:41,2026-08-23 03:49:41
131-21.274E,37-19.181N,131.354568,37.319675,015.9,59.3,55,0,Under way using engine,2026-08-23 11:50:06,2026-08-23 03:50:06
131-21.470E,37-19.273N,131.357835,37.32121,015.9,58.9,55,0,Under way using engine,2026-08-23 11:50:47,2026-08-23 03:50:47
131-21.584E,37-19.327N,131.359733,37.32212,015.9,58.8,55,0,Under way using engine,2026-08-23 11:51:12,2026-08-23 03:51:12
131-21.789E,37-19.427N,131.363148,37.323777,015.9,59.1,55,0,Under way using engine,2026-08-23 11:51:54,2026-08-23 03:51:54
131-21.899E,37-19.478N,131.36499,37.324635,015.9,59.5,55,0,Under way using engine,2026-08-23 11:52:17,2026-08-23 03:52:17
131-22.095E,37-19.570N,131.368255,37.326168,015.9,58.7,55,0,Under way using engine,2026-08-23 11:52:59,2026-08-23 03:52:59
131-22.219E,37-19.630N,131.37031,37.327162,015.9,59,55,0,Under way using engine,2026-08-23 11:53:23,2026-08-23 03:53:23
131-22.414E,37-19.722N,131.373572,37.328702,015.9,59,55,0,Under way using engine,2026-08-23 11:54:06,2026-08-23 03:54:06
131-22.529E,37-19.777N,131.375483,37.329615,015.9,58.6,55,0,Under way using engine,2026-08-23 11:54:30,2026-08-23 03:54:30
131-22.729E,37-19.873N,131.378817,37.331217,015.9,59.2,55,0,Under way using engine,2026-08-23 11:55:11,2026-08-23 03:55:11
131-22.843E,37-19.927N,131.38072,37.33212,015.9,58.7,55,0,Under way using engine,2026-08-23 11:55:35,2026-08-23 03:55:35
131-23.043E,37-20.023N,131.384045,37.333715,015.9,59.3,55,0,Under way using engine,2026-08-23 11:56:17,2026-08-23 03:56:17
131-23.162E,37-20.080N,131.38603,37.334668,015.9,58.6,55,0,Under way using engine,2026-08-23 11:56:42,2026-08-23 03:56:42
131-23.359E,37-20.175N,131.389313,37.336247,016.0,59.1,55,0,Under way using engine,2026-08-23 11:57:23,2026-08-23 03:57:23
131-23.474E,37-20.229N,131.391233,37.337158,015.9,59.2,55,0,Under way using engine,2026-08-23 11:57:47,2026-08-23 03:57:47
131-23.674E,37-20.325N,131.394573,37.33875,015.9,58.6,55,0,Under way using engine,2026-08-23 11:58:29,2026-08-23 03:58:29
131-23.788E,37-20.381N,131.396468,37.339678,015.9,58.7,55,0,Under way using engine,2026-08-23 11:58:53,2026-08-23 03:58:53
131-23.989E,37-20.476N,131.399822,37.341268,016.0,59,55,0,Under way using engine,2026-08-23 11:59:36,2026-08-23 03:59:36
131-24.133E,37-20.546N,131.402222,37.342427,016.0,58.8,55,0,Under way using engine,2026-08-23 12:00:05,2026-08-23 04:00:05
131-24.309E,37-20.630N,131.405158,37.343833,016.0,59.3,55,0,Under way using engine,2026-08-23 12:00:42,2026-08-23 04:00:42
131-24.450E,37-20.695N,131.4075,37.344918,016.0,59.4,55,0,Under way using engine,2026-08-23 12:01:11,2026-08-23 04:01:11
131-24.624E,37-20.776N,131.410402,37.346262,015.9,59.4,55,0,Under way using engine,2026-08-23 12:01:47,2026-08-23 04:01:47
131-24.768E,37-20.844N,131.412795,37.347395,016.0,59.3,55,0,Under way using engine,2026-08-23 12:02:17,2026-08-23 04:02:17
131-24.941E,37-20.925N,131.415677,37.348753,016.0,59.7,55,0,Under way using engine,2026-08-23 12:02:54,2026-08-23 04:02:54
131-25.086E,37-20.993N,131.418103,37.349875,016.0,59.8,55,0,Under way using engine,2026-08-23 12:03:23,2026-08-23 04:03:23
131-25.264E,37-21.075N,131.421072,37.351255,015.9,59.6,55,0,Under way using engine,2026-08-23 12:04:00,2026-08-23 04:04:00
131-25.409E,37-21.142N,131.423488,37.352363,015.9,59.8,55,0,Under way using engine,2026-08-23 12:04:30,2026-08-23 04:04:30
131-25.581E,37-21.224N,131.426352,37.353728,015.9,59.6,55,0,Under way using engine,2026-08-23 12:05:06,2026-08-23 04:05:06
131-25.721E,37-21.290N,131.428678,37.35484,015.9,59.6,55,0,Under way using engine,2026-08-23 12:05:35,2026-08-23 04:05:35
131-25.895E,37-21.370N,131.431578,37.356173,015.9,59.7,55,0,Under way using engine,2026-08-23 12:06:11,2026-08-23 04:06:11
131-26.039E,37-21.437N,131.433987,37.357277,016.0,60.1,55,0,Under way using engine,2026-08-23 12:06:41,2026-08-23 04:06:41
131-26.212E,37-21.517N,131.436873,37.358623,015.9,59.4,55,0,Under way using engine,2026-08-23 12:07:17,2026-08-23 04:07:17
131-26.384E,37-21.600N,131.43973,37.359997,015.9,60,55,0,Under way using engine,2026-08-23 12:07:54,2026-08-23 04:07:54
131-26.524E,37-21.662N,131.44206,37.36104,015.8,59.7,55,0,Under way using engine,2026-08-23 12:08:23,2026-08-23 04:08:23
131-26.700E,37-21.744N,131.444997,37.362407,015.9,59.9,55,0,Under way using engine,2026-08-23 12:08:59,2026-08-23 04:08:59
131-26.848E,37-21.812N,131.447463,37.363528,015.8,60.1,55,0,Under way using engine,2026-08-23 12:09:30,2026-08-23 04:09:30
131-27.012E,37-21.886N,131.450198,37.364767,015.8,59.6,55,0,Under way using engine,2026-08-23 12:10:05,2026-08-23 04:10:05
131-27.161E,37-21.956N,131.452683,37.365937,015.8,60.1,55,0,Under way using engine,2026-08-23 12:10:35,2026-08-23 04:10:35
131-27.333E,37-22.035N,131.455557,37.367248,015.8,60.1,55,0,Under way using engine,2026-08-23 12:11:11,2026-08-23 04:11:11
131-27.476E,37-22.101N,131.457925,37.368355,015.8,59.7,55,0,Under way using engine,2026-08-23 12:11:42,2026-08-23 04:11:42
131-27.649E,37-22.180N,131.460812,37.36966,015.8,60.3,55,0,Under way using engine,2026-08-23 12:12:17,2026-08-23 04:12:17
131-27.798E,37-22.248N,131.463295,37.370795,015.8,60.1,55,0,Under way using engine,2026-08-23 12:12:48,2026-08-23 04:12:48
131-27.965E,37-22.325N,131.46608,37.372085,015.8,60.5,55,0,Under way using engine,2026-08-23 12:13:24,2026-08-23 04:13:24
131-28.115E,37-22.392N,131.46859,37.373198,015.8,60.8,55,0,Under way using engine,2026-08-23 12:13:54,2026-08-23 04:13:54
131-28.313E,37-22.481N,131.471882,37.37468,015.8,60.5,55,0,Under way using engine,2026-08-23 12:14:35,2026-08-23 04:14:35
131-28.452E,37-22.545N,131.474208,37.375742,015.8,60.8,55,0,Under way using engine,2026-08-23 12:15:05,2026-08-23 04:15:05
131-28.636E,37-22.625N,131.477268,37.377088,015.8,60.8,55,0,Under way using engine,2026-08-23 12:15:42,2026-08-23 04:15:42
131-28.780E,37-22.690N,131.479662,37.378162,015.8,60.1,55,0,Under way using engine,2026-08-23 12:16:12,2026-08-23 04:16:12
131-28.947E,37-22.766N,131.48245,37.379428,015.7,60.8,55,0,Under way using engine,2026-08-23 12:16:48,2026-08-23 04:16:48
131-29.090E,37-22.830N,131.48484,37.380507,015.7,60.5,55,0,Under way using engine,2026-08-23 12:17:17,2026-08-23 04:17:17
131-29.264E,37-22.907N,131.48773,37.381782,015.7,60.6,55,0,Under way using engine,2026-08-23 12:17:53,2026-08-23 04:17:53
131-29.409E,37-22.971N,131.490147,37.382845,015.7,61.2,55,0,Under way using engine,2026-08-23 12:18:24,2026-08-23 04:18:24
131-29.588E,37-23.048N,131.49313,37.384138,015.8,60.8,55,0,Under way using engine,2026-08-23 12:19:00,2026-08-23 04:19:00
131-29.727E,37-23.111N,131.495453,37.385185,015.7,61.2,55,0,Under way using engine,2026-08-23 12:19:29,2026-08-23 04:19:29
131-29.902E,37-23.187N,131.49836,37.386458,015.7,61.1,55,0,Under way using engine,2026-08-23 12:20:06,2026-08-23 04:20:06
131-30.046E,37-23.252N,131.500765,37.387532,015.8,60.9,55,0,Under way using engine,2026-08-23 12:20:35,2026-08-23 04:20:35
131-30.223E,37-23.330N,131.503717,37.388838,015.7,61.2,55,0,Under way using engine,2026-08-23 12:21:12,2026-08-23 04:21:12
131-30.362E,37-23.392N,131.506035,37.389867,015.6,60.7,55,0,Under way using engine,2026-08-23 12:21:42,2026-08-23 04:21:42
131-30.534E,37-23.469N,131.5089,37.391142,015.7,61.1,55,0,Under way using engine,2026-08-23 12:22:17,2026-08-23 04:22:17
131-30.679E,37-23.532N,131.51131,37.392197,015.7,61.4,55,0,Under way using engine,2026-08-23 12:22:48,2026-08-23 04:22:48
131-30.853E,37-23.607N,131.514215,37.39345,015.7,61.4,55,0,Under way using engine,2026-08-23 12:23:24,2026-08-23 04:23:24
131-30.998E,37-23.671N,131.516633,37.39452,015.7,61.2,55,0,Under way using engine,2026-08-23 12:23:53,2026-08-23 04:23:53
131-31.176E,37-23.749N,131.519595,37.395815,015.7,61.4,55,0,Under way using engine,2026-08-23 12:24:30,2026-08-23 04:24:30
131-31.316E,37-23.808N,131.521932,37.396807,015.7,61.4,55,0,Under way using engine,2026-08-23 12:25:00,2026-08-23 04:25:00
131-31.523E,37-23.899N,131.525385,37.398315,015.7,61.4,55,0,Under way using engine,2026-08-23 12:25:42,2026-08-23 04:25:42
131-31.635E,37-23.947N,131.527245,37.399118,015.7,61.4,55,0,Under way using engine,2026-08-23 12:26:05,2026-08-23 04:26:05
131-31.837E,37-24.036N,131.530617,37.4006,015.7,62,55,0,Under way using engine,2026-08-23 12:26:48,2026-08-23 04:26:48
131-31.958E,37-24.088N,131.532637,37.40146,015.7,61.3,55,0,Under way using engine,2026-08-23 12:27:12,2026-08-23 04:27:12
131-32.157E,37-24.173N,131.535945,37.402878,015.8,61.7,55,0,Under way using engine,2026-08-23 12:27:53,2026-08-23 04:27:53
131-32.273E,37-24.223N,131.53789,37.403713,015.8,61.9,55,0,Under way using engine,2026-08-23 12:28:17,2026-08-23 04:28:17
131-32.483E,37-24.312N,131.541375,37.4052,015.7,62.1,55,0,Under way using engine,2026-08-23 12:29:00,2026-08-23 04:29:00
131-32.600E,37-24.361N,131.543328,37.406022,015.8,61.8,55,0,Under way using engine,2026-08-23 12:29:24,2026-08-23 04:29:24
131-32.799E,37-24.447N,131.546643,37.407455,015.7,61.3,55,0,Under way using engine,2026-08-23 12:30:06,2026-08-23 04:30:06
131-32.915E,37-24.498N,131.548583,37.4083,015.8,61.9,55,0,Under way using engine,2026-08-23 12:30:29,2026-08-23 04:30:29
131-33.119E,37-24.584N,131.551977,37.40974,015.8,62.1,55,0,Under way using engine,2026-08-23 12:31:12,2026-08-23 04:31:12
131-33.236E,37-24.634N,131.553927,37.410562,015.7,62,55,0,Under way using engine,2026-08-23 12:31:36,2026-08-23 04:31:36
131-33.440E,37-24.720N,131.557327,37.412007,015.7,61.4,55,0,Under way using engine,2026-08-23 12:32:17,2026-08-23 04:32:17
131-33.555E,37-24.769N,131.559258,37.412818,015.7,62.2,55,0,Under way using engine,2026-08-23 12:32:41,2026-08-23 04:32:41
131-33.758E,37-24.855N,131.56264,37.414253,015.7,61.9,55,0,Under way using engine,2026-08-23 12:33:24,2026-08-23 04:33:24
131-33.874E,37-24.904N,131.56457,37.41507,015.7,62.3,55,0,Under way using engine,2026-08-23 12:33:47,2026-08-23 04:33:47
131-34.083E,37-24.991N,131.56805,37.416517,015.7,62.3,55,0,Under way using engine,2026-08-23 12:34:30,2026-08-23 04:34:30
131-34.200E,37-25.040N,131.569995,37.417337,015.6,62,55,0,Under way using engine,2026-08-23 12:34:54,2026-08-23 04:34:54
131-34.402E,37-25.127N,131.573373,37.418777,015.6,61.8,55,0,Under way using engine,2026-08-23 12:35:36,2026-08-23 04:35:36
131-34.513E,37-25.173N,131.575222,37.419555,015.6,62.3,55,0,Under way using engine,2026-08-23 12:35:59,2026-08-23 04:35:59
131-34.718E,37-25.258N,131.578628,37.420967,015.6,62.4,55,0,Under way using engine,2026-08-23 12:36:41,2026-08-23 04:36:41
131-34.834E,37-25.307N,131.580573,37.421785,015.6,62.1,55,0,Under way using engine,2026-08-23 12:37:05,2026-08-23 04:37:05
131-35.039E,37-25.392N,131.583982,37.423208,015.7,62.8,55,0,Under way using engine,2026-08-23 12:37:47,2026-08-23 04:37:47
131-35.156E,37-25.441N,131.585928,37.42401,015.7,62.5,55,0,Under way using engine,2026-08-23 12:38:11,2026-08-23 04:38:11
131-35.358E,37-25.526N,131.589307,37.425432,015.6,62.2,55,0,Under way using engine,2026-08-23 12:38:53,2026-08-23 04:38:53
131-35.474E,37-25.574N,131.591237,37.42624,015.6,62.1,55,0,Under way using engine,2026-08-23 12:39:17,2026-08-23 04:39:17
131-35.700E,37-25.671N,131.594997,37.427847,015.5,62.4,55,0,Under way using engine,2026-08-23 12:40:05,2026-08-23 04:40:05
131-35.792E,37-25.709N,131.596525,37.428487,015.5,61.9,55,0,Under way using engine,2026-08-23 12:40:23,2026-08-23 04:40:23
131-36.050E,37-25.820N,131.600828,37.430337,015.6,62.1,55,0,Under way using engine,2026-08-23 12:41:17,2026-08-23 04:41:17
131-36.136E,37-25.857N,131.602272,37.430945,015.6,61.7,55,0,Under way using engine,2026-08-23 12:41:35,2026-08-23 04:41:35
131-36.371E,37-25.958N,131.60618,37.43264,015.6,61.7,55,0,Under way using engine,2026-08-23 12:42:23,2026-08-23 04:42:23
131-36.487E,37-26.007N,131.60811,37.433455,015.6,62.3,55,0,Under way using engine,2026-08-23 12:42:48,2026-08-23 04:42:48
131-36.711E,37-26.104N,131.611847,37.43507,015.5,61.1,55,0,Under way using engine,2026-08-23 12:43:35,2026-08-23 04:43:35
131-36.820E,37-26.152N,131.613663,37.435863,015.5,61.5,55,0,Under way using engine,2026-08-23 12:43:59,2026-08-23 04:43:59
131-37.055E,37-26.252N,131.61758,37.43754,015.5,61.3,55,0,Under way using engine,2026-08-23 12:44:47,2026-08-23 04:44:47
131-37.141E,37-26.290N,131.619018,37.438165,015.5,61.4,55,0,Under way using engine,2026-08-23 12:45:05,2026-08-23 04:45:05
131-37.376E,37-26.390N,131.622935,37.43984,015.6,61.5,55,0,Under way using engine,2026-08-23 12:45:54,2026-08-23 04:45:54
131-37.457E,37-26.426N,131.624287,37.440427,015.6,61.1,55,0,Under way using engine,2026-08-23 12:46:11,2026-08-23 04:46:11
131-37.688E,37-26.525N,131.628132,37.442087,015.6,61.7,55,0,Under way using engine,2026-08-23 12:46:59,2026-08-23 04:46:59
131-37.775E,37-26.563N,131.629577,37.44271,015.6,61.7,55,0,Under way using engine,2026-08-23 12:47:18,2026-08-23 04:47:18
131-38.039E,37-26.676N,131.63398,37.444605,015.6,61.5,55,0,Under way using engine,2026-08-23 12:48:12,2026-08-23 04:48:12
131-38.091E,37-26.699N,131.634857,37.444987,015.6,61.5,55,0,Under way using engine,2026-08-23 12:48:23,2026-08-23 04:48:23
131-38.355E,37-26.813N,131.639255,37.446885,015.6,61.5,55,0,Under way using engine,2026-08-23 12:49:18,2026-08-23 04:49:18
131-38.413E,37-26.838N,131.640217,37.4473,015.6,61.1,55,0,Under way using engine,2026-08-23 12:49:29,2026-08-23 04:49:29
131-38.666E,37-26.949N,131.644433,37.449157,015.6,61.1,55,0,Under way using engine,2026-08-23 12:50:23,2026-08-23 04:50:23
131-38.724E,37-26.975N,131.645392,37.449575,015.6,61.4,55,0,Under way using engine,2026-08-23 12:50:35,2026-08-23 04:50:35
131-38.982E,37-27.088N,131.649692,37.45147,015.6,60.5,55,0,Under way using engine,2026-08-23 12:51:29,2026-08-23 04:51:29
131-39.039E,37-27.113N,131.650652,37.451888,015.6,61.2,55,0,Under way using engine,2026-08-23 12:51:42,2026-08-23 04:51:42
131-39.331E,37-27.242N,131.655513,37.454027,015.6,60.8,55,0,Under way using engine,2026-08-23 12:52:42,2026-08-23 04:52:42
131-39.359E,37-27.254N,131.655987,37.454238,015.5,60.6,55,0,Under way using engine,2026-08-23 12:52:47,2026-08-23 04:52:47
131-39.640E,37-27.378N,131.660665,37.4563,015.6,60.7,55,0,Under way using engine,2026-08-23 12:53:47,2026-08-23 04:53:47
131-39.668E,37-27.391N,131.66114,37.456512,015.6,60.3,55,0,Under way using engine,2026-08-23 12:53:54,2026-08-23 04:53:54
131-40.011E,37-27.543N,131.666845,37.459045,015.6,60.6,55,0,Under way using engine,2026-08-23 12:55:05,2026-08-23 04:55:05
131-40.324E,37-27.681N,131.67207,37.461358,015.5,60.7,55,0,Under way using engine,2026-08-23 12:56:11,2026-08-23 04:56:11
131-40.664E,37-27.836N,131.677737,37.463925,015.5,59.8,55,0,Under way using engine,2026-08-23 12:57:23,2026-08-23 04:57:23
131-41.112E,37-28.038N,131.685193,37.467308,015.4,60.3,56,0,Under way using engine,2026-08-23 12:58:59,2026-08-23 04:58:59
131-41.511E,37-28.221N,131.691847,37.470342,015.5,59.9,55,0,Under way using engine,2026-08-23 13:00:23,2026-08-23 05:00:23
131-42.540E,37-28.704N,131.708998,37.478398,015.4,59.1,55,0,Under way using engine,2026-08-23 13:04:05,2026-08-23 05:04:05
131-42.850E,37-28.852N,131.714168,37.48086,015.4,59.5,55,0,Under way using engine,2026-08-23 13:05:11,2026-08-23 05:05:11
131-43.241E,37-29.037N,131.72069,37.483958,013.0,59.4,55,0,Under way using engine,2026-08-23 13:06:41,2026-08-23 05:06:41
131-43.547E,37-29.183N,131.725775,37.48638,011.4,59,55,0,Under way using engine,2026-08-23 13:08:05,2026-08-23 05:08:05
131-43.863E,37-29.332N,131.731042,37.488865,010.6,59.8,55,0,Under way using engine,2026-08-23 13:09:41,2026-08-23 05:09:41
131-44.216E,37-29.499N,131.736925,37.491658,010.2,58.9,55,0,Under way using engine,2026-08-23 13:11:34,2026-08-23 05:11:34
131-44.520E,37-29.648N,131.742,37.494135,010.1,58.5,55,0,Under way using engine,2026-08-23 13:13:14,2026-08-23 05:13:14
131-44.851E,37-29.810N,131.747523,37.49684,010.1,58.7,55,0,Under way using engine,2026-08-23 13:15:04,2026-08-23 05:15:04
131-45.207E,37-29.985N,131.753458,37.49975,010.0,58.2,55,0,Under way using engine,2026-08-23 13:17:04,2026-08-23 05:17:04
131-45.561E,37-30.159N,131.759342,37.502655,009.9,57.8,55,0,Under way using engine,2026-08-23 13:19:03,2026-08-23 05:19:03
131-45.889E,37-30.323N,131.764815,37.505388,010.0,57.9,55,0,Under way using engine,2026-08-23 13:20:53,2026-08-23 05:20:53
131-46.218E,37-30.485N,131.770302,37.50809,010.0,58,55,0,Under way using engine,2026-08-23 13:22:43,2026-08-23 05:22:43
131-46.561E,37-30.657N,131.776023,37.510943,008.9,57.8,55,0,Under way using engine,2026-08-23 13:24:43,2026-08-23 05:24:43
131-46.876E,37-30.811N,131.781263,37.513515,007.3,58.3,56,0,Under way using engine,2026-08-23 13:26:53,2026-08-23 05:26:53
131-47.288E,37-31.008N,131.788128,37.516798,005.2,59.8,60,0,Under way using engine,2026-08-23 13:30:33,2026-08-23 05:30:33
131-47.589E,37-31.125N,131.793145,37.518742,004.0,69.3,72,0,Under way using engine,2026-08-23 13:34:03,2026-08-23 05:34:03
131-47.896E,37-31.182N,131.79827,37.519708,003.0,84.5,89,0,Under way using engine,2026-08-23 13:38:24,2026-08-23 05:38:24
131-48.197E,37-31.177N,131.803283,37.519623,002.1,97.5,109,0,Under way using engine,2026-08-23 13:44:03,2026-08-23 05:44:03
131-48.498E,37-31.107N,131.808298,37.518455,000.9,113.1,133,0,Under way using engine,2026-08-23 13:53:44,2026-08-23 05:53:44
131-48.801E,37-31.010N,131.813358,37.516832,000.5,107.5,144,0,Under way using engine,2026-08-23 14:15:54,2026-08-23 06:15:54
131-49.111E,37-30.914N,131.81852,37.515225,007.7,69.6,62,0,Under way using engine,2026-08-23 14:23:43,2026-08-23 06:23:43
131-49.413E,37-31.038N,131.823555,37.517297,011.3,59.8,58,0,Under way using engine,2026-08-23 14:25:24,2026-08-23 06:25:24
131-49.788E,37-31.217N,131.8298,37.520277,013.5,58.5,57,0,Under way using engine,2026-08-23 14:27:04,2026-08-23 06:27:04
131-50.091E,37-31.362N,131.834855,37.522707,014.5,59.1,57,0,Under way using engine,2026-08-23 14:28:15,2026-08-23 06:28:15
131-50.412E,37-31.516N,131.840208,37.52526,015.2,58.7,57,0,Under way using engine,2026-08-23 14:29:26,2026-08-23 06:29:26
131-50.737E,37-31.671N,131.845617,37.527847,015.4,58.8,57,0,Under way using engine,2026-08-23 14:30:39,2026-08-23 06:30:39
131-51.053E,37-31.821N,131.850877,37.530353,013.1,59.6,57,0,Under way using engine,2026-08-23 14:31:51,2026-08-23 06:31:51
131-51.360E,37-31.967N,131.856005,37.532787,011.5,58.8,57,0,Under way using engine,2026-08-23 14:33:15,2026-08-23 06:33:15
131-51.664E,37-32.116N,131.861062,37.535272,011.8,57.9,57,0,Under way using engine,2026-08-23 14:34:45,2026-08-23 06:34:45
131-51.993E,37-32.277N,131.866552,37.537943,013.3,58.6,57,0,Under way using engine,2026-08-23 14:36:12,2026-08-23 06:36:12
131-52.318E,37-32.434N,131.871962,37.540568,012.9,58.4,57,0,Under way using engine,2026-08-23 14:37:33,2026-08-23 06:37:33
131-52.627E,37-32.584N,131.87712,37.543073,010.6,58.3,57,0,Under way using engine,2026-08-23 14:39:02,2026-08-23 06:39:02
131-52.944E,37-32.744N,131.8824,37.545735,008.6,57.3,57,0,Under way using engine,2026-08-23 14:40:52,2026-08-23 06:40:52
131-53.281E,37-32.912N,131.888013,37.548535,006.8,58.2,58,0,Under way using engine,2026-08-23 14:43:22,2026-08-23 06:43:22
131-53.583E,37-33.066N,131.893057,37.551108,005.3,57.6,59,0,Under way using engine,2026-08-23 14:46:12,2026-08-23 06:46:12
131-53.912E,37-33.234N,131.898532,37.553903,004.1,55.9,56,0,Under way using engine,2026-08-23 14:50:12,2026-08-23 06:50:12
131-54.218E,37-33.415N,131.90363,37.556912,003.1,53.2,57,0,Under way using engine,2026-08-23 14:55:13,2026-08-23 06:55:13
131-54.521E,37-33.602N,131.908685,37.560032,002.3,51.1,61,0,Under way using engine,2026-08-23 15:01:53,2026-08-23 07:01:53
131-54.827E,37-33.800N,131.913785,37.563325,001.3,50.1,84,0,Under way using engine,2026-08-23 15:12:03,2026-08-23 07:12:03
131-55.173E,37-33.872N,131.919547,37.564535,005.5,99.1,81,0,Under way using engine,2026-08-23 15:22:09,2026-08-23 07:22:09
131-55.528E,37-34.009N,131.925472,37.566813,010.8,55.8,57,0,Under way using engine,2026-08-23 15:24:32,2026-08-23 07:24:32
131-56.001E,37-34.261N,131.933358,37.57102,013.4,55.9,58,0,Under way using engine,2026-08-23 15:26:43,2026-08-23 07:26:43
131-56.414E,37-34.480N,131.940227,37.574662,014.6,56,58,0,Under way using engine,2026-08-23 15:28:23,2026-08-23 07:28:23
131-56.756E,37-34.659N,131.94593,37.577658,015.4,57,58,0,Under way using engine,2026-08-23 15:29:43,2026-08-23 07:29:43
131-57.091E,37-34.835N,131.95151,37.580575,015.8,57,58,0,Under way using engine,2026-08-23 15:30:55,2026-08-23 07:30:55
131-57.646E,37-35.126N,131.960767,37.585433,016.0,56,58,0,Under way using engine,2026-08-23 15:32:55,2026-08-23 07:32:55
131-58.009E,37-35.320N,131.966823,37.588663,016.0,56.4,58,0,Under way using engine,2026-08-23 15:34:13,2026-08-23 07:34:13
131-58.596E,37-35.636N,131.976595,37.59393,015.9,55.6,57,0,Under way using engine,2026-08-23 15:36:19,2026-08-23 07:36:19
131-58.844E,37-35.772N,131.980737,37.596193,015.9,55.9,58,0,Under way using engine,2026-08-23 15:37:13,2026-08-23 07:37:13
131-58.899E,37-35.802N,131.981657,37.596692,015.9,55.8,58,0,Under way using engine,2026-08-23 15:37:25,2026-08-23 07:37:25
131-59.204E,37-35.966N,131.986725,37.599433,015.9,55.4,58,0,Under way using engine,2026-08-23 15:38:31,2026-08-23 07:38:31
131-59.562E,37-36.161N,131.992702,37.602675,015.9,55.9,58,0,Under way using engine,2026-08-23 15:39:49,2026-08-23 07:39:49
131-59.866E,37-36.325N,131.99777,37.605413,015.9,55.7,58,0,Under way using engine,2026-08-23 15:40:56,2026-08-23 07:40:56
132-0.307E,37-36.564N,132.005123,37.609403,015.9,55.7,57,0,Under way using engine,2026-08-23 15:42:31,2026-08-23 07:42:31
132-0.672E,37-36.759N,132.011193,37.612653,016.1,55.6,57,0,Under way using engine,2026-08-23 15:43:49,2026-08-23 07:43:49
132-1.430E,37-37.165N,132.023835,37.619412,016.3,56.1,58,0,Under way using engine,2026-08-23 15:46:30,2026-08-23 07:46:30
132-1.777E,37-37.349N,132.029618,37.622482,016.3,56,57,0,Under way using engine,2026-08-23 15:47:43,2026-08-23 07:47:43
132-2.093E,37-37.516N,132.034888,37.62526,016.3,56.2,57,0,Under way using engine,2026-08-23 15:48:49,2026-08-23 07:48:49
132-2.462E,37-37.708N,132.04104,37.628465,016.3,56.4,57,0,Under way using engine,2026-08-23 15:50:06,2026-08-23 07:50:06
132-2.838E,37-37.901N,132.047292,37.63169,016.3,56.5,58,0,Under way using engine,2026-08-23 15:51:25,2026-08-23 07:51:25
132-3.159E,37-38.067N,132.052655,37.634445,016.3,56.7,57,0,Under way using engine,2026-08-23 15:52:31,2026-08-23 07:52:31
132-3.504E,37-38.245N,132.058407,37.637413,016.3,56.9,58,0,Under way using engine,2026-08-23 15:53:43,2026-08-23 07:53:43
132-3.881E,37-38.435N,132.064687,37.640575,016.3,57.1,57,0,Under way using engine,2026-08-23 15:55:01,2026-08-23 07:55:01
132-4.229E,37-38.611N,132.070482,37.643517,016.3,57.5,58,0,Under way using engine,2026-08-23 15:56:13,2026-08-23 07:56:13
132-4.548E,37-38.772N,132.075802,37.646198,016.3,57.7,58,0,Under way using engine,2026-08-23 15:57:19,2026-08-23 07:57:19
132-4.891E,37-38.946N,132.081515,37.649093,016.3,57.7,58,0,Under way using engine,2026-08-23 15:58:31,2026-08-23 07:58:31
132-5.274E,37-39.138N,132.0879,37.652305,016.3,57.8,58,0,Under way using engine,2026-08-23 15:59:49,2026-08-23 07:59:49
132-5.652E,37-39.329N,132.094208,37.65549,016.4,57.7,58,0,Under way using engine,2026-08-23 16:01:07,2026-08-23 08:01:07
132-6.090E,37-39.549N,132.101495,37.659155,016.4,57.3,57,0,Under way using engine,2026-08-23 16:02:36,2026-08-23 08:02:36
132-6.439E,37-39.728N,132.107313,37.66214,016.4,57.8,58,0,Under way using engine,2026-08-23 16:03:49,2026-08-23 08:03:49
132-6.761E,37-39.889N,132.112677,37.66482,016.4,58.1,58,0,Under way using engine,2026-08-23 16:04:55,2026-08-23 08:04:55
132-7.721E,37-40.377N,132.128677,37.672953,016.4,55.9,55,0,Under way using engine,2026-08-23 16:08:13,2026-08-23 08:08:13
132-8.203E,37-40.641N,132.136713,37.677353,016.3,55.3,55,0,Under way using engine,2026-08-23 16:09:55,2026-08-23 08:09:55
132-8.515E,37-40.813N,132.141918,37.68021,016.4,55.7,55,0,Under way using engine,2026-08-23 16:11:01,2026-08-23 08:11:01
132-8.827E,37-40.984N,132.147117,37.68306,016.3,55.9,55,0,Under way using engine,2026-08-23 16:12:07,2026-08-23 08:12:07
132-9.138E,37-41.154N,132.152298,37.685905,016.3,55.7,55,0,Under way using engine,2026-08-23 16:13:13,2026-08-23 08:13:13
132-9.506E,37-41.358N,132.158425,37.689298,016.3,55,55,0,Under way using engine,2026-08-23 16:14:31,2026-08-23 08:14:31
132-9.815E,37-41.529N,132.16358,37.692148,016.3,54.7,55,0,Under way using engine,2026-08-23 16:15:37,2026-08-23 08:15:37
132-10.210E,37-41.746N,132.170162,37.695768,016.3,55.3,55,0,Under way using engine,2026-08-23 16:17:01,2026-08-23 08:17:01
132-10.577E,37-41.949N,132.176285,37.699157,016.4,54.9,55,0,Under way using engine,2026-08-23 16:18:19,2026-08-23 08:18:19
132-11.184E,37-42.262N,132.1864,37.704363,016.4,59.5,60,0,Under way using engine,2026-08-23 16:20:25,2026-08-23 08:20:25
132-11.510E,37-42.407N,132.191825,37.70678,016.3,61.3,62,0,Under way using engine,2026-08-23 16:21:31,2026-08-23 08:21:31
132-12.055E,37-42.644N,132.200923,37.71074,016.3,60.9,61,0,Under way using engine,2026-08-23 16:23:19,2026-08-23 08:23:19
132-12.383E,37-42.793N,132.206377,37.713223,016.3,59.4,60,0,Under way using engine,2026-08-23 16:24:25,2026-08-23 08:24:25
132-12.798E,37-42.987N,132.2133,37.716453,016.4,59.1,60,0,Under way using engine,2026-08-23 16:25:49,2026-08-23 08:25:49
132-13.151E,37-43.149N,132.219187,37.719147,016.3,60,60,0,Under way using engine,2026-08-23 16:27:01,2026-08-23 08:27:01
132-13.516E,37-43.315N,132.225268,37.721923,016.4,59.7,60,0,Under way using engine,2026-08-23 16:28:13,2026-08-23 08:28:13
132-15.012E,37-43.998N,132.250195,37.733297,016.4,59.8,60,0,Under way using engine,2026-08-23 16:33:13,2026-08-23 08:33:13
132-15.316E,37-44.137N,132.255272,37.735623,016.4,59.8,60,0,Under way using engine,2026-08-23 16:34:13,2026-08-23 08:34:13
132-15.635E,37-44.283N,132.260583,37.738053,016.4,59.6,60,0,Under way using engine,2026-08-23 16:35:19,2026-08-23 08:35:19
132-15.940E,37-44.423N,132.265667,37.740387,016.4,60.4,60,0,Under way using engine,2026-08-23 16:36:19,2026-08-23 08:36:19
132-16.268E,37-44.574N,132.27114,37.742892,016.3,60.4,60,0,Under way using engine,2026-08-23 16:37:25,2026-08-23 08:37:25
132-16.628E,37-44.737N,132.27713,37.745623,016.4,60.5,60,0,Under way using engine,2026-08-23 16:38:37,2026-08-23 08:38:37
132-16.933E,37-44.875N,132.28222,37.747918,016.3,59.8,60,0,Under way using engine,2026-08-23 16:39:37,2026-08-23 08:39:37
132-17.353E,37-45.066N,132.289212,37.751102,016.4,59.8,60,0,Under way using engine,2026-08-23 16:41:02,2026-08-23 08:41:02
132-17.679E,37-45.214N,132.294642,37.75357,016.4,60,60,0,Under way using engine,2026-08-23 16:42:08,2026-08-23 08:42:08
132-17.983E,37-45.352N,132.299712,37.75586,016.4,61,60,0,Under way using engine,2026-08-23 16:43:08,2026-08-23 08:43:08
132-18.663E,37-45.659N,132.311042,37.76099,016.4,60.3,60,0,Under way using engine,2026-08-23 16:45:24,2026-08-23 08:45:24
132-19.091E,37-45.850N,132.318182,37.764167,016.4,60.3,60,0,Under way using engine,2026-08-23 16:46:49,2026-08-23 08:46:49
132-19.634E,37-46.093N,132.327228,37.768222,016.4,60.5,60,0,Under way using engine,2026-08-23 16:48:37,2026-08-23 08:48:37
132-19.941E,37-46.231N,132.332342,37.770512,016.5,59.9,60,0,Under way using engine,2026-08-23 16:49:37,2026-08-23 08:49:37
132-20.267E,37-46.380N,132.337777,37.773002,016.5,60.1,60,0,Under way using engine,2026-08-23 16:50:43,2026-08-23 08:50:43
132-20.658E,37-46.560N,132.344295,37.776003,016.5,60,60,0,Under way using engine,2026-08-23 16:52:01,2026-08-23 08:52:01
132-20.960E,37-46.698N,132.349337,37.778292,016.5,60,60,0,Under way using engine,2026-08-23 16:53:01,2026-08-23 08:53:01
132-21.261E,37-46.834N,132.354358,37.780573,016.5,60.2,60,0,Under way using engine,2026-08-23 16:54:01,2026-08-23 08:54:01
132-21.565E,37-46.972N,132.359412,37.782863,016.5,60.4,60,0,Under way using engine,2026-08-23 16:55:01,2026-08-23 08:55:01
132-21.927E,37-47.137N,132.365458,37.78561,016.5,60.2,60,0,Under way using engine,2026-08-23 16:56:13,2026-08-23 08:56:13
132-22.230E,37-47.274N,132.3705,37.7879,016.5,60.1,60,0,Under way using engine,2026-08-23 16:57:13,2026-08-23 08:57:13
132-22.534E,37-47.411N,132.375562,37.790185,016.6,59.9,60,0,Under way using engine,2026-08-23 16:58:13,2026-08-23 08:58:13
132-22.836E,37-47.548N,132.380603,37.792465,016.5,59.9,60,0,Under way using engine,2026-08-23 16:59:13,2026-08-23 08:59:13
132-23.139E,37-47.685N,132.385647,37.794753,016.5,59.8,60,0,Under way using engine,2026-08-23 17:00:13,2026-08-23 09:00:13
132-23.442E,37-47.821N,132.390707,37.797018,016.6,60.1,60,0,Under way using engine,2026-08-23 17:01:13,2026-08-23 09:01:13
132-23.745E,37-47.959N,132.395758,37.79932,016.6,60.1,60,0,Under way using engine,2026-08-23 17:02:13,2026-08-23 09:02:13
132-24.051E,37-48.095N,132.400853,37.801577,016.6,60.4,60,0,Under way using engine,2026-08-23 17:03:13,2026-08-23 09:03:13
132-24.356E,37-48.231N,132.405932,37.803845,016.6,60.7,60,0,Under way using engine,2026-08-23 17:04:13,2026-08-23 09:04:13
132-24.716E,37-48.391N,132.41193,37.806522,016.6,60.8,60,0,Under way using engine,2026-08-23 17:05:24,2026-08-23 09:05:24
132-25.061E,37-48.546N,132.417677,37.809093,016.6,60.7,60,0,Under way using engine,2026-08-23 17:06:31,2026-08-23 09:06:31
132-25.362E,37-48.678N,132.422692,37.811293,016.6,61.3,60,0,Under way using engine,2026-08-23 17:07:31,2026-08-23 09:07:31
132-25.666E,37-48.813N,132.42777,37.813543,016.6,60.7,60,0,Under way using engine,2026-08-23 17:08:32,2026-08-23 09:08:32
132-25.971E,37-48.947N,132.432848,37.815782,016.6,61.4,60,0,Under way using engine,2026-08-23 17:09:32,2026-08-23 09:09:32
132-26.278E,37-49.081N,132.437967,37.81801,016.6,60.9,60,0,Under way using engine,2026-08-23 17:10:31,2026-08-23 09:10:31
132-26.590E,37-49.218N,132.443168,37.820298,016.5,61.4,60,0,Under way using engine,2026-08-23 17:11:32,2026-08-23 09:11:32
132-26.916E,37-49.360N,132.448592,37.822665,016.5,61.4,60,0,Under way using engine,2026-08-23 17:12:37,2026-08-23 09:12:37
132-27.225E,37-49.496N,132.453755,37.824932,016.5,60.7,60,0,Under way using engine,2026-08-23 17:13:37,2026-08-23 09:13:37
132-27.536E,37-49.632N,132.458933,37.8272,016.5,61.4,60,0,Under way using engine,2026-08-23 17:14:37,2026-08-23 09:14:37
132-27.837E,37-49.763N,132.463943,37.82939,016.6,60.6,60,0,Under way using engine,2026-08-23 17:15:38,2026-08-23 09:15:38
132-28.148E,37-49.899N,132.469133,37.831648,016.5,61.4,60,0,Under way using engine,2026-08-23 17:16:38,2026-08-23 09:16:38
132-28.449E,37-50.030N,132.474142,37.833827,016.5,61.5,60,0,Under way using engine,2026-08-23 17:17:38,2026-08-23 09:17:38
132-28.755E,37-50.163N,132.479245,37.836055,016.6,61,60,0,Under way using engine,2026-08-23 17:18:38,2026-08-23 09:18:38
132-29.065E,37-50.299N,132.484423,37.838312,016.5,61.6,60,0,Under way using engine,2026-08-23 17:19:38,2026-08-23 09:19:38
132-29.367E,37-50.429N,132.489445,37.84049,016.6,61,60,0,Under way using engine,2026-08-23 17:20:38,2026-08-23 09:20:38
132-29.677E,37-50.564N,132.49462,37.842738,016.5,61.1,60,0,Under way using engine,2026-08-23 17:21:38,2026-08-23 09:21:38
132-29.979E,37-50.694N,132.499648,37.844907,016.5,61,60,0,Under way using engine,2026-08-23 17:22:38,2026-08-23 09:22:38
132-30.285E,37-50.826N,132.504755,37.847107,016.5,61.7,60,0,Under way using engine,2026-08-23 17:23:38,2026-08-23 09:23:38
132-30.592E,37-50.958N,132.509868,37.849292,016.5,61.6,60,0,Under way using engine,2026-08-23 17:24:38,2026-08-23 09:24:38
132-30.899E,37-51.089N,132.51498,37.85148,016.5,61.7,60,0,Under way using engine,2026-08-23 17:25:38,2026-08-23 09:25:38
132-31.268E,37-51.246N,132.521125,37.8541,016.5,61.5,60,0,Under way using engine,2026-08-23 17:26:49,2026-08-23 09:26:49
132-31.576E,37-51.377N,132.52627,37.856283,016.6,61.6,60,0,Under way using engine,2026-08-23 17:27:49,2026-08-23 09:27:49
132-31.884E,37-51.508N,132.531393,37.858465,016.6,61.9,60,0,Under way using engine,2026-08-23 17:28:49,2026-08-23 09:28:49
132-32.198E,37-51.641N,132.536633,37.86069,016.6,62.1,60,0,Under way using engine,2026-08-23 17:29:49,2026-08-23 09:29:49
132-32.503E,37-51.769N,132.541715,37.862813,016.6,62.1,60,0,Under way using engine,2026-08-23 17:30:49,2026-08-23 09:30:49
132-32.810E,37-51.900N,132.54684,37.865005,016.6,62.4,60,0,Under way using engine,2026-08-23 17:31:49,2026-08-23 09:31:49
132-33.113E,37-52.030N,132.55188,37.86716,016.5,61.6,60,0,Under way using engine,2026-08-23 17:32:49,2026-08-23 09:32:49
132-33.426E,37-52.161N,132.557103,37.869345,016.6,62,60,0,Under way using engine,2026-08-23 17:33:49,2026-08-23 09:33:49
132-33.737E,37-52.289N,132.562277,37.871485,016.5,61.8,60,0,Under way using engine,2026-08-23 17:34:49,2026-08-23 09:34:49
132-34.077E,37-52.432N,132.567945,37.87386,016.6,62,60,0,Under way using engine,2026-08-23 17:35:55,2026-08-23 09:35:55
132-34.392E,37-52.562N,132.573197,37.876032,016.5,62.5,60,0,Under way using engine,2026-08-23 17:36:55,2026-08-23 09:36:55
132-34.722E,37-52.698N,132.578703,37.878305,016.6,62.2,60,0,Under way using engine,2026-08-23 17:38:00,2026-08-23 09:38:00
132-35.033E,37-52.825N,132.583887,37.880423,016.5,62.4,60,0,Under way using engine,2026-08-23 17:39:00,2026-08-23 09:39:00
132-35.347E,37-52.956N,132.589123,37.882602,016.5,62.1,60,0,Under way using engine,2026-08-23 17:40:00,2026-08-23 09:40:00
132-35.652E,37-53.080N,132.594197,37.884667,016.6,62.5,60,0,Under way using engine,2026-08-23 17:41:00,2026-08-23 09:41:00
132-35.963E,37-53.207N,132.599385,37.886777,016.5,62.5,60,0,Under way using engine,2026-08-23 17:42:00,2026-08-23 09:42:00
132-36.273E,37-53.334N,132.604557,37.888903,016.5,62.7,60,0,Under way using engine,2026-08-23 17:43:00,2026-08-23 09:43:00
132-36.590E,37-53.464N,132.609828,37.89107,016.5,62.8,60,0,Under way using engine,2026-08-23 17:44:01,2026-08-23 09:44:01
132-36.901E,37-53.591N,132.61501,37.893177,016.5,62.6,60,0,Under way using engine,2026-08-23 17:45:01,2026-08-23 09:45:01
132-37.207E,37-53.719N,132.620117,37.895318,016.5,61,58,0,Under way using engine,2026-08-23 17:46:01,2026-08-23 09:46:01
132-37.510E,37-53.855N,132.62516,37.897587,016.5,60.6,57,0,Under way using engine,2026-08-23 17:47:01,2026-08-23 09:47:01
132-37.840E,37-54.008N,132.630672,37.900133,016.5,59.3,56,0,Under way using engine,2026-08-23 17:48:07,2026-08-23 09:48:07
132-38.169E,37-54.166N,132.636145,37.902773,016.5,59.1,56,0,Under way using engine,2026-08-23 17:49:13,2026-08-23 09:49:13
132-38.586E,37-54.367N,132.643102,37.90612,016.5,59,56,0,Under way using engine,2026-08-23 17:50:37,2026-08-23 09:50:37
132-38.921E,37-54.526N,132.648682,37.908765,016.6,59.2,56,0,Under way using engine,2026-08-23 17:51:43,2026-08-23 09:51:43
132-39.127E,37-54.624N,132.652113,37.910392,016.6,58.5,56,0,Under way using engine,2026-08-23 17:52:25,2026-08-23 09:52:25
132-39.302E,37-54.706N,132.655032,37.911767,016.6,59.3,56,0,Under way using engine,2026-08-23 17:53:01,2026-08-23 09:53:01
132-39.608E,37-54.851N,132.660128,37.914188,016.6,59.1,56,0,Under way using engine,2026-08-23 17:54:01,2026-08-23 09:54:01
132-39.908E,37-54.994N,132.665135,37.916563,016.6,59.1,56,0,Under way using engine,2026-08-23 17:55:01,2026-08-23 09:55:01
132-40.269E,37-55.164N,132.671148,37.919402,016.6,59,56,0,Under way using engine,2026-08-23 17:56:14,2026-08-23 09:56:14
132-40.353E,37-55.204N,132.672557,37.92007,016.6,59.5,56,0,Under way using engine,2026-08-23 17:56:31,2026-08-23 09:56:31
132-40.574E,37-55.308N,132.676227,37.921805,016.6,59,56,0,Under way using engine,2026-08-23 17:57:14,2026-08-23 09:57:14
132-40.901E,37-55.462N,132.681675,37.92436,016.6,59,56,0,Under way using engine,2026-08-23 17:58:19,2026-08-23 09:58:19
132-41.201E,37-55.604N,132.686682,37.926727,016.6,59.1,56,0,Under way using engine,2026-08-23 17:59:19,2026-08-23 09:59:19
132-41.292E,37-55.646N,132.688192,37.927437,016.6,58.9,56,0,Under way using engine,2026-08-23 17:59:37,2026-08-23 09:59:37
132-41.502E,37-55.744N,132.691702,37.929073,016.6,59.1,56,0,Under way using engine,2026-08-23 18:00:19,2026-08-23 10:00:19
132-41.803E,37-55.887N,132.696717,37.931453,016.6,59.6,56,0,Under way using engine,2026-08-23 18:01:19,2026-08-23 10:01:19
132-41.898E,37-55.932N,132.698303,37.9322,016.6,59.1,56,0,Under way using engine,2026-08-23 18:01:37,2026-08-23 10:01:37
132-42.105E,37-56.029N,132.701742,37.933818,016.6,59.7,56,0,Under way using engine,2026-08-23 18:02:19,2026-08-23 10:02:19
132-42.436E,37-56.186N,132.707273,37.936432,016.6,59.3,56,0,Under way using engine,2026-08-23 18:03:25,2026-08-23 10:03:25
132-42.527E,37-56.228N,132.70878,37.937135,016.6,59.6,56,0,Under way using engine,2026-08-23 18:03:43,2026-08-23 10:03:43
132-42.738E,37-56.327N,132.712303,37.938777,016.6,59.1,56,0,Under way using engine,2026-08-23 18:04:26,2026-08-23 10:04:26
132-43.045E,37-56.471N,132.717415,37.94118,016.6,59.4,56,0,Under way using engine,2026-08-23 18:05:26,2026-08-23 10:05:26
132-43.371E,37-56.626N,132.722857,37.943768,016.6,58.9,56,0,Under way using engine,2026-08-23 18:06:31,2026-08-23 10:06:31
132-43.467E,37-56.671N,132.724453,37.944522,016.7,59.4,56,0,Under way using engine,2026-08-23 18:06:49,2026-08-23 10:06:49
132-43.705E,37-56.782N,132.72841,37.94636,016.6,59.5,56,0,Under way using engine,2026-08-23 18:07:37,2026-08-23 10:07:37
132-43.790E,37-56.822N,132.72983,37.947033,016.7,59.1,56,0,Under way using engine,2026-08-23 18:07:55,2026-08-23 10:07:55
132-44.006E,37-56.923N,132.733433,37.948723,016.6,59.7,56,0,Under way using engine,2026-08-23 18:08:37,2026-08-23 10:08:37
132-44.309E,37-57.068N,132.738478,37.951125,016.6,59.2,56,0,Under way using engine,2026-08-23 18:09:37,2026-08-23 10:09:37
132-44.465E,37-57.141N,132.741082,37.952343,016.7,59.1,56,0,Under way using engine,2026-08-23 18:10:08,2026-08-23 10:10:08
132-44.641E,37-57.224N,132.744015,37.953738,016.7,59.1,56,0,Under way using engine,2026-08-23 18:10:43,2026-08-23 10:10:43
132-44.792E,37-57.295N,132.74654,37.954923,016.6,59.2,56,0,Under way using engine,2026-08-23 18:11:14,2026-08-23 10:11:14
132-44.949E,37-57.369N,132.749142,37.956142,016.6,59.4,56,0,Under way using engine,2026-08-23 18:11:43,2026-08-23 10:11:43
132-45.275E,37-57.523N,132.754583,37.95871,016.6,58.9,56,0,Under way using engine,2026-08-23 18:12:49,2026-08-23 10:12:49
132-45.577E,37-57.665N,132.759613,37.961083,016.6,59.5,56,0,Under way using engine,2026-08-23 18:13:49,2026-08-23 10:13:49
132-45.910E,37-57.821N,132.765162,37.963677,016.6,59.4,56,0,Under way using engine,2026-08-23 18:14:55,2026-08-23 10:14:55
132-46.030E,37-57.877N,132.767165,37.96462,016.6,59.5,56,0,Under way using engine,2026-08-23 18:15:19,2026-08-23 10:15:19
132-46.212E,37-57.960N,132.770198,37.966008,016.6,59.2,56,0,Under way using engine,2026-08-23 18:15:55,2026-08-23 10:15:55
132-46.519E,37-58.103N,132.775322,37.96838,016.6,59.7,56,0,Under way using engine,2026-08-23 18:16:55,2026-08-23 10:16:55
132-46.845E,37-58.255N,132.78075,37.970913,016.5,59.2,56,0,Under way using engine,2026-08-23 18:18:01,2026-08-23 10:18:01
132-46.964E,37-58.312N,132.782738,37.97186,016.5,59.1,56,0,Under way using engine,2026-08-23 18:18:25,2026-08-23 10:18:25
132-47.175E,37-58.411N,132.786243,37.973513,016.5,59.2,56,0,Under way using engine,2026-08-23 18:19:07,2026-08-23 10:19:07
132-47.479E,37-58.554N,132.791312,37.975908,016.5,59,56,0,Under way using engine,2026-08-23 18:20:07,2026-08-23 10:20:07
132-47.827E,37-58.719N,132.797123,37.978652,016.5,59.4,56,0,Under way using engine,2026-08-23 18:21:19,2026-08-23 10:21:19
132-48.131E,37-58.864N,132.802182,37.981067,016.5,59,56,0,Under way using engine,2026-08-23 18:22:19,2026-08-23 10:22:19
132-48.432E,37-59.004N,132.807193,37.983407,016.5,59,56,0,Under way using engine,2026-08-23 18:23:19,2026-08-23 10:23:19
132-48.522E,37-59.046N,132.808703,37.984108,016.5,59.2,56,0,Under way using engine,2026-08-23 18:23:37,2026-08-23 10:23:37
132-48.734E,37-59.144N,132.812227,37.985728,016.5,59.3,56,0,Under way using engine,2026-08-23 18:24:19,2026-08-23 10:24:19
132-49.034E,37-59.283N,132.817235,37.988052,016.5,59.6,56,0,Under way using engine,2026-08-23 18:25:19,2026-08-23 10:25:19
132-49.125E,37-59.326N,132.818745,37.988763,016.5,59.3,56,0,Under way using engine,2026-08-23 18:25:37,2026-08-23 10:25:37
132-49.335E,37-59.425N,132.822253,37.990412,016.5,59.1,56,0,Under way using engine,2026-08-23 18:26:19,2026-08-23 10:26:19
132-49.636E,37-59.566N,132.827268,37.992773,016.5,59.2,56,0,Under way using engine,2026-08-23 18:27:19,2026-08-23 10:27:19
132-49.727E,37-59.609N,132.828777,37.993482,016.5,58.8,56,0,Under way using engine,2026-08-23 18:27:37,2026-08-23 10:27:37
132-49.936E,37-59.708N,132.832268,37.995133,016.5,59.2,56,0,Under way using engine,2026-08-23 18:28:19,2026-08-23 10:28:19
132-50.265E,37-59.865N,132.837745,37.997752,016.5,58.7,56,0,Under way using engine,2026-08-23 18:29:25,2026-08-23 10:29:25
132-50.355E,37-59.908N,132.839242,37.998472,016.5,58.9,56,0,Under way using engine,2026-08-23 18:29:43,2026-08-23 10:29:43
132-50.598E,38-0.026N,132.843307,38.000427,016.6,58.7,56,0,Under way using engine,2026-08-23 18:30:31,2026-08-23 10:30:31
132-50.924E,38-0.179N,132.848725,38.002988,016.5,59.3,56,0,Under way using engine,2026-08-23 18:31:37,2026-08-23 10:31:37
132-51.224E,38-0.321N,132.85374,38.005353,016.5,58.9,56,0,Under way using engine,2026-08-23 18:32:37,2026-08-23 10:32:37
132-51.528E,38-0.465N,132.858798,38.007752,016.5,59.2,56,0,Under way using engine,2026-08-23 18:33:37,2026-08-23 10:33:37
132-51.852E,38-0.618N,132.8642,38.0103,016.5,59.4,56,0,Under way using engine,2026-08-23 18:34:43,2026-08-23 10:34:43
132-52.152E,38-0.759N,132.869205,38.012648,016.5,59.3,56,0,Under way using engine,2026-08-23 18:35:43,2026-08-23 10:35:43
132-52.304E,38-0.828N,132.871727,38.013808,016.5,59.5,56,0,Under way using engine,2026-08-23 18:36:13,2026-08-23 10:36:13
132-52.453E,38-0.900N,132.874218,38.015,016.5,59.2,56,0,Under way using engine,2026-08-23 18:36:43,2026-08-23 10:36:43
132-52.633E,38-0.985N,132.87722,38.01641,016.5,59.1,56,0,Under way using engine,2026-08-23 18:37:19,2026-08-23 10:37:19
132-52.754E,38-1.042N,132.879225,38.017367,016.5,58.9,56,0,Under way using engine,2026-08-23 18:37:43,2026-08-23 10:37:43
132-53.060E,38-1.185N,132.884327,38.019757,016.5,58.9,56,0,Under way using engine,2026-08-23 18:38:43,2026-08-23 10:38:43
132-53.264E,38-1.280N,132.88774,38.021325,016.5,59.6,56,0,Under way using engine,2026-08-23 18:39:25,2026-08-23 10:39:25
132-53.384E,38-1.337N,132.88974,38.022278,016.5,59.1,56,0,Under way using engine,2026-08-23 18:39:49,2026-08-23 10:39:49
132-53.685E,38-1.478N,132.894742,38.024625,016.5,59.5,56,0,Under way using engine,2026-08-23 18:40:49,2026-08-23 10:40:49
132-54.014E,38-1.633N,132.900228,38.027223,016.5,59,56,0,Under way using engine,2026-08-23 18:41:55,2026-08-23 10:41:55
132-54.314E,38-1.773N,132.905228,38.029552,016.5,58.9,56,0,Under way using engine,2026-08-23 18:42:55,2026-08-23 10:42:55
132-54.583E,38-1.902N,132.909722,38.031703,016.5,59.5,56,0,Under way using engine,2026-08-23 18:43:49,2026-08-23 10:43:49
132-54.618E,38-1.919N,132.910305,38.031982,016.5,59.2,56,0,Under way using engine,2026-08-23 18:43:55,2026-08-23 10:43:55
132-54.913E,38-2.058N,132.915222,38.034298,016.5,59.5,56,0,Under way using engine,2026-08-23 18:44:55,2026-08-23 10:44:55
132-54.943E,38-2.072N,132.915722,38.034535,016.5,59.4,56,0,Under way using engine,2026-08-23 18:45:02,2026-08-23 10:45:02
132-55.215E,38-2.199N,132.920243,38.036642,016.5,59.6,56,0,Under way using engine,2026-08-23 18:45:55,2026-08-23 10:45:55
132-55.250E,38-2.215N,132.920833,38.036912,016.5,59.7,56,0,Under way using engine,2026-08-23 18:46:02,2026-08-23 10:46:02
132-55.573E,38-2.366N,132.926222,38.039425,016.5,59.7,56,0,Under way using engine,2026-08-23 18:47:07,2026-08-23 10:47:07
132-55.874E,38-2.506N,132.931237,38.041768,016.5,59.8,56,0,Under way using engine,2026-08-23 18:48:07,2026-08-23 10:48:07
132-56.175E,38-2.647N,132.936247,38.044123,016.5,59.2,56,0,Under way using engine,2026-08-23 18:49:07,2026-08-23 10:49:07
132-56.478E,38-2.786N,132.941305,38.04643,016.5,59.4,56,0,Under way using engine,2026-08-23 18:50:07,2026-08-23 10:50:07
132-56.779E,38-2.927N,132.94632,38.04879,016.6,59.5,56,0,Under way using engine,2026-08-23 18:51:07,2026-08-23 10:51:07
132-57.084E,38-3.067N,132.951393,38.051122,016.6,59.4,56,0,Under way using engine,2026-08-23 18:52:07,2026-08-23 10:52:07
132-57.387E,38-3.206N,132.95645,38.05343,016.6,59.6,56,0,Under way using engine,2026-08-23 18:53:08,2026-08-23 10:53:08
132-57.693E,38-3.351N,132.961545,38.05585,016.6,59.4,56,0,Under way using engine,2026-08-23 18:54:08,2026-08-23 10:54:08
132-58.014E,38-3.501N,132.966908,38.058343,016.6,59.1,56,0,Under way using engine,2026-08-23 18:55:13,2026-08-23 10:55:13
132-58.321E,38-3.643N,132.972022,38.060712,016.5,59.6,56,0,Under way using engine,2026-08-23 18:56:13,2026-08-23 10:56:13
132-58.651E,38-3.798N,132.977522,38.063307,016.5,59.4,56,0,Under way using engine,2026-08-23 18:57:19,2026-08-23 10:57:19
132-58.953E,38-3.941N,132.982542,38.06568,016.5,59.3,56,0,Under way using engine,2026-08-23 18:58:19,2026-08-23 10:58:19
132-59.254E,38-4.080N,132.987563,38.068,016.5,59.1,56,0,Under way using engine,2026-08-23 18:59:19,2026-08-23 10:59:19
132-59.555E,38-4.222N,132.992577,38.070372,016.6,59,56,0,Under way using engine,2026-08-23 19:00:19,2026-08-23 11:00:19
132-59.885E,38-4.378N,132.998077,38.072963,016.6,59.3,56,0,Under way using engine,2026-08-23 19:01:25,2026-08-23 11:01:25
133-0.185E,38-4.521N,133.003083,38.075357,016.6,58.5,56,0,Under way using engine,2026-08-23 19:02:25,2026-08-23 11:02:25
133-0.511E,38-4.677N,133.008512,38.077945,016.6,58.8,56,0,Under way using engine,2026-08-23 19:03:31,2026-08-23 11:03:31
133-0.815E,38-4.821N,133.013587,38.080355,016.6,58.5,56,0,Under way using engine,2026-08-23 19:04:31,2026-08-23 11:04:31
133-1.150E,38-4.983N,133.01917,38.083057,016.6,58.6,56,0,Under way using engine,2026-08-23 19:05:37,2026-08-23 11:05:37
133-1.477E,38-5.138N,133.024613,38.085628,016.6,58.4,56,0,Under way using engine,2026-08-23 19:06:43,2026-08-23 11:06:43
133-1.806E,38-5.298N,133.030105,38.088302,016.6,59.1,56,0,Under way using engine,2026-08-23 19:07:49,2026-08-23 11:07:49
133-2.137E,38-5.455N,133.035618,38.090923,016.6,58.4,56,0,Under way using engine,2026-08-23 19:08:54,2026-08-23 11:08:54
133-2.468E,38-5.614N,133.041125,38.093562,016.6,58.8,56,0,Under way using engine,2026-08-23 19:10:01,2026-08-23 11:10:01
133-2.797E,38-5.774N,133.046618,38.096238,016.6,58.6,56,0,Under way using engine,2026-08-23 19:11:07,2026-08-23 11:11:07
133-3.134E,38-5.936N,133.05223,38.098928,016.6,58.3,56,0,Under way using engine,2026-08-23 19:12:14,2026-08-23 11:12:14
133-3.452E,38-6.092N,133.057537,38.101525,016.6,58.3,56,0,Under way using engine,2026-08-23 19:13:19,2026-08-23 11:13:19
133-3.759E,38-6.237N,133.062655,38.103958,016.6,58.7,56,0,Under way using engine,2026-08-23 19:14:19,2026-08-23 11:14:19
133-4.088E,38-6.398N,133.068127,38.106628,016.7,58.2,56,0,Under way using engine,2026-08-23 19:15:25,2026-08-23 11:15:25
133-4.388E,38-6.545N,133.073138,38.10909,016.7,58.3,56,0,Under way using engine,2026-08-23 19:16:25,2026-08-23 11:16:25
133-4.694E,38-6.695N,133.078238,38.111582,016.7,58,56,0,Under way using engine,2026-08-23 19:17:25,2026-08-23 11:17:25
133-5.053E,38-6.864N,133.084215,38.114408,016.8,58.7,57,0,Under way using engine,2026-08-23 19:18:37,2026-08-23 11:18:37
133-5.358E,38-7.010N,133.089298,38.116828,016.8,59.1,57,0,Under way using engine,2026-08-23 19:19:37,2026-08-23 11:19:37
133-5.659E,38-7.148N,133.094322,38.119138,016.8,59.3,58,0,Under way using engine,2026-08-23 19:20:37,2026-08-23 11:20:37
133-5.970E,38-7.292N,133.099502,38.121527,016.8,59.7,58,0,Under way using engine,2026-08-23 19:21:37,2026-08-23 11:21:37
133-6.280E,38-7.430N,133.104672,38.123827,016.8,61.2,59,0,Under way using engine,2026-08-23 19:22:37,2026-08-23 11:22:37
133-6.592E,38-7.565N,133.10987,38.126085,016.8,61.1,60,0,Under way using engine,2026-08-23 19:23:37,2026-08-23 11:23:37
133-6.904E,38-7.698N,133.115072,38.128292,016.8,62,60,0,Under way using engine,2026-08-23 19:24:37,2026-08-23 11:24:37
133-7.219E,38-7.828N,133.120317,38.130467,016.8,62.4,60,0,Under way using engine,2026-08-23 19:25:37,2026-08-23 11:25:37
133-7.535E,38-7.957N,133.125575,38.132623,016.8,62.3,60,0,Under way using engine,2026-08-23 19:26:37,2026-08-23 11:26:37
133-7.848E,38-8.090N,133.130807,38.134825,016.8,62.1,60,0,Under way using engine,2026-08-23 19:27:37,2026-08-23 11:27:37
133-8.161E,38-8.222N,133.136018,38.137028,016.7,62.2,60,0,Under way using engine,2026-08-23 19:28:37,2026-08-23 11:28:37
133-8.474E,38-8.353N,133.14124,38.139213,016.7,61.7,60,0,Under way using engine,2026-08-23 19:29:37,2026-08-23 11:29:37
133-8.787E,38-8.484N,133.146447,38.141392,016.7,61.7,59,0,Under way using engine,2026-08-23 19:30:38,2026-08-23 11:30:38
133-9.099E,38-8.617N,133.151642,38.143615,016.7,61.3,59,0,Under way using engine,2026-08-23 19:31:38,2026-08-23 11:31:38
133-9.413E,38-8.754N,133.156882,38.145908,016.7,61.1,59,0,Under way using engine,2026-08-23 19:32:38,2026-08-23 11:32:38
133-9.716E,38-8.889N,133.161927,38.148158,016.7,59.9,58,0,Under way using engine,2026-08-23 19:33:38,2026-08-23 11:33:38
133-10.029E,38-9.032N,133.167155,38.150533,016.7,60,58,0,Under way using engine,2026-08-23 19:34:38,2026-08-23 11:34:38
133-10.353E,38-9.184N,133.172558,38.15307,016.8,58.8,57,0,Under way using engine,2026-08-23 19:35:43,2026-08-23 11:35:43
133-10.664E,38-9.331N,133.177735,38.155523,016.8,59,57,0,Under way using engine,2026-08-23 19:36:43,2026-08-23 11:36:43
133-10.974E,38-9.481N,133.1829,38.158013,016.7,58.4,57,0,Under way using engine,2026-08-23 19:37:44,2026-08-23 11:37:44
133-11.297E,38-9.635N,133.188277,38.16058,016.8,58.5,57,0,Under way using engine,2026-08-23 19:38:49,2026-08-23 11:38:49
133-11.604E,38-9.783N,133.193407,38.163055,016.8,58.4,57,0,Under way using engine,2026-08-23 19:39:49,2026-08-23 11:39:49
133-11.939E,38-9.942N,133.198985,38.1657,016.7,59.6,58,0,Under way using engine,2026-08-23 19:40:55,2026-08-23 11:40:55
133-12.244E,38-10.085N,133.20407,38.168078,016.7,60.1,59,0,Under way using engine,2026-08-23 19:41:55,2026-08-23 11:41:55
133-12.554E,38-10.223N,133.20923,38.170382,016.7,60.3,59,0,Under way using engine,2026-08-23 19:42:55,2026-08-23 11:42:55
133-12.862E,38-10.359N,133.214362,38.172658,016.7,60.4,59,0,Under way using engine,2026-08-23 19:43:55,2026-08-23 11:43:55
133-13.172E,38-10.499N,133.21953,38.174977,016.8,60.2,59,0,Under way using engine,2026-08-23 19:44:55,2026-08-23 11:44:55
133-13.483E,38-10.638N,133.224713,38.177297,016.8,60.3,59,0,Under way using engine,2026-08-23 19:45:55,2026-08-23 11:45:55
133-13.791E,38-10.777N,133.229858,38.179613,016.8,60.9,59,0,Under way using engine,2026-08-23 19:46:55,2026-08-23 11:46:55
133-14.102E,38-10.914N,133.235038,38.181903,016.8,60.4,59,0,Under way using engine,2026-08-23 19:47:55,2026-08-23 11:47:55
133-14.412E,38-11.053N,133.240192,38.184212,016.8,60.7,59,0,Under way using engine,2026-08-23 19:48:55,2026-08-23 11:48:55
133-14.721E,38-11.192N,133.245345,38.186528,016.7,60.1,59,0,Under way using engine,2026-08-23 19:49:55,2026-08-23 11:49:55
133-15.023E,38-11.327N,133.250382,38.188787,016.7,60.8,59,0,Under way using engine,2026-08-23 19:50:55,2026-08-23 11:50:55
133-15.337E,38-11.468N,133.25561,38.19114,016.7,60.6,59,0,Under way using engine,2026-08-23 19:51:55,2026-08-23 11:51:55
133-15.646E,38-11.607N,133.260772,38.193452,016.7,60.3,59,0,Under way using engine,2026-08-23 19:52:55,2026-08-23 11:52:55
133-15.953E,38-11.746N,133.265877,38.19576,016.7,60,59,0,Under way using engine,2026-08-23 19:53:55,2026-08-23 11:53:55
133-16.259E,38-11.884N,133.270988,38.19807,016.7,60.1,59,0,Under way using engine,2026-08-23 19:54:55,2026-08-23 11:54:55
133-16.563E,38-12.019N,133.27605,38.200315,016.6,60.8,59,0,Under way using engine,2026-08-23 19:55:55,2026-08-23 11:55:55
133-16.876E,38-12.159N,133.281267,38.202643,016.6,60.4,59,0,Under way using engine,2026-08-23 19:56:55,2026-08-23 11:56:55
133-17.181E,38-12.295N,133.286352,38.204922,016.7,60.4,59,0,Under way using engine,2026-08-23 19:57:55,2026-08-23 11:57:55
133-17.489E,38-12.434N,133.29148,38.207237,016.7,60.8,59,0,Under way using engine,2026-08-23 19:58:55,2026-08-23 11:58:55
133-17.797E,38-12.571N,133.296615,38.209523,016.7,60.7,59,0,Under way using engine,2026-08-23 19:59:55,2026-08-23 11:59:55
133-18.104E,38-12.710N,133.301735,38.211825,016.7,60.4,59,0,Under way using engine,2026-08-23 20:00:55,2026-08-23 12:00:55
133-18.413E,38-12.847N,133.306878,38.214123,016.7,60.3,59,0,Under way using engine,2026-08-23 20:01:55,2026-08-23 12:01:55
133-18.721E,38-12.985N,133.312015,38.216422,016.7,60.2,59,0,Under way using engine,2026-08-23 20:02:55,2026-08-23 12:02:55
133-19.029E,38-13.124N,133.317152,38.218727,016.7,60.2,59,0,Under way using engine,2026-08-23 20:03:55,2026-08-23 12:03:55
133-19.338E,38-13.262N,133.322305,38.221028,016.7,60,59,0,Under way using engine,2026-08-23 20:04:56,2026-08-23 12:04:56
133-19.641E,38-13.398N,133.327357,38.223305,016.7,60.2,59,0,Under way using engine,2026-08-23 20:05:55,2026-08-23 12:05:55
133-19.955E,38-13.538N,133.332588,38.22563,016.7,60.2,59,0,Under way using engine,2026-08-23 20:06:55,2026-08-23 12:06:55
133-20.261E,38-13.677N,133.337677,38.227945,016.7,60.1,59,0,Under way using engine,2026-08-23 20:07:55,2026-08-23 12:07:55
133-20.568E,38-13.816N,133.342805,38.230268,016.7,60.1,59,0,Under way using engine,2026-08-23 20:08:55,2026-08-23 12:08:55
133-20.877E,38-13.953N,133.347945,38.232552,016.7,60.4,59,0,Under way using engine,2026-08-23 20:09:55,2026-08-23 12:09:55
133-21.178E,38-14.089N,133.352968,38.234822,016.7,59.8,59,0,Under way using engine,2026-08-23 20:10:55,2026-08-23 12:10:55
133-21.485E,38-14.229N,133.358088,38.237153,016.7,60.3,59,0,Under way using engine,2026-08-23 20:11:55,2026-08-23 12:11:55
133-21.798E,38-14.370N,133.363305,38.239498,016.7,59.7,59,0,Under way using engine,2026-08-23 20:12:54,2026-08-23 12:12:54
133-22.100E,38-14.507N,133.368332,38.24179,016.7,60,59,0,Under way using engine,2026-08-23 20:13:54,2026-08-23 12:13:54
133-22.417E,38-14.652N,133.373617,38.244207,016.7,59.8,59,0,Under way using engine,2026-08-23 20:14:56,2026-08-23 12:14:56
133-22.718E,38-14.791N,133.378638,38.246522,016.7,59.8,59,0,Under way using engine,2026-08-23 20:15:56,2026-08-23 12:15:56
133-23.025E,38-14.930N,133.383742,38.248838,016.7,59.9,59,0,Under way using engine,2026-08-23 20:16:56,2026-08-23 12:16:56
133-23.335E,38-15.071N,133.388913,38.25119,016.7,60.2,59,0,Under way using engine,2026-08-23 20:17:56,2026-08-23 12:17:56
133-23.636E,38-15.209N,133.39394,38.253482,016.7,60.1,59,0,Under way using engine,2026-08-23 20:18:55,2026-08-23 12:18:55
133-23.942E,38-15.349N,133.399033,38.255818,016.7,60.1,59,0,Under way using engine,2026-08-23 20:19:55,2026-08-23 12:19:55
133-24.245E,38-15.486N,133.404075,38.258103,016.7,60.3,59,0,Under way using engine,2026-08-23 20:20:55,2026-08-23 12:20:55
133-24.556E,38-15.629N,133.409265,38.260488,016.7,59.9,59,0,Under way using engine,2026-08-23 20:21:55,2026-08-23 12:21:55
133-24.863E,38-15.769N,133.414375,38.26281,016.7,60.3,59,0,Under way using engine,2026-08-23 20:22:55,2026-08-23 12:22:55
133-25.169E,38-15.910N,133.41949,38.26516,016.7,59.9,59,0,Under way using engine,2026-08-23 20:23:55,2026-08-23 12:23:55
133-25.476E,38-16.051N,133.424607,38.267515,016.8,59.5,59,0,Under way using engine,2026-08-23 20:24:55,2026-08-23 12:24:55
133-25.783E,38-16.191N,133.42972,38.269857,016.8,59.3,59,0,Under way using engine,2026-08-23 20:25:56,2026-08-23 12:25:56
133-26.091E,38-16.334N,133.434857,38.27224,016.8,59.7,59,0,Under way using engine,2026-08-23 20:26:56,2026-08-23 12:26:56
133-26.404E,38-16.479N,133.440063,38.27465,016.8,59.8,59,0,Under way using engine,2026-08-23 20:27:56,2026-08-23 12:27:56
133-26.706E,38-16.618N,133.445092,38.276962,016.7,59.8,59,0,Under way using engine,2026-08-23 20:28:56,2026-08-23 12:28:56
133-27.018E,38-16.762N,133.450305,38.279372,016.8,59.5,59,0,Under way using engine,2026-08-23 20:29:56,2026-08-23 12:29:56
133-27.321E,38-16.901N,133.455355,38.281677,016.8,59.6,59,0,Under way using engine,2026-08-23 20:30:56,2026-08-23 12:30:56
133-27.624E,38-17.040N,133.460393,38.284,016.8,59.9,59,0,Under way using engine,2026-08-23 20:31:54,2026-08-23 12:31:54
133-27.933E,38-17.181N,133.465552,38.286347,016.8,60,59,0,Under way using engine,2026-08-23 20:32:54,2026-08-23 12:32:54
133-28.241E,38-17.322N,133.47068,38.288703,016.8,60,59,0,Under way using engine,2026-08-23 20:33:54,2026-08-23 12:33:54
133-28.555E,38-17.464N,133.475912,38.291067,016.8,59.9,59,0,Under way using engine,2026-08-23 20:34:54,2026-08-23 12:34:54
133-28.858E,38-17.600N,133.480972,38.293335,016.8,60.3,59,0,Under way using engine,2026-08-23 20:35:54,2026-08-23 12:35:54
133-29.167E,38-17.740N,133.48612,38.295665,016.8,60.1,59,0,Under way using engine,2026-08-23 20:36:54,2026-08-23 12:36:54
133-29.477E,38-17.880N,133.491287,38.297995,016.8,60.3,59,0,Under way using engine,2026-08-23 20:37:54,2026-08-23 12:37:54
133-29.793E,38-18.021N,133.496542,38.300357,016.8,60.6,59,0,Under way using engine,2026-08-23 20:38:55,2026-08-23 12:38:55
133-30.102E,38-18.161N,133.501698,38.302687,016.8,60.1,59,0,Under way using engine,2026-08-23 20:39:55,2026-08-23 12:39:55
133-30.410E,38-18.301N,133.506835,38.305012,016.7,60,59,0,Under way using engine,2026-08-23 20:40:55,2026-08-23 12:40:55
133-30.719E,38-18.440N,133.51198,38.307328,016.7,60.2,59,0,Under way using engine,2026-08-23 20:41:55,2026-08-23 12:41:55
133-31.027E,38-18.578N,133.517122,38.309635,016.7,60,59,0,Under way using engine,2026-08-23 20:42:55,2026-08-23 12:42:55
133-31.335E,38-18.717N,133.52225,38.311957,016.7,60.1,59,0,Under way using engine,2026-08-23 20:43:55,2026-08-23 12:43:55
133-31.647E,38-18.859N,133.527458,38.314313,016.6,60.3,59,0,Under way using engine,2026-08-23 20:44:55,2026-08-23 12:44:55
133-31.948E,38-18.995N,133.532462,38.316585,016.6,60.3,59,0,Under way using engine,2026-08-23 20:45:55,2026-08-23 12:45:55
133-32.255E,38-19.134N,133.537583,38.318893,016.6,60.3,59,0,Under way using engine,2026-08-23 20:46:55,2026-08-23 12:46:55
133-32.560E,38-19.271N,133.54266,38.321183,016.6,60.1,59,0,Under way using engine,2026-08-23 20:47:55,2026-08-23 12:47:55
133-32.866E,38-19.409N,133.547767,38.323478,016.6,60,59,0,Under way using engine,2026-08-23 20:48:55,2026-08-23 12:48:55
133-33.176E,38-19.549N,133.552933,38.325817,016.5,60.2,59,0,Under way using engine,2026-08-23 20:49:55,2026-08-23 12:49:55
133-33.506E,38-19.699N,133.558433,38.328313,016.5,59.9,59,0,Under way using engine,2026-08-23 20:51:01,2026-08-23 12:51:01
133-33.811E,38-19.838N,133.563515,38.330632,016.6,60,59,0,Under way using engine,2026-08-23 20:52:01,2026-08-23 12:52:01
133-34.116E,38-19.978N,133.568602,38.332973,016.6,59.7,59,0,Under way using engine,2026-08-23 20:53:01,2026-08-23 12:53:01
133-34.422E,38-20.117N,133.5737,38.33529,016.6,59.6,59,0,Under way using engine,2026-08-23 20:54:01,2026-08-23 12:54:01
133-34.728E,38-20.258N,133.578803,38.337632,016.7,59.5,59,0,Under way using engine,2026-08-23 20:55:01,2026-08-23 12:55:01
133-35.035E,38-20.398N,133.583918,38.339967,016.7,59.8,59,0,Under way using engine,2026-08-23 20:56:01,2026-08-23 12:56:01
133-35.343E,38-20.538N,133.589052,38.342293,016.7,60,59,0,Under way using engine,2026-08-23 20:57:01,2026-08-23 12:57:01
133-35.648E,38-20.678N,133.594138,38.344628,016.7,60.1,59,0,Under way using engine,2026-08-23 20:58:01,2026-08-23 12:58:01
133-35.955E,38-20.817N,133.599242,38.346945,016.7,59.6,59,0,Under way using engine,2026-08-23 20:59:01,2026-08-23 12:59:01
133-36.261E,38-20.956N,133.604355,38.349262,016.7,59.8,59,0,Under way using engine,2026-08-23 21:00:01,2026-08-23 13:00:01
133-36.569E,38-21.096N,133.609475,38.351593,016.7,60.1,59,0,Under way using engine,2026-08-23 21:01:01,2026-08-23 13:01:01
133-36.875E,38-21.236N,133.614588,38.353927,016.7,59.8,59,0,Under way using engine,2026-08-23 21:02:01,2026-08-23 13:02:01
133-37.183E,38-21.374N,133.619712,38.35623,016.7,60.1,59,0,Under way using engine,2026-08-23 21:03:01,2026-08-23 13:03:01
133-37.491E,38-21.513N,133.624852,38.35855,016.7,60,59,0,Under way using engine,2026-08-23 21:04:01,2026-08-23 13:04:01
133-37.803E,38-21.654N,133.630052,38.360897,016.7,60.2,59,0,Under way using engine,2026-08-23 21:05:02,2026-08-23 13:05:02
133-38.105E,38-21.790N,133.635085,38.36317,016.6,60.3,59,0,Under way using engine,2026-08-23 21:06:02,2026-08-23 13:06:02
133-38.417E,38-21.932N,133.64029,38.365528,016.7,60.4,59,0,Under way using engine,2026-08-23 21:07:02,2026-08-23 13:07:02
133-38.720E,38-22.069N,133.64533,38.367817,016.7,60.2,59,0,Under way using engine,2026-08-23 21:08:02,2026-08-23 13:08:02
133-39.027E,38-22.208N,133.650457,38.37013,016.7,60,59,0,Under way using engine,2026-08-23 21:09:02,2026-08-23 13:09:02
133-39.340E,38-22.347N,133.655663,38.372455,016.7,60.6,60,0,Under way using engine,2026-08-23 21:10:02,2026-08-23 13:10:02
133-39.646E,38-22.479N,133.660765,38.374658,016.7,60.6,60,0,Under way using engine,2026-08-23 21:11:02,2026-08-23 13:11:02
133-39.957E,38-22.614N,133.665957,38.376907,016.7,61.1,60,0,Under way using engine,2026-08-23 21:12:01,2026-08-23 13:12:01
133-40.262E,38-22.747N,133.67104,38.379113,016.7,61.5,60,0,Under way using engine,2026-08-23 21:13:01,2026-08-23 13:13:01
133-40.579E,38-22.884N,133.676318,38.381392,016.7,61.8,61,0,Under way using engine,2026-08-23 21:14:01,2026-08-23 13:14:01
133-40.887E,38-23.012N,133.681442,38.383533,016.6,62.7,61,0,Under way using engine,2026-08-23 21:15:01,2026-08-23 13:15:01
133-41.201E,38-23.141N,133.686688,38.385687,016.6,62.4,61,0,Under way using engine,2026-08-23 21:16:01,2026-08-23 13:16:01
133-41.519E,38-23.271N,133.691978,38.387853,016.6,62,61,0,Under way using engine,2026-08-23 21:17:01,2026-08-23 13:17:01
133-41.827E,38-23.399N,133.697112,38.389983,016.6,62.2,61,0,Under way using engine,2026-08-23 21:18:01,2026-08-23 13:18:01
133-42.143E,38-23.530N,133.702375,38.39217,016.5,62.1,61,0,Under way using engine,2026-08-23 21:19:01,2026-08-23 13:19:01
133-42.452E,38-23.663N,133.707535,38.394383,016.6,60.9,60,0,Under way using engine,2026-08-23 21:20:01,2026-08-23 13:20:01
133-42.759E,38-23.796N,133.712655,38.396605,016.6,61.1,60,0,Under way using engine,2026-08-23 21:21:01,2026-08-23 13:21:01
133-43.067E,38-23.932N,133.717787,38.39886,016.6,60.5,60,0,Under way using engine,2026-08-23 21:22:01,2026-08-23 13:22:01
133-43.375E,38-24.068N,133.722923,38.401127,016.5,60.6,60,0,Under way using engine,2026-08-23 21:23:01,2026-08-23 13:23:01
133-43.682E,38-24.202N,133.72804,38.403372,016.5,60.8,60,0,Under way using engine,2026-08-23 21:24:01,2026-08-23 13:24:01
133-43.989E,38-24.339N,133.733153,38.405647,016.5,60.5,60,0,Under way using engine,2026-08-23 21:25:01,2026-08-23 13:25:01
133-44.295E,38-24.473N,133.738245,38.407888,016.5,61.3,60,0,Under way using engine,2026-08-23 21:26:01,2026-08-23 13:26:01
133-44.601E,38-24.608N,133.743357,38.410132,016.5,61,60,0,Under way using engine,2026-08-23 21:27:01,2026-08-23 13:27:01
133-44.907E,38-24.742N,133.748455,38.41236,016.5,61.2,60,0,Under way using engine,2026-08-23 21:28:01,2026-08-23 13:28:01
133-45.214E,38-24.876N,133.75357,38.414592,016.5,60.9,60,0,Under way using engine,2026-08-23 21:29:01,2026-08-23 13:29:01
133-45.544E,38-25.022N,133.759072,38.417027,016.5,60.7,60,0,Under way using engine,2026-08-23 21:30:07,2026-08-23 13:30:07
133-45.852E,38-25.156N,133.764193,38.41926,016.4,60.8,60,0,Under way using engine,2026-08-23 21:31:07,2026-08-23 13:31:07
133-46.160E,38-25.292N,133.769333,38.421535,016.4,61.2,60,0,Under way using engine,2026-08-23 21:32:07,2026-08-23 13:32:07
133-46.460E,38-25.424N,133.77434,38.423735,016.4,61,60,0,Under way using engine,2026-08-23 21:33:07,2026-08-23 13:33:07
133-46.771E,38-25.560N,133.77951,38.425995,016.3,61.1,60,0,Under way using engine,2026-08-23 21:34:07,2026-08-23 13:34:07
133-47.100E,38-25.702N,133.784995,38.428372,016.3,61.3,60,0,Under way using engine,2026-08-23 21:35:13,2026-08-23 13:35:13
133-47.408E,38-25.836N,133.790128,38.430608,016.3,61.1,60,0,Under way using engine,2026-08-23 21:36:13,2026-08-23 13:36:13
133-47.711E,38-25.968N,133.795183,38.4328,016.2,61.2,60,0,Under way using engine,2026-08-23 21:37:13,2026-08-23 13:37:13
133-48.012E,38-26.100N,133.800203,38.435002,016.2,60.6,60,0,Under way using engine,2026-08-23 21:38:13,2026-08-23 13:38:13
133-48.314E,38-26.231N,133.805237,38.437183,016.2,60.7,60,0,Under way using engine,2026-08-23 21:39:13,2026-08-23 13:39:13
133-48.645E,38-26.376N,133.810752,38.439603,016.2,61.1,60,0,Under way using engine,2026-08-23 21:40:20,2026-08-23 13:40:20
133-48.948E,38-26.508N,133.8158,38.441793,016.2,61,59,0,Under way using engine,2026-08-23 21:41:19,2026-08-23 13:41:19
133-49.251E,38-26.645N,133.82085,38.444085,016.2,59.2,58,0,Under way using engine,2026-08-23 21:42:19,2026-08-23 13:42:19
133-49.572E,38-26.796N,133.826203,38.446608,016.3,58.7,58,0,Under way using engine,2026-08-23 21:43:25,2026-08-23 13:43:25
133-49.898E,38-26.952N,133.831625,38.449195,016.3,58.6,58,0,Under way using engine,2026-08-23 21:44:31,2026-08-23 13:44:31
133-50.225E,38-27.104N,133.837075,38.451737,016.3,59.1,58,0,Under way using engine,2026-08-23 21:45:37,2026-08-23 13:45:37
133-50.547E,38-27.256N,133.842442,38.454268,016.3,59.5,58,0,Under way using engine,2026-08-23 21:46:43,2026-08-23 13:46:43
133-50.853E,38-27.396N,133.847552,38.456603,016.3,59.5,58,0,Under way using engine,2026-08-23 21:47:43,2026-08-23 13:47:43
133-51.182E,38-27.549N,133.85303,38.459145,016.4,59.4,58,0,Under way using engine,2026-08-23 21:48:49,2026-08-23 13:48:49
133-51.483E,38-27.687N,133.858048,38.461452,016.3,60,58,0,Under way using engine,2026-08-23 21:49:49,2026-08-23 13:49:49
133-51.811E,38-27.838N,133.863517,38.463973,016.3,59.8,58,0,Under way using engine,2026-08-23 21:50:55,2026-08-23 13:50:55
133-52.139E,38-27.990N,133.868987,38.466508,016.3,59.7,58,0,Under way using engine,2026-08-23 21:52:02,2026-08-23 13:52:02
133-52.444E,38-28.129N,133.87406,38.468815,016.2,59.4,58,0,Under way using engine,2026-08-23 21:53:02,2026-08-23 13:53:02
133-52.767E,38-28.276N,133.879452,38.471272,016.2,59.9,58,0,Under way using engine,2026-08-23 21:54:07,2026-08-23 13:54:07
133-53.098E,38-28.427N,133.88496,38.473775,016.2,59.7,58,0,Under way using engine,2026-08-23 21:55:13,2026-08-23 13:55:13
133-53.425E,38-28.576N,133.890413,38.476272,016.2,59.7,58,0,Under way using engine,2026-08-23 21:56:19,2026-08-23 13:56:19
133-53.754E,38-28.726N,133.895907,38.478762,016.1,59.8,58,0,Under way using engine,2026-08-23 21:57:25,2026-08-23 13:57:25
133-54.081E,38-28.873N,133.901347,38.481217,016.2,59.4,58,0,Under way using engine,2026-08-23 21:58:31,2026-08-23 13:58:31
133-54.385E,38-29.011N,133.906415,38.483522,016.2,60.1,58,0,Under way using engine,2026-08-23 21:59:31,2026-08-23 13:59:31
133-54.701E,38-29.154N,133.91168,38.485903,014.9,60.1,58,0,Under way using engine,2026-08-23 22:00:37,2026-08-23 14:00:37
133-55.011E,38-29.295N,133.916842,38.488257,013.8,60,58,0,Under way using engine,2026-08-23 22:01:49,2026-08-23 14:01:49
133-55.323E,38-29.437N,133.922043,38.490623,014.6,60.1,58,0,Under way using engine,2026-08-23 22:03:01,2026-08-23 14:03:01
133-55.624E,38-29.573N,133.927065,38.492887,015.3,59.7,58,0,Under way using engine,2026-08-23 22:04:07,2026-08-23 14:04:07
133-55.946E,38-29.718N,133.932427,38.4953,015.8,60,58,0,Under way using engine,2026-08-23 22:05:13,2026-08-23 14:05:13
133-56.276E,38-29.866N,133.937925,38.497768,016.1,60.8,58,0,Under way using engine,2026-08-23 22:06:20,2026-08-23 14:06:20
133-56.600E,38-30.012N,133.943338,38.5002,016.3,60.2,58,0,Under way using engine,2026-08-23 22:07:25,2026-08-23 14:07:25
133-56.903E,38-30.148N,133.948382,38.502463,016.3,60.2,58,0,Under way using engine,2026-08-23 22:08:25,2026-08-23 14:08:25
133-57.211E,38-30.284N,133.953518,38.504737,016.4,60.1,58,0,Under way using engine,2026-08-23 22:09:25,2026-08-23 14:09:25
133-57.534E,38-30.429N,133.9589,38.507142,016.4,60.3,58,0,Under way using engine,2026-08-23 22:10:31,2026-08-23 14:10:31
133-57.842E,38-30.567N,133.96404,38.509445,016.5,60.3,58,0,Under way using engine,2026-08-23 22:11:31,2026-08-23 14:11:31
133-58.172E,38-30.714N,133.969528,38.511895,016.4,61.1,58,0,Under way using engine,2026-08-23 22:12:37,2026-08-23 14:12:37
133-58.480E,38-30.852N,133.974672,38.514193,016.4,60.3,58,0,Under way using engine,2026-08-23 22:13:37,2026-08-23 14:13:37
133-58.783E,38-30.987N,133.979723,38.516445,016.4,59.8,58,0,Under way using engine,2026-08-23 22:14:37,2026-08-23 14:14:37
133-59.116E,38-31.137N,133.98527,38.518945,016.3,60.1,58,0,Under way using engine,2026-08-23 22:15:43,2026-08-23 14:15:43
133-59.419E,38-31.271N,133.990312,38.521185,016.3,60.7,58,0,Under way using engine,2026-08-23 22:16:43,2026-08-23 14:16:43
133-59.757E,38-31.422N,133.995948,38.523708,016.3,60.4,58,0,Under way using engine,2026-08-23 22:17:50,2026-08-23 14:17:50
134-0.078E,38-31.567N,134.001297,38.526115,016.3,60,58,0,Under way using engine,2026-08-23 22:18:55,2026-08-23 14:18:55
134-0.386E,38-31.704N,134.00644,38.528402,016.4,60.6,58,0,Under way using engine,2026-08-23 22:19:55,2026-08-23 14:19:55
134-0.715E,38-31.851N,134.011913,38.530853,016.4,60.6,58,0,Under way using engine,2026-08-23 22:21:01,2026-08-23 14:21:01
134-1.020E,38-31.987N,134.016993,38.533115,016.4,60.6,58,0,Under way using engine,2026-08-23 22:22:01,2026-08-23 14:22:01
134-1.328E,38-32.125N,134.02213,38.535415,016.4,60.4,58,0,Under way using engine,2026-08-23 22:23:01,2026-08-23 14:23:01
134-1.662E,38-32.274N,134.027698,38.537905,016.4,60.3,58,0,Under way using engine,2026-08-23 22:24:07,2026-08-23 14:24:07
134-1.967E,38-32.410N,134.032788,38.54016,016.4,60.1,58,0,Under way using engine,2026-08-23 22:25:07,2026-08-23 14:25:07
134-2.270E,38-32.544N,134.037828,38.542408,016.4,60.4,58,0,Under way using engine,2026-08-23 22:26:07,2026-08-23 14:26:07
134-2.576E,38-32.680N,134.042935,38.54467,016.4,60.3,58,0,Under way using engine,2026-08-23 22:27:07,2026-08-23 14:27:07
134-2.885E,38-32.819N,134.048075,38.546977,016.4,59.9,58,0,Under way using engine,2026-08-23 22:28:07,2026-08-23 14:28:07
134-3.209E,38-32.963N,134.05348,38.549378,016.4,60.3,58,0,Under way using engine,2026-08-23 22:29:13,2026-08-23 14:29:13
134-3.520E,38-33.100N,134.05867,38.551672,016.4,60.3,58,0,Under way using engine,2026-08-23 22:30:13,2026-08-23 14:30:13
134-3.823E,38-33.236N,134.063715,38.553932,016.4,59.6,58,0,Under way using engine,2026-08-23 22:31:13,2026-08-23 14:31:13
134-4.126E,38-33.371N,134.068765,38.556188,016.3,60.3,58,0,Under way using engine,2026-08-23 22:32:13,2026-08-23 14:32:13
134-4.433E,38-33.510N,134.073877,38.558495,016.3,60.5,58,0,Under way using engine,2026-08-23 22:33:13,2026-08-23 14:33:13
134-4.757E,38-33.654N,134.07929,38.560905,016.3,60.9,58,0,Under way using engine,2026-08-23 22:34:19,2026-08-23 14:34:19
134-5.065E,38-33.792N,134.08441,38.563195,016.4,60,58,0,Under way using engine,2026-08-23 22:35:19,2026-08-23 14:35:19
134-5.405E,38-33.944N,134.090082,38.565733,016.4,59.9,58,0,Under way using engine,2026-08-23 22:36:25,2026-08-23 14:36:25
134-5.732E,38-34.089N,134.095533,38.568153,016.4,60.3,58,0,Under way using engine,2026-08-23 22:37:31,2026-08-23 14:37:31
134-6.040E,38-34.227N,134.100672,38.57045,016.4,59.9,58,0,Under way using engine,2026-08-23 22:38:32,2026-08-23 14:38:32
134-6.367E,38-34.376N,134.106122,38.57293,016.4,60.3,58,0,Under way using engine,2026-08-23 22:39:37,2026-08-23 14:39:37
134-6.671E,38-34.511N,134.11118,38.575182,016.4,60.4,58,0,Under way using engine,2026-08-23 22:40:37,2026-08-23 14:40:37
134-6.981E,38-34.651N,134.116343,38.57752,016.4,59.8,58,0,Under way using engine,2026-08-23 22:41:37,2026-08-23 14:41:37
134-7.308E,38-34.796N,134.121802,38.579935,016.4,60.2,58,0,Under way using engine,2026-08-23 22:42:43,2026-08-23 14:42:43
134-7.614E,38-34.932N,134.1269,38.582208,016.4,60.7,58,0,Under way using engine,2026-08-23 22:43:43,2026-08-23 14:43:43
134-7.917E,38-35.068N,134.131958,38.584472,016.4,60.7,58,0,Under way using engine,2026-08-23 22:44:43,2026-08-23 14:44:43
134-8.223E,38-35.204N,134.137042,38.586733,016.4,59.7,58,0,Under way using engine,2026-08-23 22:45:43,2026-08-23 14:45:43
134-8.527E,38-35.342N,134.142113,38.589028,016.4,60.2,58,0,Under way using engine,2026-08-23 22:46:42,2026-08-23 14:46:42
134-8.855E,38-35.489N,134.14759,38.591488,016.5,60.2,58,0,Under way using engine,2026-08-23 22:47:49,2026-08-23 14:47:49
134-9.165E,38-35.629N,134.152753,38.59381,016.5,59.9,58,0,Under way using engine,2026-08-23 22:48:49,2026-08-23 14:48:49
134-9.465E,38-35.763N,134.157757,38.59605,016.5,60.2,58,0,Under way using engine,2026-08-23 22:49:49,2026-08-23 14:49:49
134-9.769E,38-35.899N,134.16281,38.598323,016.4,59.8,58,0,Under way using engine,2026-08-23 22:50:49,2026-08-23 14:50:49
134-10.082E,38-36.038N,134.16803,38.60063,016.4,60.2,58,0,Under way using engine,2026-08-23 22:51:49,2026-08-23 14:51:49
134-10.415E,38-36.187N,134.173578,38.603122,016.4,60.1,58,0,Under way using engine,2026-08-23 22:52:55,2026-08-23 14:52:55
134-10.721E,38-36.324N,134.178678,38.605408,016.4,59.9,58,0,Under way using engine,2026-08-23 22:53:55,2026-08-23 14:53:55
134-11.023E,38-36.461N,134.18372,38.607678,016.4,60.2,58,0,Under way using engine,2026-08-23 22:54:55,2026-08-23 14:54:55
134-11.355E,38-36.612N,134.189252,38.610207,016.4,60.2,58,0,Under way using engine,2026-08-23 22:56:01,2026-08-23 14:56:01
134-11.659E,38-36.750N,134.194323,38.612507,016.4,60.1,58,0,Under way using engine,2026-08-23 22:57:01,2026-08-23 14:57:01
134-11.961E,38-36.887N,134.199355,38.61478,016.4,60,58,0,Under way using engine,2026-08-23 22:58:01,2026-08-23 14:58:01
134-12.266E,38-37.025N,134.204425,38.61709,016.4,60.1,58,0,Under way using engine,2026-08-23 22:59:01,2026-08-23 14:59:01
134-12.568E,38-37.163N,134.209473,38.619383,016.4,59.8,58,0,Under way using engine,2026-08-23 23:00:01,2026-08-23 15:00:01
134-12.871E,38-37.300N,134.214518,38.62166,016.4,59.8,58,0,Under way using engine,2026-08-23 23:01:01,2026-08-23 15:01:01
134-13.173E,38-37.437N,134.219557,38.623942,016.3,60,58,0,Under way using engine,2026-08-23 23:02:01,2026-08-23 15:02:01
134-13.476E,38-37.574N,134.224595,38.626238,016.3,59.9,58,0,Under way using engine,2026-08-23 23:03:01,2026-08-23 15:03:01
134-13.776E,38-37.710N,134.229602,38.6285,016.4,59.9,58,0,Under way using engine,2026-08-23 23:04:01,2026-08-23 15:04:01
134-14.080E,38-37.848N,134.234668,38.630803,016.4,59.8,58,0,Under way using engine,2026-08-23 23:05:01,2026-08-23 15:05:01
134-14.381E,38-37.987N,134.239683,38.633113,016.4,59.8,58,0,Under way using engine,2026-08-23 23:06:01,2026-08-23 15:06:01
134-14.685E,38-38.124N,134.244748,38.635398,016.4,59.7,58,0,Under way using engine,2026-08-23 23:07:01,2026-08-23 15:07:01
134-15.014E,38-38.274N,134.250227,38.637895,016.4,59.6,58,0,Under way using engine,2026-08-23 23:08:07,2026-08-23 15:08:07
134-15.320E,38-38.414N,134.25534,38.640232,016.4,59.8,58,0,Under way using engine,2026-08-23 23:09:07,2026-08-23 15:09:07
134-15.623E,38-38.552N,134.260382,38.642525,016.4,59.9,58,0,Under way using engine,2026-08-23 23:10:07,2026-08-23 15:10:07
134-15.927E,38-38.690N,134.265443,38.644833,016.5,59.4,58,0,Under way using engine,2026-08-23 23:11:07,2026-08-23 15:11:07
134-16.228E,38-38.830N,134.270462,38.647165,016.4,59.6,58,0,Under way using engine,2026-08-23 23:12:07,2026-08-23 15:12:07
134-16.530E,38-38.969N,134.275508,38.649477,016.4,59.4,58,0,Under way using engine,2026-08-23 23:13:07,2026-08-23 15:13:07
134-16.834E,38-39.107N,134.280565,38.651788,016.4,59.3,58,0,Under way using engine,2026-08-23 23:14:07,2026-08-23 15:14:07
134-17.135E,38-39.246N,134.285588,38.6541,016.4,59.7,58,0,Under way using engine,2026-08-23 23:15:07,2026-08-23 15:15:07
134-17.438E,38-39.386N,134.290627,38.65644,016.4,60,58,0,Under way using engine,2026-08-23 23:16:07,2026-08-23 15:16:07
134-17.739E,38-39.526N,134.295655,38.65876,016.4,59.7,58,0,Under way using engine,2026-08-23 23:17:07,2026-08-23 15:17:07
134-18.071E,38-39.678N,134.301187,38.661303,016.4,59.9,58,0,Under way using engine,2026-08-23 23:18:13,2026-08-23 15:18:13
134-18.376E,38-39.817N,134.30626,38.663622,016.4,59.8,58,0,Under way using engine,2026-08-23 23:19:13,2026-08-23 15:19:13
134-18.680E,38-39.955N,134.311337,38.665917,016.4,59.6,58,0,Under way using engine,2026-08-23 23:20:13,2026-08-23 15:20:13
134-18.984E,38-40.094N,134.3164,38.668227,016.5,59.8,58,0,Under way using engine,2026-08-23 23:21:13,2026-08-23 15:21:13
134-19.289E,38-40.230N,134.321475,38.670505,016.5,59.5,58,0,Under way using engine,2026-08-23 23:22:13,2026-08-23 15:22:13
134-19.593E,38-40.369N,134.326548,38.672812,016.5,59.6,58,0,Under way using engine,2026-08-23 23:23:13,2026-08-23 15:23:13
134-19.896E,38-40.507N,134.331602,38.675117,016.4,59.8,58,0,Under way using engine,2026-08-23 23:24:13,2026-08-23 15:24:13
134-20.225E,38-40.655N,134.337085,38.677583,016.4,60.1,58,0,Under way using engine,2026-08-23 23:25:19,2026-08-23 15:25:19
134-20.535E,38-40.796N,134.342252,38.67993,016.4,60.4,58,0,Under way using engine,2026-08-23 23:26:19,2026-08-23 15:26:19
134-20.838E,38-40.932N,134.347308,38.682195,016.4,60.2,58,0,Under way using engine,2026-08-23 23:27:19,2026-08-23 15:27:19
134-21.168E,38-41.078N,134.352795,38.684635,016.4,60.1,58,0,Under way using engine,2026-08-23 23:28:25,2026-08-23 15:28:25
134-21.478E,38-41.217N,134.357962,38.686942,016.4,60.1,58,0,Under way using engine,2026-08-23 23:29:25,2026-08-23 15:29:25
134-21.816E,38-41.368N,134.363605,38.689468,016.3,59.9,58,0,Under way using engine,2026-08-23 23:30:31,2026-08-23 15:30:31
134-22.139E,38-41.513N,134.368983,38.691877,016.3,60.4,58,0,Under way using engine,2026-08-23 23:31:37,2026-08-23 15:31:37
134-22.447E,38-41.648N,134.374118,38.694138,016.3,60.3,58,0,Under way using engine,2026-08-23 23:32:37,2026-08-23 15:32:37
134-22.775E,38-41.794N,134.379583,38.69656,016.2,60.2,58,0,Under way using engine,2026-08-23 23:33:43,2026-08-23 15:33:43
134-23.081E,38-41.930N,134.384688,38.698835,016.2,60.7,58,0,Under way using engine,2026-08-23 23:34:43,2026-08-23 15:34:43
134-23.383E,38-42.063N,134.389718,38.701042,016.2,60.2,58,0,Under way using engine,2026-08-23 23:35:43,2026-08-23 15:35:43
134-23.685E,38-42.196N,134.394752,38.703268,016.2,60.4,58,0,Under way using engine,2026-08-23 23:36:43,2026-08-23 15:36:43
134-23.987E,38-42.331N,134.39978,38.705515,016.2,60.4,58,0,Under way using engine,2026-08-23 23:37:43,2026-08-23 15:37:43
134-24.287E,38-42.465N,134.404782,38.707747,016.2,60.1,58,0,Under way using engine,2026-08-23 23:38:43,2026-08-23 15:38:43
134-24.587E,38-42.599N,134.409787,38.709977,016.2,60,58,0,Under way using engine,2026-08-23 23:39:43,2026-08-23 15:39:43
134-24.918E,38-42.746N,134.415298,38.71243,016.2,60,58,0,Under way using engine,2026-08-23 23:40:49,2026-08-23 15:40:49
134-25.218E,38-42.881N,134.420307,38.714687,016.2,60,58,0,Under way using engine,2026-08-23 23:41:49,2026-08-23 15:41:49
134-25.518E,38-43.017N,134.425307,38.716953,016.2,60.2,58,0,Under way using engine,2026-08-23 23:42:49,2026-08-23 15:42:49
134-25.842E,38-43.163N,134.430703,38.719383,016.2,59.7,58,0,Under way using engine,2026-08-23 23:43:55,2026-08-23 15:43:55
134-26.148E,38-43.302N,134.435793,38.721703,016.2,59.5,58,0,Under way using engine,2026-08-23 23:44:55,2026-08-23 15:44:55
134-26.477E,38-43.453N,134.441275,38.724212,016.2,59.6,58,0,Under way using engine,2026-08-23 23:46:01,2026-08-23 15:46:01
134-26.806E,38-43.601N,134.446762,38.72668,016.2,59.9,58,0,Under way using engine,2026-08-23 23:47:07,2026-08-23 15:47:07
134-27.135E,38-43.750N,134.452243,38.729173,016.2,59.8,58,0,Under way using engine,2026-08-23 23:48:13,2026-08-23 15:48:13
134-27.459E,38-43.898N,134.457642,38.731635,016.2,59.7,58,0,Under way using engine,2026-08-23 23:49:19,2026-08-23 15:49:19
134-27.759E,38-44.035N,134.46265,38.733913,016.2,59.6,58,0,Under way using engine,2026-08-23 23:50:19,2026-08-23 15:50:19
134-28.063E,38-44.171N,134.467722,38.736187,016.2,59.9,58,0,Under way using engine,2026-08-23 23:51:19,2026-08-23 15:51:19
134-28.385E,38-44.320N,134.47309,38.738665,016.2,59.8,58,0,Under way using engine,2026-08-23 23:52:25,2026-08-23 15:52:25
134-28.691E,38-44.457N,134.47819,38.740943,016.2,60.2,58,0,Under way using engine,2026-08-23 23:53:25,2026-08-23 15:53:25
134-29.020E,38-44.607N,134.483672,38.743443,016.2,60.2,58,0,Under way using engine,2026-08-23 23:54:31,2026-08-23 15:54:31
134-29.350E,38-44.755N,134.489163,38.745923,016.1,60,58,0,Under way using engine,2026-08-23 23:55:38,2026-08-23 15:55:38
134-29.652E,38-44.892N,134.494205,38.748193,016.1,60,58,0,Under way using engine,2026-08-23 23:56:38,2026-08-23 15:56:38
134-29.977E,38-45.038N,134.49961,38.750632,016.0,59.7,58,0,Under way using engine,2026-08-23 23:57:43,2026-08-23 15:57:43
134-30.302E,38-45.185N,134.505025,38.753078,016.0,60.1,58,0,Under way using engine,2026-08-23 23:58:49,2026-08-23 15:58:49
134-30.629E,38-45.334N,134.510482,38.755563,016.1,59.9,58,0,Under way using engine,2026-08-23 23:59:55,2026-08-23 15:59:55
134-30.953E,38-45.482N,134.515887,38.758032,016.2,59.5,58,0,Under way using engine,2026-08-24 00:01:01,2026-08-23 16:01:01
134-31.256E,38-45.620N,134.520927,38.760332,016.2,59.2,58,0,Under way using engine,2026-08-24 00:02:01,2026-08-23 16:02:01
134-31.584E,38-45.772N,134.526395,38.762865,016.2,59.7,58,0,Under way using engine,2026-08-24 00:03:07,2026-08-23 16:03:07
134-31.912E,38-45.922N,134.531863,38.76537,016.1,60,58,0,Under way using engine,2026-08-24 00:04:13,2026-08-23 16:04:13
134-32.238E,38-46.072N,134.537302,38.76787,016.1,59.6,58,0,Under way using engine,2026-08-24 00:05:19,2026-08-23 16:05:19
134-32.565E,38-46.224N,134.542752,38.770393,016.1,59.6,58,0,Under way using engine,2026-08-24 00:06:25,2026-08-23 16:06:25
134-32.884E,38-46.370N,134.548073,38.772837,016.0,59.6,58,0,Under way using engine,2026-08-24 00:07:31,2026-08-23 16:07:31
134-33.185E,38-46.511N,134.553088,38.775182,016.1,59.6,59,0,Under way using engine,2026-08-24 00:08:31,2026-08-23 16:08:31
134-33.486E,38-46.647N,134.558095,38.77745,016.0,59.9,59,0,Under way using engine,2026-08-24 00:09:31,2026-08-23 16:09:31
134-33.808E,38-46.790N,134.563463,38.779827,016.1,60,59,0,Under way using engine,2026-08-24 00:10:37,2026-08-23 16:10:37
134-34.136E,38-46.936N,134.568937,38.78226,016.0,60,59,0,Under way using engine,2026-08-24 00:11:43,2026-08-23 16:11:43
134-34.464E,38-47.081N,134.574397,38.78469,016.0,60,59,0,Under way using engine,2026-08-24 00:12:50,2026-08-23 16:12:50
134-34.791E,38-47.228N,134.579853,38.787133,016.0,60,59,0,Under way using engine,2026-08-24 00:13:55,2026-08-23 16:13:55
134-35.093E,38-47.361N,134.58488,38.789358,016.0,60.2,59,0,Under way using engine,2026-08-24 00:14:55,2026-08-23 16:14:55
134-35.409E,38-47.504N,134.590143,38.79173,015.9,60.8,59,0,Under way using engine,2026-08-24 00:16:01,2026-08-23 16:16:01
134-35.710E,38-47.638N,134.59516,38.793973,016.0,60.2,59,0,Under way using engine,2026-08-24 00:17:01,2026-08-23 16:17:01
134-36.036E,38-47.783N,134.6006,38.79638,016.0,60.3,59,0,Under way using engine,2026-08-24 00:18:07,2026-08-23 16:18:07
134-36.358E,38-47.926N,134.605968,38.798772,016.0,60.2,59,0,Under way using engine,2026-08-24 00:19:12,2026-08-23 16:19:12
134-36.682E,38-48.072N,134.611362,38.801202,015.9,59.8,59,0,Under way using engine,2026-08-24 00:20:18,2026-08-23 16:20:18
134-37.012E,38-48.221N,134.616873,38.803678,015.9,59.8,59,0,Under way using engine,2026-08-24 00:21:25,2026-08-23 16:21:25
134-37.331E,38-48.364N,134.622178,38.806063,015.9,60,59,0,Under way using engine,2026-08-24 00:22:31,2026-08-23 16:22:31
134-37.660E,38-48.512N,134.627668,38.808535,015.9,59.5,59,0,Under way using engine,2026-08-24 00:23:37,2026-08-23 16:23:37
134-37.985E,38-48.658N,134.633075,38.81096,015.9,59.7,59,0,Under way using engine,2026-08-24 00:24:44,2026-08-23 16:24:44
134-38.304E,38-48.800N,134.638398,38.813337,015.9,59.9,59,0,Under way using engine,2026-08-24 00:25:49,2026-08-23 16:25:49
134-38.631E,38-48.948N,134.643858,38.815795,015.8,59.8,59,0,Under way using engine,2026-08-24 00:26:55,2026-08-23 16:26:55
134-38.954E,38-49.096N,134.649232,38.818265,015.9,60.1,59,0,Under way using engine,2026-08-24 00:28:01,2026-08-23 16:28:01
134-39.277E,38-49.239N,134.654623,38.820657,015.8,60,59,0,Under way using engine,2026-08-24 00:29:07,2026-08-23 16:29:07
134-39.606E,38-49.388N,134.660107,38.82314,015.9,60.1,59,0,Under way using engine,2026-08-24 00:30:13,2026-08-23 16:30:13
134-39.921E,38-49.530N,134.66535,38.825493,015.9,59.8,59,0,Under way using engine,2026-08-24 00:31:19,2026-08-23 16:31:19
134-40.222E,38-49.664N,134.670367,38.827732,016.0,59.9,59,0,Under way using engine,2026-08-24 00:32:19,2026-08-23 16:32:19
134-40.547E,38-49.811N,134.675783,38.830187,016.0,60,59,0,Under way using engine,2026-08-24 00:33:25,2026-08-23 16:33:25
134-40.872E,38-49.960N,134.681207,38.832665,016.0,59.7,59,0,Under way using engine,2026-08-24 00:34:31,2026-08-23 16:34:31
134-41.198E,38-50.107N,134.686638,38.83511,016.0,59.3,59,0,Under way using engine,2026-08-24 00:35:37,2026-08-23 16:35:37
134-41.529E,38-50.258N,134.692152,38.837635,016.0,59.5,59,0,Under way using engine,2026-08-24 00:36:43,2026-08-23 16:36:43
134-41.845E,38-50.400N,134.697415,38.840008,015.9,60.2,59,0,Under way using engine,2026-08-24 00:37:49,2026-08-23 16:37:49
134-42.146E,38-50.536N,134.70243,38.842273,015.9,60.1,59,0,Under way using engine,2026-08-24 00:38:48,2026-08-23 16:38:48
134-42.464E,38-50.681N,134.707727,38.844678,015.9,59.4,59,0,Under way using engine,2026-08-24 00:39:54,2026-08-23 16:39:54
134-42.792E,38-50.830N,134.713202,38.84717,015.8,59.7,59,0,Under way using engine,2026-08-24 00:41:01,2026-08-23 16:41:01
134-43.117E,38-50.977N,134.71862,38.849623,015.7,59.7,59,0,Under way using engine,2026-08-24 00:42:07,2026-08-23 16:42:07
134-43.433E,38-51.122N,134.723877,38.852035,015.7,59.2,59,0,Under way using engine,2026-08-24 00:43:13,2026-08-23 16:43:13
134-43.752E,38-51.268N,134.729208,38.854463,015.7,59.6,59,0,Under way using engine,2026-08-24 00:44:19,2026-08-23 16:44:19
134-44.072E,38-51.413N,134.73453,38.85689,015.7,60.3,59,0,Under way using engine,2026-08-24 00:45:25,2026-08-23 16:45:25
134-44.388E,38-51.555N,134.739792,38.859257,015.7,59.5,59,0,Under way using engine,2026-08-24 00:46:31,2026-08-23 16:46:31
134-44.711E,38-51.703N,134.745178,38.861715,015.7,59.2,59,0,Under way using engine,2026-08-24 00:47:37,2026-08-23 16:47:37
134-45.036E,38-51.851N,134.750602,38.864175,015.7,59.9,59,0,Under way using engine,2026-08-24 00:48:43,2026-08-23 16:48:43
134-45.350E,38-51.996N,134.755825,38.866607,015.7,59.5,59,0,Under way using engine,2026-08-24 00:49:49,2026-08-23 16:49:49
134-45.668E,38-52.142N,134.761133,38.86904,015.7,59.8,59,0,Under way using engine,2026-08-24 00:50:55,2026-08-23 16:50:55
134-45.987E,38-52.287N,134.766455,38.871453,015.6,59.8,59,0,Under way using engine,2026-08-24 00:52:01,2026-08-23 16:52:01
134-46.300E,38-52.431N,134.771665,38.873847,015.7,59.6,59,0,Under way using engine,2026-08-24 00:53:07,2026-08-23 16:53:07
134-46.624E,38-52.579N,134.777073,38.876313,015.7,59.1,59,0,Under way using engine,2026-08-24 00:54:13,2026-08-23 16:54:13
134-46.948E,38-52.726N,134.782467,38.878772,015.7,59.6,59,0,Under way using engine,2026-08-24 00:55:19,2026-08-23 16:55:19
134-47.258E,38-52.866N,134.787632,38.881102,015.7,60,59,0,Under way using engine,2026-08-24 00:56:25,2026-08-23 16:56:25
134-47.581E,38-53.015N,134.793015,38.883583,015.7,59.6,59,0,Under way using engine,2026-08-24 00:57:31,2026-08-23 16:57:31
134-47.901E,38-53.158N,134.79835,38.88597,015.7,60.4,60,0,Under way using engine,2026-08-24 00:58:37,2026-08-23 16:58:37
134-48.225E,38-53.300N,134.803748,38.888335,015.7,61.3,60,0,Under way using engine,2026-08-24 00:59:43,2026-08-23 16:59:43
134-48.549E,38-53.439N,134.809152,38.890655,015.7,61.1,60,0,Under way using engine,2026-08-24 01:00:49,2026-08-23 17:00:49
134-48.873E,38-53.580N,134.814547,38.893007,015.8,61.5,60,0,Under way using engine,2026-08-24 01:01:55,2026-08-23 17:01:55
134-49.198E,38-53.722N,134.819972,38.895362,015.8,61.4,60,0,Under way using engine,2026-08-24 01:03:01,2026-08-23 17:03:01
134-49.500E,38-53.852N,134.825002,38.897533,015.8,61.3,60,0,Under way using engine,2026-08-24 01:04:01,2026-08-23 17:04:01
134-49.822E,38-53.991N,134.83036,38.899847,015.9,61.3,60,0,Under way using engine,2026-08-24 01:05:07,2026-08-23 17:05:07
134-50.148E,38-54.132N,134.835807,38.902208,015.9,60.7,60,0,Under way using engine,2026-08-24 01:06:13,2026-08-23 17:06:13
134-50.475E,38-54.273N,134.841255,38.90455,015.9,60.9,60,0,Under way using engine,2026-08-24 01:07:19,2026-08-23 17:07:19
134-50.805E,38-54.415N,134.846747,38.906917,015.9,61.2,60,0,Under way using engine,2026-08-24 01:08:25,2026-08-23 17:08:25
134-51.134E,38-54.556N,134.852238,38.909265,016.0,61.3,60,0,Under way using engine,2026-08-24 01:09:31,2026-08-23 17:09:31
134-51.464E,38-54.697N,134.857733,38.911618,016.0,61.2,60,0,Under way using engine,2026-08-24 01:10:37,2026-08-23 17:10:37
134-51.765E,38-54.826N,134.862752,38.913767,016.0,61.1,60,0,Under way using engine,2026-08-24 01:11:37,2026-08-23 17:11:37
134-52.066E,38-54.955N,134.867772,38.915923,016.0,61.6,60,0,Under way using engine,2026-08-24 01:12:37,2026-08-23 17:12:37
134-52.368E,38-55.086N,134.872795,38.918093,016.1,61.1,60,0,Under way using engine,2026-08-24 01:13:37,2026-08-23 17:13:37
134-52.670E,38-55.215N,134.877833,38.920243,016.1,61.2,60,0,Under way using engine,2026-08-24 01:14:37,2026-08-23 17:14:37
134-52.979E,38-55.346N,134.882982,38.92243,016.1,61,60,0,Under way using engine,2026-08-24 01:15:37,2026-08-23 17:15:37
134-53.307E,38-55.487N,134.888453,38.924782,016.2,61.4,60,0,Under way using engine,2026-08-24 01:16:43,2026-08-23 17:16:43
134-53.611E,38-55.615N,134.893522,38.926922,016.2,61.3,60,0,Under way using engine,2026-08-24 01:17:43,2026-08-23 17:17:43
134-53.918E,38-55.745N,134.898637,38.92909,016.3,61.4,60,0,Under way using engine,2026-08-24 01:18:43,2026-08-23 17:18:43
134-54.223E,38-55.874N,134.903713,38.931237,016.2,61.8,60,0,Under way using engine,2026-08-24 01:19:43,2026-08-23 17:19:43
134-54.536E,38-56.008N,134.908937,38.93346,016.3,61.8,60,0,Under way using engine,2026-08-24 01:20:43,2026-08-23 17:20:43
134-54.836E,38-56.134N,134.913938,38.935563,016.2,61.5,60,0,Under way using engine,2026-08-24 01:21:43,2026-08-23 17:21:43
134-55.145E,38-56.267N,134.919082,38.937777,016.2,60.8,59,0,Under way using engine,2026-08-24 01:22:43,2026-08-23 17:22:43
134-55.473E,38-56.413N,134.924543,38.940222,016.2,59.7,58,0,Under way using engine,2026-08-24 01:23:49,2026-08-23 17:23:49
134-55.774E,38-56.549N,134.92957,38.942478,016.2,60.2,58,0,Under way using engine,2026-08-24 01:24:49,2026-08-23 17:24:49
134-56.080E,38-56.685N,134.934665,38.944755,016.2,60.1,58,0,Under way using engine,2026-08-24 01:25:49,2026-08-23 17:25:49
134-56.400E,38-56.831N,134.940007,38.947188,016.2,60.4,58,0,Under way using engine,2026-08-24 01:26:55,2026-08-23 17:26:55
134-56.705E,38-56.969N,134.945082,38.949487,016.2,60.2,58,0,Under way using engine,2026-08-24 01:27:55,2026-08-23 17:27:55
134-57.038E,38-57.118N,134.950635,38.951962,016.2,60.3,58,0,Under way using engine,2026-08-24 01:29:01,2026-08-23 17:29:01
134-57.339E,38-57.252N,134.955652,38.954192,016.2,60,58,0,Under way using engine,2026-08-24 01:30:01,2026-08-23 17:30:01
134-57.647E,38-57.389N,134.960783,38.956482,016.2,60.7,58,0,Under way using engine,2026-08-24 01:31:01,2026-08-23 17:31:01
134-57.974E,38-57.535N,134.966228,38.958915,016.2,60.3,58,0,Under way using engine,2026-08-24 01:32:07,2026-08-23 17:32:07
134-58.277E,38-57.669N,134.97129,38.961147,016.3,60.5,58,0,Under way using engine,2026-08-24 01:33:07,2026-08-23 17:33:07
134-58.580E,38-57.802N,134.976335,38.963372,016.2,60.2,58,0,Under way using engine,2026-08-24 01:34:07,2026-08-23 17:34:07
134-58.883E,38-57.936N,134.981387,38.965593,016.2,60.5,58,0,Under way using engine,2026-08-24 01:35:07,2026-08-23 17:35:07
134-59.214E,38-58.085N,134.986905,38.968087,016.2,60,58,0,Under way using engine,2026-08-24 01:36:13,2026-08-23 17:36:13
134-59.542E,38-58.231N,134.992373,38.970522,016.2,60.2,58,0,Under way using engine,2026-08-24 01:37:19,2026-08-23 17:37:19
134-59.848E,38-58.368N,134.99747,38.972795,016.2,59.5,57,0,Under way using engine,2026-08-24 01:38:19,2026-08-23 17:38:19
135-0.177E,38-58.520N,135.002953,38.975325,016.2,59,57,0,Under way using engine,2026-08-24 01:39:25,2026-08-23 17:39:25
135-0.506E,38-58.673N,135.008427,38.977883,016.2,59.5,57,0,Under way using engine,2026-08-24 01:40:31,2026-08-23 17:40:31
135-0.833E,38-58.826N,135.013888,38.980435,016.2,59.6,57,0,Under way using engine,2026-08-24 01:41:37,2026-08-23 17:41:37
135-1.161E,38-58.980N,135.019355,38.983007,016.2,59.4,57,0,Under way using engine,2026-08-24 01:42:43,2026-08-23 17:42:43
135-1.488E,38-59.132N,135.024792,38.985538,016.2,59.4,57,0,Under way using engine,2026-08-24 01:43:49,2026-08-23 17:43:49
135-1.815E,38-59.283N,135.030255,38.988057,016.2,59.3,57,0,Under way using engine,2026-08-24 01:44:55,2026-08-23 17:44:55
135-2.143E,38-59.435N,135.035713,38.990588,016.2,59.5,57,0,Under way using engine,2026-08-24 01:46:01,2026-08-23 17:46:01
135-2.472E,38-59.587N,135.041192,38.993118,016.2,59.6,57,0,Under way using engine,2026-08-24 01:47:07,2026-08-23 17:47:07
135-2.801E,38-59.740N,135.046685,38.995662,016.2,59.5,57,0,Under way using engine,2026-08-24 01:48:13,2026-08-23 17:48:13
135-3.132E,38-59.889N,135.052203,38.998155,016.2,60.6,58,0,Under way using engine,2026-08-24 01:49:20,2026-08-23 17:49:20
135-3.435E,39-0.023N,135.057243,39.000388,016.2,60.8,58,0,Under way using engine,2026-08-24 01:50:19,2026-08-23 17:50:19
135-3.743E,39-0.160N,135.062385,39.002668,016.3,60.5,58,0,Under way using engine,2026-08-24 01:51:19,2026-08-23 17:51:19
135-4.066E,39-0.302N,135.06776,39.005033,016.3,60.3,58,0,Under way using engine,2026-08-24 01:52:25,2026-08-23 17:52:25
135-4.375E,39-0.438N,135.072917,39.0073,016.3,60.2,58,0,Under way using engine,2026-08-24 01:53:25,2026-08-23 17:53:25
135-4.709E,39-0.585N,135.07849,39.009753,016.3,60.5,58,0,Under way using engine,2026-08-24 01:54:31,2026-08-23 17:54:31
135-5.012E,39-0.719N,135.083537,39.011987,016.2,60.6,58,0,Under way using engine,2026-08-24 01:55:31,2026-08-23 17:55:31
135-5.320E,39-0.855N,135.08866,39.01425,016.2,60.1,58,0,Under way using engine,2026-08-24 01:56:31,2026-08-23 17:56:31
135-5.648E,39-1.001N,135.094128,39.01668,016.3,60,58,0,Under way using engine,2026-08-24 01:57:38,2026-08-23 17:57:38
135-5.956E,39-1.137N,135.099265,39.018942,016.3,60.4,58,0,Under way using engine,2026-08-24 01:58:38,2026-08-23 17:58:38
135-6.260E,39-1.271N,135.104332,39.02119,016.3,60.7,58,0,Under way using engine,2026-08-24 01:59:38,2026-08-23 17:59:38
135-6.589E,39-1.416N,135.10981,39.0236,016.2,60.4,58,0,Under way using engine,2026-08-24 02:00:43,2026-08-23 18:00:43
135-6.892E,39-1.551N,135.114862,39.025853,016.2,60.5,58,0,Under way using engine,2026-08-24 02:01:43,2026-08-23 18:01:43
135-7.194E,39-1.685N,135.119903,39.028087,016.2,60.4,58,0,Under way using engine,2026-08-24 02:02:43,2026-08-23 18:02:43
135-7.497E,39-1.820N,135.124952,39.03034,016.3,60.3,58,0,Under way using engine,2026-08-24 02:03:43,2026-08-23 18:03:43
135-7.830E,39-1.968N,135.130498,39.032795,016.3,60,58,0,Under way using engine,2026-08-24 02:04:48,2026-08-23 18:04:48
135-8.159E,39-2.113N,135.13598,39.035223,016.3,60.2,58,0,Under way using engine,2026-08-24 02:05:55,2026-08-23 18:05:55
135-8.467E,39-2.251N,135.141115,39.03751,016.3,60.6,58,0,Under way using engine,2026-08-24 02:06:55,2026-08-23 18:06:55
135-8.796E,39-2.397N,135.146597,39.039948,016.3,60.8,58,0,Under way using engine,2026-08-24 02:08:01,2026-08-23 18:08:01
135-9.105E,39-2.534N,135.15175,39.042235,016.3,60.3,58,0,Under way using engine,2026-08-24 02:09:01,2026-08-23 18:09:01
135-9.410E,39-2.668N,135.156825,39.044467,016.3,60.7,58,0,Under way using engine,2026-08-24 02:10:00,2026-08-23 18:10:00
135-9.710E,39-2.799N,135.16184,39.046642,016.3,60.3,58,0,Under way using engine,2026-08-24 02:11:00,2026-08-23 18:11:00
135-10.015E,39-2.934N,135.166923,39.048903,016.3,60.1,58,0,Under way using engine,2026-08-24 02:12:00,2026-08-23 18:12:00
135-10.322E,39-3.069N,135.172027,39.051153,016.3,60.6,58,0,Under way using engine,2026-08-24 02:13:00,2026-08-23 18:13:00
135-10.627E,39-3.203N,135.17712,39.05339,016.3,60.7,58,0,Under way using engine,2026-08-24 02:14:00,2026-08-23 18:14:00
135-10.939E,39-3.341N,135.182323,39.055677,016.4,60.4,58,0,Under way using engine,2026-08-24 02:15:00,2026-08-23 18:15:00
135-11.269E,39-3.485N,135.187823,39.058075,016.3,60.6,58,0,Under way using engine,2026-08-24 02:16:07,2026-08-23 18:16:07
135-11.580E,39-3.621N,135.192998,39.060345,016.3,60.7,58,0,Under way using engine,2026-08-24 02:17:07,2026-08-23 18:17:07
135-11.914E,39-3.768N,135.198573,39.062792,016.3,60.9,58,0,Under way using engine,2026-08-24 02:18:13,2026-08-23 18:18:13
135-12.220E,39-3.902N,135.20367,39.065025,016.3,60,57,0,Under way using engine,2026-08-24 02:19:13,2026-08-23 18:19:13
135-12.530E,39-4.040N,135.208832,39.067325,016.4,60.1,57,0,Under way using engine,2026-08-24 02:20:13,2026-08-23 18:20:13
135-12.859E,39-4.190N,135.214313,39.069827,016.4,59.8,57,0,Under way using engine,2026-08-24 02:21:19,2026-08-23 18:21:19
135-13.194E,39-4.341N,135.219897,39.072357,016.4,59.8,57,0,Under way using engine,2026-08-24 02:22:25,2026-08-23 18:22:25
135-13.499E,39-4.479N,135.224978,39.07465,016.4,60,57,0,Under way using engine,2026-08-24 02:23:25,2026-08-23 18:23:25
135-13.802E,39-4.617N,135.230028,39.076957,016.4,60,57,0,Under way using engine,2026-08-24 02:24:25,2026-08-23 18:24:25
135-14.106E,39-4.755N,135.235095,39.079242,016.4,59.6,57,0,Under way using engine,2026-08-24 02:25:25,2026-08-23 18:25:25
135-14.410E,39-4.891N,135.24016,39.081523,016.4,59.8,57,0,Under way using engine,2026-08-24 02:26:25,2026-08-23 18:26:25
135-14.714E,39-5.030N,135.245227,39.083828,016.3,60.1,57,0,Under way using engine,2026-08-24 02:27:25,2026-08-23 18:27:25
135-15.023E,39-5.170N,135.250375,39.086162,016.4,60.2,57,0,Under way using engine,2026-08-24 02:28:25,2026-08-23 18:28:25
135-15.351E,39-5.318N,135.255855,39.088627,016.4,60,57,0,Under way using engine,2026-08-24 02:29:31,2026-08-23 18:29:31
135-15.662E,39-5.456N,135.261025,39.090925,016.4,60.3,57,0,Under way using engine,2026-08-24 02:30:32,2026-08-23 18:30:32
135-15.962E,39-5.589N,135.266035,39.093155,016.4,59.8,57,0,Under way using engine,2026-08-24 02:31:32,2026-08-23 18:31:32
135-16.273E,39-5.729N,135.27121,39.095475,016.4,60,57,0,Under way using engine,2026-08-24 02:32:32,2026-08-23 18:32:32
135-16.577E,39-5.865N,135.27629,39.097757,016.4,60,57,0,Under way using engine,2026-08-24 02:33:32,2026-08-23 18:33:32
135-16.902E,39-6.009N,135.281702,39.100152,016.4,60,57,0,Under way using engine,2026-08-24 02:34:37,2026-08-23 18:34:37
135-17.213E,39-6.148N,135.286887,39.102463,016.4,59.9,57,0,Under way using engine,2026-08-24 02:35:37,2026-08-23 18:35:37
135-17.516E,39-6.282N,135.291932,39.104698,016.5,60.1,57,0,Under way using engine,2026-08-24 02:36:37,2026-08-23 18:36:37
135-17.829E,39-6.420N,135.297147,39.106998,016.5,60.2,57,0,Under way using engine,2026-08-24 02:37:37,2026-08-23 18:37:37
135-18.136E,39-6.557N,135.30226,39.109285,016.5,60.6,57,0,Under way using engine,2026-08-24 02:38:37,2026-08-23 18:38:37
135-18.439E,39-6.692N,135.307317,39.11153,016.5,60.7,57,0,Under way using engine,2026-08-24 02:39:37,2026-08-23 18:39:37
135-18.754E,39-6.829N,135.312573,39.113822,016.5,60.3,57,0,Under way using engine,2026-08-24 02:40:37,2026-08-23 18:40:37
135-19.058E,39-6.963N,135.317625,39.11605,016.6,60.8,57,0,Under way using engine,2026-08-24 02:41:37,2026-08-23 18:41:37
135-19.373E,39-7.102N,135.32288,39.118367,016.5,60.3,57,0,Under way using engine,2026-08-24 02:42:37,2026-08-23 18:42:37
135-19.677E,39-7.237N,135.327945,39.12062,016.5,60.5,57,0,Under way using engine,2026-08-24 02:43:37,2026-08-23 18:43:37
135-19.986E,39-7.373N,135.333105,39.122878,016.5,60.4,57,0,Under way using engine,2026-08-24 02:44:37,2026-08-23 18:44:37
135-20.300E,39-7.509N,135.338332,39.125153,016.5,61,57,0,Under way using engine,2026-08-24 02:45:37,2026-08-23 18:45:37
135-20.604E,39-7.643N,135.343408,39.12738,016.5,60.2,57,0,Under way using engine,2026-08-24 02:46:37,2026-08-23 18:46:37
135-20.920E,39-7.781N,135.348662,39.129687,016.5,60.2,57,0,Under way using engine,2026-08-24 02:47:37,2026-08-23 18:47:37
135-21.224E,39-7.914N,135.353738,39.131898,016.6,60.6,57,0,Under way using engine,2026-08-24 02:48:37,2026-08-23 18:48:37
135-21.536E,39-8.048N,135.358925,39.134135,016.6,60.9,57,0,Under way using engine,2026-08-24 02:49:37,2026-08-23 18:49:37
135-21.857E,39-8.187N,135.36428,39.136443,016.6,60.9,57,0,Under way using engine,2026-08-24 02:50:37,2026-08-23 18:50:37
135-22.164E,39-8.319N,135.369398,39.138657,016.6,61,57,0,Under way using engine,2026-08-24 02:51:37,2026-08-23 18:51:37
135-22.475E,39-8.454N,135.374582,39.140902,016.6,60.8,57,0,Under way using engine,2026-08-24 02:52:37,2026-08-23 18:52:37
135-22.785E,39-8.591N,135.379742,39.143177,016.6,60.4,57,0,Under way using engine,2026-08-24 02:53:37,2026-08-23 18:53:37
135-23.095E,39-8.728N,135.384918,39.145465,016.6,60.5,57,0,Under way using engine,2026-08-24 02:54:37,2026-08-23 18:54:37
135-23.412E,39-8.865N,135.390198,39.147758,016.6,60.8,57,0,Under way using engine,2026-08-24 02:55:37,2026-08-23 18:55:37
135-23.717E,39-8.998N,135.395285,39.149968,016.6,60.9,57,0,Under way using engine,2026-08-24 02:56:37,2026-08-23 18:56:37
135-24.028E,39-9.133N,135.400468,39.15221,016.6,60.3,57,0,Under way using engine,2026-08-24 02:57:37,2026-08-23 18:57:37
135-24.335E,39-9.265N,135.405575,39.15441,016.5,60.7,57,0,Under way using engine,2026-08-24 02:58:37,2026-08-23 18:58:37
135-24.649E,39-9.402N,135.410815,39.156698,016.5,60.2,56,0,Under way using engine,2026-08-24 02:59:37,2026-08-23 18:59:37
135-24.949E,39-9.539N,135.41582,39.15899,016.5,60.1,56,0,Under way using engine,2026-08-24 03:00:37,2026-08-23 19:00:37
135-25.261E,39-9.681N,135.421017,39.161342,016.5,59.9,56,0,Under way using engine,2026-08-24 03:01:37,2026-08-23 19:01:37
135-25.567E,39-9.819N,135.426123,39.163643,016.5,59.6,56,0,Under way using engine,2026-08-24 03:02:37,2026-08-23 19:02:37
135-25.868E,39-9.955N,135.431135,39.165918,016.5,59.8,56,0,Under way using engine,2026-08-24 03:03:37,2026-08-23 19:03:37
135-26.179E,39-10.097N,135.436323,39.168287,016.5,60.1,56,0,Under way using engine,2026-08-24 03:04:37,2026-08-23 19:04:37
135-26.482E,39-10.232N,135.441372,39.17053,016.5,60.2,56,0,Under way using engine,2026-08-24 03:05:37,2026-08-23 19:05:37
135-26.795E,39-10.372N,135.44658,39.17287,016.4,59.8,56,0,Under way using engine,2026-08-24 03:06:37,2026-08-23 19:06:37
135-27.100E,39-10.509N,135.451673,39.175152,016.4,59.8,56,0,Under way using engine,2026-08-24 03:07:37,2026-08-23 19:07:37
135-27.401E,39-10.645N,135.456688,39.17742,016.4,60.2,56,0,Under way using engine,2026-08-24 03:08:37,2026-08-23 19:08:37
135-27.711E,39-10.787N,135.461855,39.179783,016.5,59.8,56,0,Under way using engine,2026-08-24 03:09:37,2026-08-23 19:09:37
135-28.012E,39-10.922N,135.466873,39.182027,016.4,60,56,0,Under way using engine,2026-08-24 03:10:37,2026-08-23 19:10:37
135-28.318E,39-11.059N,135.47197,39.18431,016.4,60,56,0,Under way using engine,2026-08-24 03:11:37,2026-08-23 19:11:37
135-28.631E,39-11.199N,135.477177,39.186643,016.5,60.2,56,0,Under way using engine,2026-08-24 03:12:37,2026-08-23 19:12:37
135-28.932E,39-11.334N,135.482198,39.1889,016.5,60,56,0,Under way using engine,2026-08-24 03:13:37,2026-08-23 19:13:37
135-29.245E,39-11.473N,135.487423,39.191218,016.5,60.2,56,0,Under way using engine,2026-08-24 03:14:37,2026-08-23 19:14:37
135-29.551E,39-11.612N,135.492523,39.19353,016.5,59.5,56,0,Under way using engine,2026-08-24 03:15:37,2026-08-23 19:15:37
135-29.859E,39-11.749N,135.497645,39.195823,016.5,60,56,0,Under way using engine,2026-08-24 03:16:37,2026-08-23 19:16:37
135-30.173E,39-11.889N,135.502877,39.198145,016.5,60.1,56,0,Under way using engine,2026-08-24 03:17:37,2026-08-23 19:17:37
135-30.506E,39-12.036N,135.508433,39.200592,016.4,60.1,56,0,Under way using engine,2026-08-24 03:18:43,2026-08-23 19:18:43
135-30.813E,39-12.172N,135.513543,39.20287,016.5,60,56,0,Under way using engine,2026-08-24 03:19:43,2026-08-23 19:19:43
135-31.115E,39-12.305N,135.518583,39.205083,016.4,60.3,56,0,Under way using engine,2026-08-24 03:20:43,2026-08-23 19:20:43
135-31.428E,39-12.444N,135.523802,39.2074,016.4,60.5,56,0,Under way using engine,2026-08-24 03:21:43,2026-08-23 19:21:43
135-31.736E,39-12.579N,135.528933,39.20965,016.4,60.7,56,0,Under way using engine,2026-08-24 03:22:43,2026-08-23 19:22:43
135-32.044E,39-12.714N,135.534072,39.211895,016.4,60.7,56,0,Under way using engine,2026-08-24 03:23:43,2026-08-23 19:23:43
135-32.352E,39-12.849N,135.539205,39.214142,016.4,60.5,56,0,Under way using engine,2026-08-24 03:24:43,2026-08-23 19:24:43
135-32.654E,39-12.982N,135.544237,39.216365,016.4,61,56,0,Under way using engine,2026-08-24 03:25:43,2026-08-23 19:25:43
135-32.968E,39-13.119N,135.549465,39.218643,016.4,60.8,56,0,Under way using engine,2026-08-24 03:26:43,2026-08-23 19:26:43
135-33.275E,39-13.251N,135.554583,39.220855,016.4,60.1,56,0,Under way using engine,2026-08-24 03:27:43,2026-08-23 19:27:43
135-33.576E,39-13.384N,135.559603,39.22306,016.3,60.5,56,0,Under way using engine,2026-08-24 03:28:43,2026-08-23 19:28:43
135-33.888E,39-13.520N,135.564795,39.225327,016.3,60.3,56,0,Under way using engine,2026-08-24 03:29:43,2026-08-23 19:29:43
135-34.188E,39-13.652N,135.569808,39.227538,016.3,60.6,56,0,Under way using engine,2026-08-24 03:30:43,2026-08-23 19:30:43
135-34.503E,39-13.791N,135.57505,39.22985,016.3,60.5,56,0,Under way using engine,2026-08-24 03:31:44,2026-08-23 19:31:44
135-34.806E,39-13.922N,135.580097,39.232028,016.4,60.6,56,0,Under way using engine,2026-08-24 03:32:44,2026-08-23 19:32:44
135-35.111E,39-14.057N,135.58519,39.234282,016.3,60.6,56,0,Under way using engine,2026-08-24 03:33:44,2026-08-23 19:33:44
135-35.422E,39-14.194N,135.590368,39.23656,016.3,60.7,56,0,Under way using engine,2026-08-24 03:34:44,2026-08-23 19:34:44
135-35.723E,39-14.327N,135.595378,39.238775,016.3,60.1,56,0,Under way using engine,2026-08-24 03:35:43,2026-08-23 19:35:43
135-36.027E,39-14.462N,135.600448,39.241027,016.3,60.5,56,0,Under way using engine,2026-08-24 03:36:43,2026-08-23 19:36:43
135-36.332E,39-14.595N,135.605535,39.243253,016.3,60.4,56,0,Under way using engine,2026-08-24 03:37:43,2026-08-23 19:37:43
135-36.637E,39-14.729N,135.610618,39.245485,016.3,60.1,56,0,Under way using engine,2026-08-24 03:38:43,2026-08-23 19:38:43
135-36.946E,39-14.866N,135.615773,39.247767,016.2,60,56,0,Under way using engine,2026-08-24 03:39:43,2026-08-23 19:39:43
135-37.277E,39-15.012N,135.621285,39.250192,016.3,60.5,56,0,Under way using engine,2026-08-24 03:40:49,2026-08-23 19:40:49
135-37.582E,39-15.146N,135.62637,39.252437,016.3,60.3,56,0,Under way using engine,2026-08-24 03:41:49,2026-08-23 19:41:49
135-37.887E,39-15.281N,135.631455,39.254685,016.3,60,56,0,Under way using engine,2026-08-24 03:42:49,2026-08-23 19:42:49
135-38.192E,39-15.415N,135.636532,39.256918,016.3,60.6,56,0,Under way using engine,2026-08-24 03:43:50,2026-08-23 19:43:50
135-38.504E,39-15.552N,135.641728,39.259208,016.3,60.7,56,0,Under way using engine,2026-08-24 03:44:49,2026-08-23 19:44:49
135-38.834E,39-15.698N,135.64723,39.261625,016.3,60.5,56,0,Under way using engine,2026-08-24 03:45:55,2026-08-23 19:45:55
135-39.140E,39-15.831N,135.65234,39.263858,016.3,60.9,56,0,Under way using engine,2026-08-24 03:46:55,2026-08-23 19:46:55
135-39.441E,39-15.962N,135.657345,39.266025,016.3,60.6,56,0,Under way using engine,2026-08-24 03:47:55,2026-08-23 19:47:55
135-39.750E,39-16.098N,135.662508,39.268307,016.3,60.5,56,0,Under way using engine,2026-08-24 03:48:55,2026-08-23 19:48:55
135-40.057E,39-16.232N,135.667615,39.270537,016.2,60.3,56,0,Under way using engine,2026-08-24 03:49:55,2026-08-23 19:49:55
135-40.362E,39-16.365N,135.672697,39.272753,016.2,60.5,56,0,Under way using engine,2026-08-24 03:50:55,2026-08-23 19:50:55
135-40.666E,39-16.501N,135.67776,39.275022,016.2,60,56,0,Under way using engine,2026-08-24 03:51:55,2026-08-23 19:51:55
135-40.993E,39-16.646N,135.683213,39.277425,016.1,60.2,56,0,Under way using engine,2026-08-24 03:53:01,2026-08-23 19:53:01
135-41.298E,39-16.780N,135.688292,39.279672,016.0,60.1,56,0,Under way using engine,2026-08-24 03:54:01,2026-08-23 19:54:01
135-41.604E,39-16.916N,135.693407,39.28194,016.0,60,56,0,Under way using engine,2026-08-24 03:55:01,2026-08-23 19:55:01
135-41.924E,39-17.058N,135.698727,39.284298,016.0,60.4,56,0,Under way using engine,2026-08-24 03:56:07,2026-08-23 19:56:07
135-42.227E,39-17.193N,135.703778,39.286555,016.0,60.5,56,0,Under way using engine,2026-08-24 03:57:07,2026-08-23 19:57:07
135-42.550E,39-17.338N,135.709172,39.28897,016.0,60.2,56,0,Under way using engine,2026-08-24 03:58:12,2026-08-23 19:58:12
135-42.884E,39-17.487N,135.714728,39.291445,016.0,60.1,56,0,Under way using engine,2026-08-24 03:59:19,2026-08-23 19:59:19
135-43.188E,39-17.621N,135.719792,39.293683,016.0,60.2,56,0,Under way using engine,2026-08-24 04:00:19,2026-08-23 20:00:19
135-43.506E,39-17.763N,135.725093,39.29605,016.0,60.1,56,0,Under way using engine,2026-08-24 04:01:25,2026-08-23 20:01:25
135-43.808E,39-17.898N,135.730133,39.298305,016.0,60.1,56,0,Under way using engine,2026-08-24 04:02:25,2026-08-23 20:02:25
135-44.112E,39-18.032N,135.735207,39.30054,016.0,60.3,56,0,Under way using engine,2026-08-24 04:03:25,2026-08-23 20:03:25
135-44.437E,39-18.178N,135.740617,39.30297,016.0,60.4,56,0,Under way using engine,2026-08-24 04:04:31,2026-08-23 20:04:31
135-44.765E,39-18.325N,135.746087,39.305418,016.0,59.5,56,0,Under way using engine,2026-08-24 04:05:37,2026-08-23 20:05:37
135-45.097E,39-18.476N,135.751622,39.307925,016.0,59.6,56,0,Under way using engine,2026-08-24 04:06:43,2026-08-23 20:06:43
135-45.420E,39-18.621N,135.756993,39.310343,016.0,59.7,56,0,Under way using engine,2026-08-24 04:07:49,2026-08-23 20:07:49
135-45.749E,39-18.768N,135.762477,39.312803,016.0,59.5,56,0,Under way using engine,2026-08-24 04:08:55,2026-08-23 20:08:55
135-46.076E,39-18.917N,135.767928,39.31528,016.0,59.4,56,0,Under way using engine,2026-08-24 04:10:01,2026-08-23 20:10:01
135-46.397E,39-19.063N,135.773287,39.317722,016.0,59.4,56,0,Under way using engine,2026-08-24 04:11:07,2026-08-23 20:11:07
135-46.700E,39-19.201N,135.778325,39.320023,016.0,59.5,56,0,Under way using engine,2026-08-24 04:12:07,2026-08-23 20:12:07
135-47.020E,39-19.349N,135.783667,39.322475,015.9,59.1,56,0,Under way using engine,2026-08-24 04:13:13,2026-08-23 20:13:13
135-47.321E,39-19.487N,135.788687,39.324787,015.9,59.7,56,0,Under way using engine,2026-08-24 04:14:13,2026-08-23 20:14:13
135-47.650E,39-19.639N,135.794168,39.327315,015.9,59.3,56,0,Under way using engine,2026-08-24 04:15:19,2026-08-23 20:15:19
135-47.969E,39-19.786N,135.79948,39.329763,015.9,58.7,56,0,Under way using engine,2026-08-24 04:16:25,2026-08-23 20:16:25
135-48.292E,39-19.937N,135.804872,39.332277,015.9,59.2,56,0,Under way using engine,2026-08-24 04:17:31,2026-08-23 20:17:31
135-48.621E,39-20.088N,135.810343,39.334792,015.9,59.2,56,0,Under way using engine,2026-08-24 04:18:37,2026-08-23 20:18:37
135-48.963E,39-20.247N,135.81605,39.337447,015.9,59.2,56,0,Under way using engine,2026-08-24 04:19:49,2026-08-23 20:19:49
135-49.289E,39-20.400N,135.821487,39.339995,015.8,59.4,56,0,Under way using engine,2026-08-24 04:20:55,2026-08-23 20:20:55
135-49.616E,39-20.552N,135.826927,39.342527,015.8,58.9,56,0,Under way using engine,2026-08-24 04:22:01,2026-08-23 20:22:01
135-49.933E,39-20.698N,135.832222,39.344973,015.9,58.7,56,0,Under way using engine,2026-08-24 04:23:07,2026-08-23 20:23:07
135-50.255E,39-20.848N,135.837583,39.347473,015.8,59.4,56,0,Under way using engine,2026-08-24 04:24:13,2026-08-23 20:24:13
135-50.580E,39-21.002N,135.843005,39.350028,015.8,58.9,56,0,Under way using engine,2026-08-24 04:25:19,2026-08-23 20:25:19
135-50.892E,39-21.147N,135.848193,39.352457,015.8,58.4,56,0,Under way using engine,2026-08-24 04:26:25,2026-08-23 20:26:25
135-51.192E,39-21.289N,135.853202,39.354822,015.8,58.9,56,0,Under way using engine,2026-08-24 04:27:26,2026-08-23 20:27:26
135-51.509E,39-21.438N,135.858482,39.357298,015.9,58.8,56,0,Under way using engine,2026-08-24 04:28:32,2026-08-23 20:28:32
135-51.828E,39-21.588N,135.863805,39.359807,015.8,58.6,56,0,Under way using engine,2026-08-24 04:29:37,2026-08-23 20:29:37
135-52.148E,39-21.740N,135.86914,39.36234,015.8,58.5,56,0,Under way using engine,2026-08-24 04:30:43,2026-08-23 20:30:43
135-52.466E,39-21.889N,135.874432,39.364813,015.8,60,58,0,Under way using engine,2026-08-24 04:31:48,2026-08-23 20:31:48
135-52.792E,39-22.036N,135.879868,39.36727,015.8,60.3,58,0,Under way using engine,2026-08-24 04:32:55,2026-08-23 20:32:55
135-53.094E,39-22.170N,135.884898,39.369508,015.8,60.6,58,0,Under way using engine,2026-08-24 04:33:55,2026-08-23 20:33:55
135-53.414E,39-22.313N,135.890228,39.371875,015.8,60.3,58,0,Under way using engine,2026-08-24 04:35:01,2026-08-23 20:35:01
135-53.738E,39-22.457N,135.895637,39.374282,015.8,60,58,0,Under way using engine,2026-08-24 04:36:07,2026-08-23 20:36:07
135-54.038E,39-22.589N,135.90064,39.376488,015.8,60.2,58,0,Under way using engine,2026-08-24 04:37:07,2026-08-23 20:37:07
135-54.358E,39-22.733N,135.90597,39.378882,015.8,59.9,58,0,Under way using engine,2026-08-24 04:38:13,2026-08-23 20:38:13
135-54.681E,39-22.879N,135.911357,39.38131,015.8,59.4,58,0,Under way using engine,2026-08-24 04:39:19,2026-08-23 20:39:19
135-54.999E,39-23.024N,135.916647,39.383725,015.8,59.7,58,0,Under way using engine,2026-08-24 04:40:25,2026-08-23 20:40:25
135-55.327E,39-23.173N,135.922117,39.386222,015.8,59.4,58,0,Under way using engine,2026-08-24 04:41:31,2026-08-23 20:41:31
135-55.650E,39-23.321N,135.927493,39.38868,015.8,59,58,0,Under way using engine,2026-08-24 04:42:37,2026-08-23 20:42:37
135-55.972E,39-23.470N,135.932868,39.391167,015.9,58.6,58,0,Under way using engine,2026-08-24 04:43:44,2026-08-23 20:43:44
135-56.290E,39-23.618N,135.938167,39.393637,015.9,58.7,58,0,Under way using engine,2026-08-24 04:44:48,2026-08-23 20:44:48
135-56.617E,39-23.770N,135.943618,39.396173,015.8,58.6,58,0,Under way using engine,2026-08-24 04:45:55,2026-08-23 20:45:55
135-56.939E,39-23.921N,135.948985,39.398685,015.8,58.5,58,0,Under way using engine,2026-08-24 04:47:01,2026-08-23 20:47:01
135-57.256E,39-24.069N,135.954268,39.401152,015.8,59,58,0,Under way using engine,2026-08-24 04:48:07,2026-08-23 20:48:07
135-57.583E,39-24.222N,135.959713,39.403702,015.9,59,58,0,Under way using engine,2026-08-24 04:49:13,2026-08-23 20:49:13
135-57.905E,39-24.373N,135.965087,39.406215,015.9,58.9,58,0,Under way using engine,2026-08-24 04:50:19,2026-08-23 20:50:19
135-58.227E,39-24.525N,135.970457,39.408748,015.9,58.8,58,0,Under way using engine,2026-08-24 04:51:25,2026-08-23 20:51:25
135-58.556E,39-24.681N,135.975927,39.411345,016.0,58.3,58,0,Under way using engine,2026-08-24 04:52:31,2026-08-23 20:52:31
135-58.874E,39-24.831N,135.981225,39.413852,016.0,58.3,59,0,Under way using engine,2026-08-24 04:53:37,2026-08-23 20:53:37
135-59.199E,39-24.982N,135.986643,39.41636,016.0,59.1,59,0,Under way using engine,2026-08-24 04:54:43,2026-08-23 20:54:43
135-59.527E,39-25.131N,135.992115,39.418845,016.0,59.7,59,0,Under way using engine,2026-08-24 04:55:48,2026-08-23 20:55:48
135-59.856E,39-25.281N,135.997597,39.421355,016.0,59.3,59,0,Under way using engine,2026-08-24 04:56:55,2026-08-23 20:56:55
136-0.184E,39-25.430N,136.003068,39.423838,016.0,59.5,59,0,Under way using engine,2026-08-24 04:58:01,2026-08-23 20:58:01
136-0.512E,39-25.580N,136.008527,39.426332,016.1,59.6,59,0,Under way using engine,2026-08-24 04:59:07,2026-08-23 20:59:07
136-0.840E,39-25.729N,136.014008,39.42881,016.0,59.4,59,0,Under way using engine,2026-08-24 05:00:13,2026-08-23 21:00:13
136-1.164E,39-25.876N,136.019398,39.43126,016.0,59.3,59,0,Under way using engine,2026-08-24 05:01:18,2026-08-23 21:01:18
136-1.467E,39-26.014N,136.02445,39.433568,016.0,59.3,59,0,Under way using engine,2026-08-24 05:02:18,2026-08-23 21:02:18
136-1.790E,39-26.163N,136.029825,39.43605,016.1,58.9,59,0,Under way using engine,2026-08-24 05:03:25,2026-08-23 21:03:25
136-2.092E,39-26.303N,136.034867,39.43838,016.1,58.9,59,0,Under way using engine,2026-08-24 05:04:25,2026-08-23 21:04:25
136-2.420E,39-26.455N,136.04033,39.44091,016.1,59.2,59,0,Under way using engine,2026-08-24 05:05:31,2026-08-23 21:05:31
136-2.721E,39-26.591N,136.045358,39.443183,016.1,59.9,60,0,Under way using engine,2026-08-24 05:06:31,2026-08-23 21:06:31
136-3.023E,39-26.726N,136.050387,39.445427,016.1,60.1,60,0,Under way using engine,2026-08-24 05:07:31,2026-08-23 21:07:31
136-3.350E,39-26.870N,136.055828,39.447832,016.1,60.2,60,0,Under way using engine,2026-08-24 05:08:37,2026-08-23 21:08:37
136-3.656E,39-27.004N,136.060928,39.45007,016.0,60.9,60,0,Under way using engine,2026-08-24 05:09:37,2026-08-23 21:09:37
136-3.986E,39-27.150N,136.066427,39.452493,016.0,60.2,60,0,Under way using engine,2026-08-24 05:10:43,2026-08-23 21:10:43
136-4.314E,39-27.294N,136.071897,39.454895,015.9,59.8,60,0,Under way using engine,2026-08-24 05:11:49,2026-08-23 21:11:49
136-4.618E,39-27.428N,136.076973,39.457135,015.9,59.8,60,0,Under way using engine,2026-08-24 05:12:49,2026-08-23 21:12:49
136-4.935E,39-27.571N,136.082247,39.459515,015.9,60,60,0,Under way using engine,2026-08-24 05:13:55,2026-08-23 21:13:55
136-5.238E,39-27.705N,136.087295,39.46175,015.9,60,60,0,Under way using engine,2026-08-24 05:14:55,2026-08-23 21:14:55
136-5.568E,39-27.853N,136.092792,39.464217,015.8,59.8,60,0,Under way using engine,2026-08-24 05:16:01,2026-08-23 21:16:01
136-5.884E,39-27.994N,136.09807,39.466565,015.9,60.1,60,0,Under way using engine,2026-08-24 05:17:06,2026-08-23 21:17:06
136-6.216E,39-28.141N,136.103607,39.469018,015.9,59.8,60,0,Under way using engine,2026-08-24 05:18:13,2026-08-23 21:18:13
136-6.519E,39-28.275N,136.108648,39.471257,015.9,60,60,0,Under way using engine,2026-08-24 05:19:14,2026-08-23 21:19:14
136-6.842E,39-28.417N,136.11403,39.473622,015.9,59.8,60,0,Under way using engine,2026-08-24 05:20:19,2026-08-23 21:20:19
136-7.144E,39-28.551N,136.119062,39.475843,015.8,60,60,0,Under way using engine,2026-08-24 05:21:19,2026-08-23 21:21:19
136-7.471E,39-28.695N,136.124513,39.478243,015.8,60.2,60,0,Under way using engine,2026-08-24 05:22:25,2026-08-23 21:22:25
136-7.792E,39-28.837N,136.12986,39.480618,015.9,60.1,60,0,Under way using engine,2026-08-24 05:23:31,2026-08-23 21:23:31
136-8.125E,39-28.985N,136.13541,39.483078,015.9,60.2,60,0,Under way using engine,2026-08-24 05:24:38,2026-08-23 21:24:38
136-8.447E,39-29.128N,136.140787,39.48547,015.9,60.5,60,0,Under way using engine,2026-08-24 05:25:43,2026-08-23 21:25:43
136-8.748E,39-29.260N,136.145797,39.48766,015.9,60.2,60,0,Under way using engine,2026-08-24 05:26:43,2026-08-23 21:26:43
136-9.050E,39-29.394N,136.150835,39.489902,015.9,60.8,60,0,Under way using engine,2026-08-24 05:27:43,2026-08-23 21:27:43
136-9.374E,39-29.537N,136.156227,39.492285,016.0,60.1,60,0,Under way using engine,2026-08-24 05:28:49,2026-08-23 21:28:49
136-9.732E,39-29.696N,136.162195,39.494928,015.9,60,60,0,Under way using engine,2026-08-24 05:30:01,2026-08-23 21:30:01
136-10.062E,39-29.841N,136.167692,39.497357,016.0,60.2,60,0,Under way using engine,2026-08-24 05:31:07,2026-08-23 21:31:07
136-10.391E,39-29.986N,136.173187,39.499762,016.0,60.2,60,0,Under way using engine,2026-08-24 05:32:14,2026-08-23 21:32:14
136-10.697E,39-30.120N,136.178275,39.502002,015.9,60.4,60,0,Under way using engine,2026-08-24 05:33:14,2026-08-23 21:33:14
136-11.020E,39-30.262N,136.183662,39.504372,016.0,60.1,60,0,Under way using engine,2026-08-24 05:34:18,2026-08-23 21:34:18
136-11.320E,39-30.395N,136.188667,39.506578,016.0,60.6,60,0,Under way using engine,2026-08-24 05:35:19,2026-08-23 21:35:19
136-11.649E,39-30.540N,136.194152,39.508992,015.9,60.4,60,0,Under way using engine,2026-08-24 05:36:25,2026-08-23 21:36:25
136-11.974E,39-30.684N,136.199568,39.511395,015.9,59.9,60,0,Under way using engine,2026-08-24 05:37:31,2026-08-23 21:37:31
136-12.277E,39-30.818N,136.204618,39.513633,015.9,60.2,60,0,Under way using engine,2026-08-24 05:38:31,2026-08-23 21:38:31
136-12.605E,39-30.963N,136.210085,39.516042,015.9,60.4,60,0,Under way using engine,2026-08-24 05:39:37,2026-08-23 21:39:37
136-12.928E,39-31.107N,136.215472,39.518442,015.9,60.3,60,0,Under way using engine,2026-08-24 05:40:42,2026-08-23 21:40:42
136-13.257E,39-31.253N,136.220943,39.520888,016.0,60.1,60,0,Under way using engine,2026-08-24 05:41:48,2026-08-23 21:41:48
136-13.560E,39-31.389N,136.226007,39.523145,016.0,60,60,0,Under way using engine,2026-08-24 05:42:48,2026-08-23 21:42:48
136-13.884E,39-31.533N,136.231393,39.525552,016.0,60.3,60,0,Under way using engine,2026-08-24 05:43:55,2026-08-23 21:43:55
136-14.189E,39-31.671N,136.236475,39.527845,016.0,59.9,60,0,Under way using engine,2026-08-24 05:44:55,2026-08-23 21:44:55
136-14.521E,39-31.817N,136.242023,39.530278,016.0,60,60,0,Under way using engine,2026-08-24 05:46:01,2026-08-23 21:46:01
136-14.847E,39-31.960N,136.247445,39.532665,016.0,59.9,60,0,Under way using engine,2026-08-24 05:47:06,2026-08-23 21:47:06
136-15.150E,39-32.095N,136.252507,39.534915,016.0,59.9,60,0,Under way using engine,2026-08-24 05:48:06,2026-08-23 21:48:06
136-15.475E,39-32.240N,136.257913,39.537327,016.0,60,60,0,Under way using engine,2026-08-24 05:49:13,2026-08-23 21:49:13
136-15.780E,39-32.374N,136.262998,39.539565,016.0,60.1,60,0,Under way using engine,2026-08-24 05:50:13,2026-08-23 21:50:13
136-16.109E,39-32.519N,136.268488,39.541983,016.0,59.9,60,0,Under way using engine,2026-08-24 05:51:19,2026-08-23 21:51:19
136-16.440E,39-32.665N,136.274,39.544415,016.0,60.2,60,0,Under way using engine,2026-08-24 05:52:25,2026-08-23 21:52:25
136-16.768E,39-32.809N,136.27947,39.546818,016.0,59.9,60,0,Under way using engine,2026-08-24 05:53:31,2026-08-23 21:53:31
136-17.076E,39-32.943N,136.284603,39.549055,016.0,60.1,60,0,Under way using engine,2026-08-24 05:54:31,2026-08-23 21:54:31
136-17.401E,39-33.085N,136.29001,39.551418,015.9,60.5,60,0,Under way using engine,2026-08-24 05:55:37,2026-08-23 21:55:37
136-17.731E,39-33.230N,136.295515,39.553825,016.0,60.6,60,0,Under way using engine,2026-08-24 05:56:43,2026-08-23 21:56:43
136-18.035E,39-33.363N,136.300582,39.556055,015.9,60.8,60,0,Under way using engine,2026-08-24 05:57:43,2026-08-23 21:57:43
136-18.361E,39-33.505N,136.306018,39.558412,015.9,60.8,60,0,Under way using engine,2026-08-24 05:58:49,2026-08-23 21:58:49
136-18.663E,39-33.635N,136.311045,39.560575,015.9,61.1,60,0,Under way using engine,2026-08-24 05:59:49,2026-08-23 21:59:49
136-18.964E,39-33.765N,136.316063,39.562758,015.9,60.8,60,0,Under way using engine,2026-08-24 06:00:49,2026-08-23 22:00:49
136-19.265E,39-33.896N,136.321078,39.564932,016.0,60.3,60,0,Under way using engine,2026-08-24 06:01:49,2026-08-23 22:01:49
136-19.570E,39-34.028N,136.326173,39.56713,016.0,60.4,60,0,Under way using engine,2026-08-24 06:02:49,2026-08-23 22:02:49
136-19.891E,39-34.168N,136.331515,39.569467,016.0,61,60,0,Under way using engine,2026-08-24 06:03:55,2026-08-23 22:03:55
136-20.199E,39-34.301N,136.336645,39.57168,016.0,61.2,60,0,Under way using engine,2026-08-24 06:04:55,2026-08-23 22:04:55
136-20.500E,39-34.432N,136.341665,39.573862,016.0,60.8,60,0,Under way using engine,2026-08-24 06:05:55,2026-08-23 22:05:55
136-20.803E,39-34.563N,136.34672,39.576052,016.0,60.9,60,0,Under way using engine,2026-08-24 06:06:55,2026-08-23 22:06:55
136-21.138E,39-34.710N,136.352305,39.578497,016.0,60.3,60,0,Under way using engine,2026-08-24 06:08:01,2026-08-23 22:08:01
136-21.461E,39-34.848N,136.357685,39.580798,016.0,61.4,60,0,Under way using engine,2026-08-24 06:09:06,2026-08-23 22:09:06
136-21.764E,39-34.978N,136.362733,39.582965,016.0,60.9,60,0,Under way using engine,2026-08-24 06:10:06,2026-08-23 22:10:06
136-22.065E,39-35.107N,136.367755,39.585122,015.9,60.7,60,0,Under way using engine,2026-08-24 06:11:06,2026-08-23 22:11:06
136-22.367E,39-35.237N,136.372775,39.587285,015.9,60.8,60,0,Under way using engine,2026-08-24 06:12:08,2026-08-23 22:12:08
136-22.674E,39-35.367N,136.377892,39.589458,016.0,60.8,60,0,Under way using engine,2026-08-24 06:13:06,2026-08-23 22:13:06
136-22.999E,39-35.508N,136.38331,39.591805,015.8,61,60,0,Under way using engine,2026-08-24 06:14:14,2026-08-23 22:14:14
136-23.305E,39-35.639N,136.38842,39.59398,015.9,61.2,60,0,Under way using engine,2026-08-24 06:15:13,2026-08-23 22:15:13
136-23.606E,39-35.767N,136.393435,39.596123,015.9,61,60,0,Under way using engine,2026-08-24 06:16:13,2026-08-23 22:16:13
136-23.936E,39-35.908N,136.398925,39.59847,015.8,61.2,60,0,Under way using engine,2026-08-24 06:17:19,2026-08-23 22:17:19
136-24.240E,39-36.036N,136.404,39.600597,015.8,61.1,60,0,Under way using engine,2026-08-24 06:18:19,2026-08-23 22:18:19
136-24.559E,39-36.172N,136.40932,39.60287,015.8,61.4,60,0,Under way using engine,2026-08-24 06:19:25,2026-08-23 22:19:25
136-24.866E,39-36.302N,136.414438,39.605025,015.9,61.3,60,0,Under way using engine,2026-08-24 06:20:25,2026-08-23 22:20:25
136-25.196E,39-36.441N,136.41994,39.607353,015.8,61.4,60,0,Under way using engine,2026-08-24 06:21:31,2026-08-23 22:21:31
136-25.498E,39-36.567N,136.424973,39.609453,015.9,61.1,60,0,Under way using engine,2026-08-24 06:22:31,2026-08-23 22:22:31
136-25.799E,39-36.695N,136.429985,39.611582,015.9,61.1,60,0,Under way using engine,2026-08-24 06:23:31,2026-08-23 22:23:31
136-26.135E,39-36.837N,136.435585,39.613948,015.9,61.8,60,0,Under way using engine,2026-08-24 06:24:37,2026-08-23 22:24:37
136-26.462E,39-36.975N,136.441032,39.616247,015.9,61.1,60,0,Under way using engine,2026-08-24 06:25:43,2026-08-23 22:25:43
136-26.765E,39-37.102N,136.446083,39.618365,015.9,61.3,60,0,Under way using engine,2026-08-24 06:26:43,2026-08-23 22:26:43
136-27.067E,39-37.229N,136.451118,39.620482,015.9,61.8,60,0,Under way using engine,2026-08-24 06:27:43,2026-08-23 22:27:43
136-27.368E,39-37.356N,136.456137,39.622595,015.9,61.6,60,0,Under way using engine,2026-08-24 06:28:43,2026-08-23 22:28:43
136-27.673E,39-37.481N,136.461215,39.624685,015.9,61.3,60,0,Under way using engine,2026-08-24 06:29:43,2026-08-23 22:29:43
136-27.974E,39-37.609N,136.466228,39.626822,015.9,61.1,60,0,Under way using engine,2026-08-24 06:30:43,2026-08-23 22:30:43
136-28.275E,39-37.736N,136.47125,39.62894,015.9,61.6,60,0,Under way using engine,2026-08-24 06:31:43,2026-08-23 22:31:43
136-28.576E,39-37.864N,136.476268,39.631062,015.9,61.4,60,0,Under way using engine,2026-08-24 06:32:43,2026-08-23 22:32:43
136-28.879E,39-37.988N,136.481317,39.633132,015.9,61.6,60,0,Under way using engine,2026-08-24 06:33:43,2026-08-23 22:33:43
136-29.179E,39-38.115N,136.486317,39.635257,015.9,61.5,60,0,Under way using engine,2026-08-24 06:34:43,2026-08-23 22:34:43
136-29.482E,39-38.242N,136.491368,39.637373,015.9,61.4,60,0,Under way using engine,2026-08-24 06:35:43,2026-08-23 22:35:43
136-29.785E,39-38.370N,136.496417,39.639495,015.9,61.2,60,0,Under way using engine,2026-08-24 06:36:43,2026-08-23 22:36:43
136-30.182E,39-38.536N,136.503035,39.64226,015.9,61.5,60,0,Under way using engine,2026-08-24 06:38:02,2026-08-23 22:38:02
136-33.107E,39-39.796N,136.55179,39.663265,015.8,60.1,59,0,Under way using engine,2026-08-24 06:47:49,2026-08-23 22:47:49
136-33.797E,39-40.097N,136.563287,39.66829,015.9,59.9,59,0,Under way using engine,2026-08-24 06:50:06,2026-08-23 22:50:06
136-34.364E,39-40.348N,136.572735,39.672465,015.9,60.2,59,0,Under way using engine,2026-08-24 06:52:00,2026-08-23 22:52:00
136-35.465E,39-40.835N,136.591088,39.680585,015.9,59.8,59,0,Under way using engine,2026-08-24 06:55:43,2026-08-23 22:55:43
136-35.852E,39-41.006N,136.597532,39.68344,015.8,59.7,59,0,Under way using engine,2026-08-24 06:57:01,2026-08-23 22:57:01
136-36.178E,39-41.154N,136.60296,39.685903,015.8,59.8,59,0,Under way using engine,2026-08-24 06:58:07,2026-08-23 22:58:07
136-36.504E,39-41.298N,136.608393,39.6883,015.8,60.3,59,0,Under way using engine,2026-08-24 06:59:13,2026-08-23 22:59:13
136-36.828E,39-41.444N,136.613793,39.690733,015.8,60.2,59,0,Under way using engine,2026-08-24 07:00:19,2026-08-23 23:00:19
136-37.154E,39-41.589N,136.619237,39.693152,015.8,60.2,59,0,Under way using engine,2026-08-24 07:01:25,2026-08-23 23:01:25
136-37.510E,39-41.746N,136.625167,39.695768,015.7,60.5,59,0,Under way using engine,2026-08-24 07:02:37,2026-08-23 23:02:37
136-37.835E,39-41.890N,136.630577,39.698162,015.7,59.9,59,0,Under way using engine,2026-08-24 07:03:43,2026-08-23 23:03:43
136-38.160E,39-42.036N,136.636003,39.7006,015.8,59.8,59,0,Under way using engine,2026-08-24 07:04:49,2026-08-23 23:04:49
136-38.486E,39-42.179N,136.641427,39.702985,015.8,60.1,59,0,Under way using engine,2026-08-24 07:05:55,2026-08-23 23:05:55
136-38.816E,39-42.326N,136.646937,39.705435,015.8,60,59,0,Under way using engine,2026-08-24 07:07:01,2026-08-23 23:07:01
136-39.137E,39-42.467N,136.65229,39.707778,015.7,59.8,59,0,Under way using engine,2026-08-24 07:08:08,2026-08-23 23:08:08
136-39.461E,39-42.614N,136.657688,39.710228,015.7,59.6,59,0,Under way using engine,2026-08-24 07:09:13,2026-08-23 23:09:13
136-39.787E,39-42.757N,136.663112,39.712623,015.7,59.7,59,0,Under way using engine,2026-08-24 07:10:19,2026-08-23 23:10:19
136-40.106E,39-42.901N,136.668428,39.71501,015.7,59.6,59,0,Under way using engine,2026-08-24 07:11:25,2026-08-23 23:11:25
136-40.435E,39-43.050N,136.673913,39.7175,015.8,59.6,59,0,Under way using engine,2026-08-24 07:12:31,2026-08-23 23:12:31
136-40.765E,39-43.199N,136.679413,39.719985,015.8,60,59,0,Under way using engine,2026-08-24 07:13:38,2026-08-23 23:13:38
136-41.078E,39-43.343N,136.68464,39.722382,015.8,59.8,59,0,Under way using engine,2026-08-24 07:14:42,2026-08-23 23:14:42
136-41.408E,39-43.491N,136.69014,39.724847,015.7,59.8,59,0,Under way using engine,2026-08-24 07:15:49,2026-08-23 23:15:49
136-41.709E,39-43.626N,136.69515,39.727098,015.8,59.3,59,0,Under way using engine,2026-08-24 07:16:49,2026-08-23 23:16:49
136-42.027E,39-43.770N,136.700458,39.729508,015.8,59.3,59,0,Under way using engine,2026-08-24 07:17:55,2026-08-23 23:17:55
136-42.353E,39-43.916N,136.705878,39.731937,015.7,59.4,59,0,Under way using engine,2026-08-24 07:19:01,2026-08-23 23:19:01
136-42.675E,39-44.062N,136.711242,39.73437,015.7,59.4,59,0,Under way using engine,2026-08-24 07:20:06,2026-08-23 23:20:06
136-42.998E,39-44.209N,136.716628,39.736815,015.7,59.2,59,0,Under way using engine,2026-08-24 07:21:13,2026-08-23 23:21:13
136-43.326E,39-44.360N,136.722093,39.739335,015.8,59.4,59,0,Under way using engine,2026-08-24 07:22:20,2026-08-23 23:22:20
136-43.646E,39-44.506N,136.727425,39.741772,015.8,60.1,59,0,Under way using engine,2026-08-24 07:23:24,2026-08-23 23:23:24
136-43.971E,39-44.655N,136.732855,39.744243,015.9,59.1,59,0,Under way using engine,2026-08-24 07:24:31,2026-08-23 23:24:31
136-44.295E,39-44.804N,136.738258,39.746728,015.9,59,59,0,Under way using engine,2026-08-24 07:25:37,2026-08-23 23:25:37
136-44.618E,39-44.949N,136.743627,39.749142,015.9,59.3,59,0,Under way using engine,2026-08-24 07:26:43,2026-08-23 23:26:43
136-44.919E,39-45.087N,136.748653,39.751442,015.8,59.5,59,0,Under way using engine,2026-08-24 07:27:43,2026-08-23 23:27:43
136-45.245E,39-45.236N,136.754082,39.753938,015.9,58.9,59,0,Under way using engine,2026-08-24 07:28:49,2026-08-23 23:28:49
136-45.572E,39-45.385N,136.759532,39.756423,015.9,59.5,59,0,Under way using engine,2026-08-24 07:29:55,2026-08-23 23:29:55
136-45.899E,39-45.533N,136.76498,39.758875,015.9,59.4,59,0,Under way using engine,2026-08-24 07:31:01,2026-08-23 23:31:01
136-46.202E,39-45.672N,136.770028,39.761195,016.0,59.5,59,0,Under way using engine,2026-08-24 07:32:01,2026-08-23 23:32:01
136-46.527E,39-45.816N,136.775448,39.763607,016.0,59.9,59,0,Under way using engine,2026-08-24 07:33:08,2026-08-23 23:33:08
136-46.829E,39-45.955N,136.780488,39.765918,016.0,59.3,59,0,Under way using engine,2026-08-24 07:34:08,2026-08-23 23:34:08
136-47.153E,39-46.101N,136.785888,39.768353,016.0,59.5,59,0,Under way using engine,2026-08-24 07:35:12,2026-08-23 23:35:12
136-47.477E,39-46.248N,136.791278,39.770803,016.0,59.4,59,0,Under way using engine,2026-08-24 07:36:18,2026-08-23 23:36:18
136-47.808E,39-46.398N,136.796798,39.773298,016.1,59.6,59,0,Under way using engine,2026-08-24 07:37:25,2026-08-23 23:37:25
136-48.142E,39-46.551N,136.80237,39.775848,016.1,59.3,59,0,Under way using engine,2026-08-24 07:38:31,2026-08-23 23:38:31
136-48.443E,39-46.685N,136.807383,39.77809,016.0,59.6,59,0,Under way using engine,2026-08-24 07:39:31,2026-08-23 23:39:31
136-48.774E,39-46.835N,136.812898,39.78059,016.0,59.8,59,0,Under way using engine,2026-08-24 07:40:37,2026-08-23 23:40:37
136-49.075E,39-46.972N,136.817913,39.78287,016.1,59.7,59,0,Under way using engine,2026-08-24 07:41:37,2026-08-23 23:41:37
136-49.375E,39-47.108N,136.822918,39.78514,016.1,59.4,59,0,Under way using engine,2026-08-24 07:42:37,2026-08-23 23:42:37
136-49.676E,39-47.245N,136.827938,39.78741,016.1,59.7,59,0,Under way using engine,2026-08-24 07:43:37,2026-08-23 23:43:37
136-49.978E,39-47.380N,136.832968,39.789663,016.1,59.7,59,0,Under way using engine,2026-08-24 07:44:37,2026-08-23 23:44:37
136-50.308E,39-47.527N,136.838468,39.79211,016.1,59.6,59,0,Under way using engine,2026-08-24 07:45:43,2026-08-23 23:45:43
136-50.674E,39-47.692N,136.844573,39.794868,016.1,59.4,59,0,Under way using engine,2026-08-24 07:46:55,2026-08-23 23:46:55
136-51.031E,39-47.854N,136.850518,39.797572,016.1,59.8,59,0,Under way using engine,2026-08-24 07:48:07,2026-08-23 23:48:07
136-51.333E,39-47.990N,136.855547,39.79984,016.1,59.8,59,0,Under way using engine,2026-08-24 07:49:07,2026-08-23 23:49:07
136-51.635E,39-48.127N,136.860577,39.802113,016.1,59.6,59,0,Under way using engine,2026-08-24 07:50:07,2026-08-23 23:50:07
136-51.936E,39-48.265N,136.865602,39.804415,016.1,59.5,59,0,Under way using engine,2026-08-24 07:51:07,2026-08-23 23:51:07
136-52.238E,39-48.401N,136.870632,39.806688,016.1,59.5,59,0,Under way using engine,2026-08-24 07:52:07,2026-08-23 23:52:07
136-52.569E,39-48.551N,136.876157,39.809188,016.1,59.5,59,0,Under way using engine,2026-08-24 07:53:13,2026-08-23 23:53:13
136-52.871E,39-48.687N,136.881183,39.811445,016.1,59,59,0,Under way using engine,2026-08-24 07:54:13,2026-08-23 23:54:13
136-53.196E,39-48.837N,136.886593,39.813948,016.1,59.2,59,0,Under way using engine,2026-08-24 07:55:18,2026-08-23 23:55:18
136-53.525E,39-48.986N,136.89209,39.81644,016.0,59.7,59,0,Under way using engine,2026-08-24 07:56:25,2026-08-23 23:56:25
136-53.831E,39-49.124N,136.897185,39.818738,016.0,59.5,59,0,Under way using engine,2026-08-24 07:57:25,2026-08-23 23:57:25
136-54.160E,39-49.274N,136.902663,39.821225,016.0,59.5,59,0,Under way using engine,2026-08-24 07:58:31,2026-08-23 23:58:31
136-54.488E,39-49.423N,136.908128,39.823722,016.0,59.4,59,0,Under way using engine,2026-08-24 07:59:37,2026-08-23 23:59:37
136-54.816E,39-49.572N,136.913608,39.826208,016.0,59,59,0,Under way using engine,2026-08-24 08:00:43,2026-08-24 00:00:43
136-55.140E,39-49.721N,136.918998,39.828688,016.0,59.3,59,0,Under way using engine,2026-08-24 08:01:48,2026-08-24 00:01:48
136-55.468E,39-49.871N,136.924472,39.831182,016.0,59.3,59,0,Under way using engine,2026-08-24 08:02:55,2026-08-24 00:02:55
136-55.773E,39-50.010N,136.929548,39.833498,016.0,59.3,59,0,Under way using engine,2026-08-24 08:03:55,2026-08-24 00:03:55
136-56.101E,39-50.161N,136.935013,39.836012,015.9,59,59,0,Under way using engine,2026-08-24 08:05:01,2026-08-24 00:05:01
136-56.428E,39-50.313N,136.94047,39.838543,016.0,58.8,59,0,Under way using engine,2026-08-24 08:06:07,2026-08-24 00:06:07
136-56.761E,39-50.466N,136.946017,39.841095,016.1,59,59,0,Under way using engine,2026-08-24 08:07:14,2026-08-24 00:07:14
136-57.083E,39-50.615N,136.951388,39.843585,016.0,58.9,59,0,Under way using engine,2026-08-24 08:08:19,2026-08-24 00:08:19
136-57.407E,39-50.764N,136.956777,39.84607,016.0,59,59,0,Under way using engine,2026-08-24 08:09:24,2026-08-24 00:09:24
136-57.740E,39-50.917N,136.96234,39.848623,016.1,58.8,59,0,Under way using engine,2026-08-24 08:10:31,2026-08-24 00:10:31
136-58.041E,39-51.056N,136.967347,39.850933,016.1,59.2,59,0,Under way using engine,2026-08-24 08:11:31,2026-08-24 00:11:31
136-58.348E,39-51.196N,136.972467,39.853263,016.1,59.3,59,0,Under way using engine,2026-08-24 08:12:31,2026-08-24 00:12:31
136-58.672E,39-51.347N,136.977863,39.85578,016.1,59.2,59,0,Under way using engine,2026-08-24 08:13:37,2026-08-24 00:13:37
136-59.001E,39-51.499N,136.98335,39.858315,016.1,58.9,59,0,Under way using engine,2026-08-24 08:14:43,2026-08-24 00:14:43
136-59.305E,39-51.640N,136.988412,39.86067,016.0,59.3,59,0,Under way using engine,2026-08-24 08:15:43,2026-08-24 00:15:43
136-59.623E,39-51.789N,136.99372,39.863145,016.1,58.9,59,0,Under way using engine,2026-08-24 08:16:48,2026-08-24 00:16:48
136-59.926E,39-51.930N,136.99877,39.865502,016.1,59,59,0,Under way using engine,2026-08-24 08:17:48,2026-08-24 00:17:48
137-0.256E,39-52.084N,137.00426,39.868063,016.1,59.1,59,0,Under way using engine,2026-08-24 08:18:55,2026-08-24 00:18:55
137-0.584E,39-52.237N,137.00973,39.870622,016.1,58.9,59,0,Under way using engine,2026-08-24 08:20:01,2026-08-24 00:20:01
137-0.912E,39-52.392N,137.015202,39.873208,016.1,58.1,59,0,Under way using engine,2026-08-24 08:21:07,2026-08-24 00:21:07
137-1.246E,39-52.550N,137.02077,39.875838,016.1,58.1,59,0,Under way using engine,2026-08-24 08:22:13,2026-08-24 00:22:13
137-1.569E,39-52.704N,137.026147,39.8784,016.1,57.8,59,0,Under way using engine,2026-08-24 08:23:19,2026-08-24 00:23:19
137-1.896E,39-52.861N,137.031598,39.881012,016.1,57.7,59,0,Under way using engine,2026-08-24 08:24:25,2026-08-24 00:24:25
137-2.220E,39-53.014N,137.037002,39.88356,016.1,58.6,59,0,Under way using engine,2026-08-24 08:25:31,2026-08-24 00:25:31
137-2.524E,39-53.159N,137.042063,39.885988,016.2,58.6,59,0,Under way using engine,2026-08-24 08:26:31,2026-08-24 00:26:31
137-2.853E,39-53.316N,137.047545,39.888603,016.2,58.6,59,0,Under way using engine,2026-08-24 08:27:37,2026-08-24 00:27:37
137-3.177E,39-53.471N,137.05295,39.891185,016.2,58,59,0,Under way using engine,2026-08-24 08:28:42,2026-08-24 00:28:42
137-3.506E,39-53.628N,137.05843,39.893808,016.3,58.1,59,0,Under way using engine,2026-08-24 08:29:48,2026-08-24 00:29:48
137-3.810E,39-53.774N,137.063507,39.89623,016.3,58.6,59,0,Under way using engine,2026-08-24 08:30:48,2026-08-24 00:30:48
137-4.166E,39-53.943N,137.069432,39.899057,016.3,58.5,59,0,Under way using engine,2026-08-24 08:32:01,2026-08-24 00:32:01
137-4.467E,39-54.086N,137.074455,39.901435,016.3,58.3,59,0,Under way using engine,2026-08-24 08:33:00,2026-08-24 00:33:00
137-4.773E,39-54.232N,137.079557,39.903867,016.3,58.6,59,0,Under way using engine,2026-08-24 08:34:00,2026-08-24 00:34:00
137-5.105E,39-54.390N,137.08509,39.9065,016.4,58.6,60,0,Under way using engine,2026-08-24 08:35:07,2026-08-24 00:35:07
137-5.412E,39-54.528N,137.0902,39.908805,016.3,60.1,61,0,Under way using engine,2026-08-24 08:36:07,2026-08-24 00:36:07
137-5.720E,39-54.664N,137.095337,39.911065,016.4,60.2,61,0,Under way using engine,2026-08-24 08:37:07,2026-08-24 00:37:07
137-6.030E,39-54.798N,137.100502,39.913292,016.3,60.2,61,0,Under way using engine,2026-08-24 08:38:07,2026-08-24 00:38:07
137-6.345E,39-54.932N,137.105748,39.915538,016.3,60.4,61,0,Under way using engine,2026-08-24 08:39:07,2026-08-24 00:39:07
137-6.650E,39-55.064N,137.11084,39.917735,016.4,60.9,61,0,Under way using engine,2026-08-24 08:40:07,2026-08-24 00:40:07
137-6.962E,39-55.197N,137.11603,39.919955,016.4,60.6,61,0,Under way using engine,2026-08-24 08:41:07,2026-08-24 00:41:07
137-7.272E,39-55.332N,137.121198,39.922198,016.4,61,61,0,Under way using engine,2026-08-24 08:42:07,2026-08-24 00:42:07
137-7.583E,39-55.466N,137.126388,39.924425,016.5,60.9,61,0,Under way using engine,2026-08-24 08:43:07,2026-08-24 00:43:07
137-7.901E,39-55.602N,137.131687,39.926695,016.5,61.3,61,0,Under way using engine,2026-08-24 08:44:07,2026-08-24 00:44:07
137-8.210E,39-55.734N,137.136835,39.928893,016.5,60.7,61,0,Under way using engine,2026-08-24 08:45:07,2026-08-24 00:45:07
137-8.524E,39-55.866N,137.142067,39.931105,016.5,61.4,61,0,Under way using engine,2026-08-24 08:46:07,2026-08-24 00:46:07
137-8.835E,39-55.997N,137.147245,39.933275,016.5,60.7,61,0,Under way using engine,2026-08-24 08:47:07,2026-08-24 00:47:07
137-9.153E,39-56.131N,137.152557,39.93551,016.5,61.2,61,0,Under way using engine,2026-08-24 08:48:07,2026-08-24 00:48:07
137-9.468E,39-56.263N,137.157807,39.937712,016.5,61.3,61,0,Under way using engine,2026-08-24 08:49:07,2026-08-24 00:49:07
137-9.786E,39-56.394N,137.163097,39.939902,016.6,61.6,61,0,Under way using engine,2026-08-24 08:50:07,2026-08-24 00:50:07
137-10.104E,39-56.526N,137.168408,39.9421,016.6,61.8,61,0,Under way using engine,2026-08-24 08:51:07,2026-08-24 00:51:07
137-10.415E,39-56.657N,137.173583,39.944277,016.6,61.1,61,0,Under way using engine,2026-08-24 08:52:07,2026-08-24 00:52:07
137-10.739E,39-56.790N,137.178978,39.946505,016.7,61.6,61,0,Under way using engine,2026-08-24 08:53:07,2026-08-24 00:53:07
137-11.054E,39-56.920N,137.184232,39.94866,016.7,61.9,61,0,Under way using engine,2026-08-24 08:54:07,2026-08-24 00:54:07
137-11.373E,39-57.051N,137.189555,39.950855,016.7,61.8,61,0,Under way using engine,2026-08-24 08:55:07,2026-08-24 00:55:07
137-11.699E,39-57.186N,137.194977,39.953092,016.7,61.9,61,0,Under way using engine,2026-08-24 08:56:07,2026-08-24 00:56:07
137-12.013E,39-57.315N,137.20022,39.955247,016.8,62.1,61,0,Under way using engine,2026-08-24 08:57:07,2026-08-24 00:57:07
137-12.346E,39-57.450N,137.205773,39.9575,016.8,62.4,61,0,Under way using engine,2026-08-24 08:58:07,2026-08-24 00:58:07
137-12.664E,39-57.578N,137.21106,39.959635,016.7,62.3,61,0,Under way using engine,2026-08-24 08:59:07,2026-08-24 00:59:07
137-12.986E,39-57.709N,137.21644,39.961823,016.8,62.6,61,0,Under way using engine,2026-08-24 09:00:07,2026-08-24 01:00:07
137-13.315E,39-57.842N,137.221917,39.96403,016.8,62.2,61,0,Under way using engine,2026-08-24 09:01:07,2026-08-24 01:01:07
137-13.632E,39-57.971N,137.227208,39.966175,016.7,62.1,61,0,Under way using engine,2026-08-24 09:02:07,2026-08-24 01:02:07
137-13.959E,39-58.104N,137.232642,39.968397,016.7,62.1,61,0,Under way using engine,2026-08-24 09:03:07,2026-08-24 01:03:07
137-14.274E,39-58.231N,137.237893,39.970523,016.7,61.9,61,0,Under way using engine,2026-08-24 09:04:07,2026-08-24 01:04:07
137-14.595E,39-58.361N,137.243255,39.972685,016.7,62.4,61,0,Under way using engine,2026-08-24 09:05:07,2026-08-24 01:05:07
137-14.922E,39-58.493N,137.248707,39.974885,016.6,62.3,61,0,Under way using engine,2026-08-24 09:06:07,2026-08-24 01:06:07
137-15.237E,39-58.621N,137.253948,39.977015,016.6,61.5,60,0,Under way using engine,2026-08-24 09:07:07,2026-08-24 01:07:07
137-15.554E,39-58.755N,137.259238,39.979243,016.6,61,60,0,Under way using engine,2026-08-24 09:08:07,2026-08-24 01:08:07
137-15.871E,39-58.889N,137.264518,39.981475,016.7,61.4,60,0,Under way using engine,2026-08-24 09:09:07,2026-08-24 01:09:07
137-16.190E,39-59.023N,137.269837,39.98371,016.7,61.1,60,0,Under way using engine,2026-08-24 09:10:07,2026-08-24 01:10:07
137-16.514E,39-59.159N,137.275233,39.985978,016.7,61.6,60,0,Under way using engine,2026-08-24 09:11:07,2026-08-24 01:11:07
137-16.828E,39-59.291N,137.28047,39.98818,016.7,61.8,60,0,Under way using engine,2026-08-24 09:12:07,2026-08-24 01:12:07
137-17.148E,39-59.424N,137.285797,39.990403,016.7,61.8,60,0,Under way using engine,2026-08-24 09:13:07,2026-08-24 01:13:07
137-17.466E,39-59.556N,137.291105,39.992593,016.6,61.9,60,0,Under way using engine,2026-08-24 09:14:07,2026-08-24 01:14:07
137-17.785E,39-59.691N,137.296413,39.994853,016.7,60.6,59,0,Under way using engine,2026-08-24 09:15:07,2026-08-24 01:15:07
137-18.102E,39-59.828N,137.3017,39.997125,016.7,60.7,59,0,Under way using engine,2026-08-24 09:16:07,2026-08-24 01:16:07
137-18.420E,39-59.963N,137.306993,39.999385,016.8,60.2,59,0,Under way using engine,2026-08-24 09:17:07,2026-08-24 01:17:07
137-18.736E,40-0.100N,137.312273,40.001673,016.7,60.5,59,0,Under way using engine,2026-08-24 09:18:07,2026-08-24 01:18:07
137-19.053E,40-0.237N,137.317547,40.003958,016.7,60.8,59,0,Under way using engine,2026-08-24 09:19:07,2026-08-24 01:19:07
137-19.369E,40-0.373N,137.322815,40.006218,016.7,60.7,59,0,Under way using engine,2026-08-24 09:20:07,2026-08-24 01:20:07
137-19.693E,40-0.511N,137.328223,40.008522,016.7,60.7,59,0,Under way using engine,2026-08-24 09:21:07,2026-08-24 01:21:07
137-20.003E,40-0.645N,137.33339,40.010743,016.7,60.2,59,0,Under way using engine,2026-08-24 09:22:07,2026-08-24 01:22:07
137-20.321E,40-0.781N,137.338675,40.013022,016.6,61.1,59,0,Under way using engine,2026-08-24 09:23:07,2026-08-24 01:23:07
137-20.637E,40-0.917N,137.343948,40.015285,016.7,61.2,59,0,Under way using engine,2026-08-24 09:24:07,2026-08-24 01:24:07
137-20.954E,40-1.052N,137.349233,40.017527,016.7,60.8,59,0,Under way using engine,2026-08-24 09:25:07,2026-08-24 01:25:07
137-21.274E,40-1.187N,137.35457,40.019787,016.7,61.3,59,0,Under way using engine,2026-08-24 09:26:07,2026-08-24 01:26:07
137-21.592E,40-1.323N,137.359862,40.022058,016.7,61.4,59,0,Under way using engine,2026-08-24 09:27:07,2026-08-24 01:27:07
137-21.942E,40-1.472N,137.365702,40.02454,016.7,61.5,59,0,Under way using engine,2026-08-24 09:28:13,2026-08-24 01:28:13
137-22.254E,40-1.605N,137.370903,40.026748,016.6,61,59,0,Under way using engine,2026-08-24 09:29:12,2026-08-24 01:29:12
137-22.571E,40-1.740N,137.376178,40.029002,016.7,60.3,59,0,Under way using engine,2026-08-24 09:30:12,2026-08-24 01:30:12
137-22.893E,40-1.877N,137.381553,40.031285,016.7,60.2,59,0,Under way using engine,2026-08-24 09:31:12,2026-08-24 01:31:12
137-23.205E,40-2.009N,137.386748,40.033487,016.7,60.8,59,0,Under way using engine,2026-08-24 09:32:12,2026-08-24 01:32:12
137-23.528E,40-2.147N,137.392125,40.035777,016.7,60.9,58,0,Under way using engine,2026-08-24 09:33:12,2026-08-24 01:33:12
137-23.840E,40-2.281N,137.397333,40.038022,016.8,60.6,58,0,Under way using engine,2026-08-24 09:34:13,2026-08-24 01:34:13
137-24.161E,40-2.422N,137.402687,40.040367,016.7,60.3,58,0,Under way using engine,2026-08-24 09:35:13,2026-08-24 01:35:13
137-24.480E,40-2.561N,137.408005,40.042677,016.8,60.4,58,0,Under way using engine,2026-08-24 09:36:13,2026-08-24 01:36:13
137-24.792E,40-2.697N,137.413205,40.044953,016.8,60.3,58,0,Under way using engine,2026-08-24 09:37:13,2026-08-24 01:37:13
137-25.117E,40-2.838N,137.418615,40.047295,016.8,60.2,58,0,Under way using engine,2026-08-24 09:38:13,2026-08-24 01:38:13
137-25.434E,40-2.976N,137.4239,40.049595,016.7,60.8,58,0,Under way using engine,2026-08-24 09:39:13,2026-08-24 01:39:13
137-25.752E,40-3.113N,137.429195,40.051878,016.8,61,58,0,Under way using engine,2026-08-24 09:40:13,2026-08-24 01:40:13
137-26.072E,40-3.250N,137.434527,40.054165,016.8,60.8,58,0,Under way using engine,2026-08-24 09:41:13,2026-08-24 01:41:13
137-26.394E,40-3.386N,137.439892,40.056432,016.8,61.1,58,0,Under way using engine,2026-08-24 09:42:13,2026-08-24 01:42:13
137-26.713E,40-3.522N,137.445223,40.058708,016.8,60.7,58,0,Under way using engine,2026-08-24 09:43:12,2026-08-24 01:43:12
137-27.032E,40-3.656N,137.450528,40.060938,016.9,60.9,58,0,Under way using engine,2026-08-24 09:44:13,2026-08-24 01:44:13
137-27.353E,40-3.794N,137.455888,40.06323,016.9,61.3,58,0,Under way using engine,2026-08-24 09:45:12,2026-08-24 01:45:12
137-27.676E,40-3.930N,137.461263,40.065507,016.9,61.8,58,0,Under way using engine,2026-08-24 09:46:12,2026-08-24 01:46:12
137-28.001E,40-4.066N,137.466675,40.067768,017.0,61.4,58,0,Under way using engine,2026-08-24 09:47:12,2026-08-24 01:47:12
137-28.400E,40-4.234N,137.473327,40.070563,017.0,61.5,58,0,Under way using engine,2026-08-24 09:48:25,2026-08-24 01:48:25
137-28.720E,40-4.366N,137.47866,40.072772,016.9,61.7,58,0,Under way using engine,2026-08-24 09:49:25,2026-08-24 01:49:25
137-29.043E,40-4.500N,137.484055,40.074992,016.9,61.6,58,0,Under way using engine,2026-08-24 09:50:25,2026-08-24 01:50:25
137-29.373E,40-4.635N,137.489558,40.077253,016.9,61.8,58,0,Under way using engine,2026-08-24 09:51:25,2026-08-24 01:51:25
137-29.693E,40-4.766N,137.494878,40.07943,016.8,62.4,58,0,Under way using engine,2026-08-24 09:52:25,2026-08-24 01:52:25
137-30.013E,40-4.902N,137.500217,40.0817,016.9,60.5,56,0,Under way using engine,2026-08-24 09:53:25,2026-08-24 01:53:25
137-30.328E,40-5.038N,137.50547,40.083965,016.8,61,56,0,Under way using engine,2026-08-24 09:54:25,2026-08-24 01:54:25
137-30.651E,40-5.179N,137.510847,40.086322,016.8,60.3,56,0,Under way using engine,2026-08-24 09:55:25,2026-08-24 01:55:25
137-30.968E,40-5.318N,137.51614,40.088633,016.8,59.2,55,0,Under way using engine,2026-08-24 09:56:25,2026-08-24 01:56:25
137-31.279E,40-5.458N,137.52132,40.090963,016.8,59.3,55,0,Under way using engine,2026-08-24 09:57:25,2026-08-24 01:57:25
137-31.599E,40-5.603N,137.526648,40.093383,016.8,59.4,55,0,Under way using engine,2026-08-24 09:58:25,2026-08-24 01:58:25
137-31.916E,40-5.746N,137.53193,40.095767,016.8,59.6,55,0,Under way using engine,2026-08-24 09:59:26,2026-08-24 01:59:26
137-32.235E,40-5.891N,137.537257,40.098185,016.8,59.4,55,0,Under way using engine,2026-08-24 10:00:26,2026-08-24 02:00:26
137-32.553E,40-6.032N,137.542543,40.100525,016.7,59.4,55,0,Under way using engine,2026-08-24 10:01:26,2026-08-24 02:01:26
137-32.861E,40-6.171N,137.547683,40.102853,016.7,59.8,55,0,Under way using engine,2026-08-24 10:02:26,2026-08-24 02:02:26
137-33.182E,40-6.316N,137.553037,40.10527,016.7,59.7,55,0,Under way using engine,2026-08-24 10:03:26,2026-08-24 02:03:26
137-33.493E,40-6.453N,137.558215,40.107552,016.8,59.9,55,0,Under way using engine,2026-08-24 10:04:26,2026-08-24 02:04:26
137-33.813E,40-6.597N,137.563547,40.109952,016.7,59.8,55,0,Under way using engine,2026-08-24 10:05:26,2026-08-24 02:05:26
137-34.123E,40-6.734N,137.568722,40.112237,016.7,59.8,55,0,Under way using engine,2026-08-24 10:06:25,2026-08-24 02:06:25
137-34.470E,40-6.890N,137.574492,40.114825,016.7,59.7,55,0,Under way using engine,2026-08-24 10:07:31,2026-08-24 02:07:31
137-34.785E,40-7.029N,137.57975,40.117148,016.8,59.9,55,0,Under way using engine,2026-08-24 10:08:31,2026-08-24 02:08:31
137-35.095E,40-7.169N,137.584912,40.119477,016.8,60,56,0,Under way using engine,2026-08-24 10:09:31,2026-08-24 02:09:31
137-35.417E,40-7.310N,137.590288,40.12183,016.8,60.1,56,0,Under way using engine,2026-08-24 10:10:32,2026-08-24 02:10:32
137-35.739E,40-7.452N,137.595645,40.124203,016.7,60.3,56,0,Under way using engine,2026-08-24 10:11:32,2026-08-24 02:11:32
137-36.051E,40-7.586N,137.600847,40.12644,016.7,60.4,56,0,Under way using engine,2026-08-24 10:12:32,2026-08-24 02:12:32
137-36.369E,40-7.726N,137.606157,40.12877,016.6,60.2,56,0,Under way using engine,2026-08-24 10:13:32,2026-08-24 02:13:32
137-36.680E,40-7.859N,137.611333,40.130985,016.6,59.9,56,0,Under way using engine,2026-08-24 10:14:31,2026-08-24 02:14:31
137-37.022E,40-8.011N,137.61703,40.133512,016.4,59.9,56,0,Under way using engine,2026-08-24 10:15:37,2026-08-24 02:15:37
137-37.340E,40-8.148N,137.622335,40.135803,016.4,59.7,56,0,Under way using engine,2026-08-24 10:16:37,2026-08-24 02:16:37
137-37.644E,40-8.283N,137.627397,40.138058,016.5,59.9,56,0,Under way using engine,2026-08-24 10:17:37,2026-08-24 02:17:37
137-37.961E,40-8.423N,137.63269,40.140385,016.4,59.9,56,0,Under way using engine,2026-08-24 10:18:37,2026-08-24 02:18:37
137-38.390E,40-8.612N,137.63983,40.143537,016.4,59.9,56,0,Under way using engine,2026-08-24 10:20:01,2026-08-24 02:20:01
137-38.698E,40-8.749N,137.644962,40.145817,016.4,59.5,56,0,Under way using engine,2026-08-24 10:21:01,2026-08-24 02:21:01
137-41.059E,40-9.798N,137.68431,40.163292,016.5,59.9,56,0,Under way using engine,2026-08-24 10:28:37,2026-08-24 02:28:37
137-42.371E,40-10.369N,137.70618,40.172822,016.5,60.2,56,0,Under way using engine,2026-08-24 10:32:49,2026-08-24 02:32:49
137-42.690E,40-10.508N,137.711497,40.175135,016.5,60.3,56,0,Under way using engine,2026-08-24 10:33:49,2026-08-24 02:33:49
137-43.098E,40-10.684N,137.718297,40.178062,016.5,60.5,56,0,Under way using engine,2026-08-24 10:35:07,2026-08-24 02:35:07
137-43.474E,40-10.846N,137.72457,40.180773,016.5,60.2,56,0,Under way using engine,2026-08-24 10:36:19,2026-08-24 02:36:19
137-43.788E,40-10.982N,137.729805,40.183037,016.5,60.3,56,0,Under way using engine,2026-08-24 10:37:19,2026-08-24 02:37:19
137-44.094E,40-11.119N,137.7349,40.185322,016.5,60,56,0,Under way using engine,2026-08-24 10:38:19,2026-08-24 02:38:19
137-44.409E,40-11.256N,137.740142,40.187597,016.5,60.6,56,0,Under way using engine,2026-08-24 10:39:19,2026-08-24 02:39:19
137-44.726E,40-11.395N,137.745437,40.18991,016.6,60.6,56,0,Under way using engine,2026-08-24 10:40:19,2026-08-24 02:40:19
137-45.036E,40-11.528N,137.750592,40.192137,016.5,60.6,56,0,Under way using engine,2026-08-24 10:41:19,2026-08-24 02:41:19
137-45.353E,40-11.668N,137.75589,40.19447,016.5,60.4,56,0,Under way using engine,2026-08-24 10:42:19,2026-08-24 02:42:19
137-45.661E,40-11.804N,137.761017,40.19673,016.5,59.8,56,0,Under way using engine,2026-08-24 10:43:19,2026-08-24 02:43:19
137-45.978E,40-11.942N,137.766293,40.199037,016.5,60.3,56,0,Under way using engine,2026-08-24 10:44:19,2026-08-24 02:44:19
137-46.290E,40-12.078N,137.771502,40.201292,016.5,60.4,56,0,Under way using engine,2026-08-24 10:45:19,2026-08-24 02:45:19
137-46.603E,40-12.216N,137.776722,40.203595,016.6,60.4,56,0,Under way using engine,2026-08-24 10:46:19,2026-08-24 02:46:19
137-46.918E,40-12.352N,137.781962,40.205873,016.6,60.3,56,0,Under way using engine,2026-08-24 10:47:19,2026-08-24 02:47:19
137-47.233E,40-12.489N,137.78722,40.208158,016.6,60.2,56,0,Under way using engine,2026-08-24 10:48:19,2026-08-24 02:48:19
137-47.548E,40-12.627N,137.792473,40.210452,016.6,60.5,56,0,Under way using engine,2026-08-24 10:49:19,2026-08-24 02:49:19
137-47.868E,40-12.769N,137.797803,40.212812,016.7,59.6,56,0,Under way using engine,2026-08-24 10:50:19,2026-08-24 02:50:19
137-48.180E,40-12.905N,137.802992,40.215087,016.7,60.3,56,0,Under way using engine,2026-08-24 10:51:19,2026-08-24 02:51:19
137-48.495E,40-13.045N,137.808247,40.217418,016.7,60.4,56,0,Under way using engine,2026-08-24 10:52:19,2026-08-24 02:52:19
137-48.810E,40-13.184N,137.813502,40.219725,016.6,59.4,56,0,Under way using engine,2026-08-24 10:53:19,2026-08-24 02:53:19
137-49.124E,40-13.323N,137.81873,40.222053,016.6,59.9,56,0,Under way using engine,2026-08-24 10:54:19,2026-08-24 02:54:19
137-49.438E,40-13.460N,137.823963,40.224337,016.7,59.3,56,0,Under way using engine,2026-08-24 10:55:19,2026-08-24 02:55:19
137-49.751E,40-13.603N,137.829177,40.226722,016.6,59.4,56,0,Under way using engine,2026-08-24 10:56:19,2026-08-24 02:56:19
137-50.063E,40-13.745N,137.834387,40.229088,016.6,59.7,56,0,Under way using engine,2026-08-24 10:57:19,2026-08-24 02:57:19
137-50.379E,40-13.886N,137.839642,40.231428,016.6,59.6,56,0,Under way using engine,2026-08-24 10:58:19,2026-08-24 02:58:19
137-50.692E,40-14.028N,137.844865,40.2338,016.7,59.6,56,0,Under way using engine,2026-08-24 10:59:19,2026-08-24 02:59:19
137-51.000E,40-14.166N,137.850005,40.236107,016.6,59.6,56,0,Under way using engine,2026-08-24 11:00:19,2026-08-24 03:00:19
137-51.315E,40-14.309N,137.855252,40.23848,016.6,59.3,56,0,Under way using engine,2026-08-24 11:01:19,2026-08-24 03:01:19
137-51.631E,40-14.451N,137.860515,40.240855,016.6,59.2,56,0,Under way using engine,2026-08-24 11:02:19,2026-08-24 03:02:19
137-51.938E,40-14.590N,137.865635,40.243163,016.6,59.2,56,0,Under way using engine,2026-08-24 11:03:19,2026-08-24 03:03:19
137-52.255E,40-14.733N,137.870915,40.245542,016.6,59.3,56,0,Under way using engine,2026-08-24 11:04:19,2026-08-24 03:04:19
137-52.562E,40-14.873N,137.876032,40.24788,016.6,59.3,56,0,Under way using engine,2026-08-24 11:05:19,2026-08-24 03:05:19
137-52.873E,40-15.015N,137.881223,40.25025,016.6,59.4,56,0,Under way using engine,2026-08-24 11:06:19,2026-08-24 03:06:19
137-53.192E,40-15.157N,137.886533,40.252612,016.6,59.5,56,0,Under way using engine,2026-08-24 11:07:19,2026-08-24 03:07:19
137-53.504E,40-15.298N,137.89173,40.254973,016.6,59.6,56,0,Under way using engine,2026-08-24 11:08:19,2026-08-24 03:08:19
137-53.816E,40-15.440N,137.896937,40.257335,016.6,59.4,56,0,Under way using engine,2026-08-24 11:09:19,2026-08-24 03:09:19
137-54.124E,40-15.580N,137.902072,40.259662,016.7,59.4,56,0,Under way using engine,2026-08-24 11:10:19,2026-08-24 03:10:19
137-54.442E,40-15.724N,137.907368,40.262067,016.7,59.3,56,0,Under way using engine,2026-08-24 11:11:19,2026-08-24 03:11:19
137-54.757E,40-15.865N,137.91261,40.264412,016.7,59.4,56,0,Under way using engine,2026-08-24 11:12:19,2026-08-24 03:12:19
137-55.070E,40-16.008N,137.917838,40.266808,016.7,59.2,56,0,Under way using engine,2026-08-24 11:13:19,2026-08-24 03:13:19
137-55.384E,40-16.150N,137.923067,40.269172,016.7,59.4,56,0,Under way using engine,2026-08-24 11:14:19,2026-08-24 03:14:19
137-55.694E,40-16.292N,137.928225,40.271532,016.7,59.6,56,0,Under way using engine,2026-08-24 11:15:19,2026-08-24 03:15:19
137-56.005E,40-16.434N,137.93342,40.273898,016.6,59.3,56,0,Under way using engine,2026-08-24 11:16:18,2026-08-24 03:16:18
137-56.324E,40-16.580N,137.938727,40.276325,016.7,59.6,56,0,Under way using engine,2026-08-24 11:17:18,2026-08-24 03:17:18
137-56.631E,40-16.718N,137.943857,40.278627,016.6,59,56,0,Under way using engine,2026-08-24 11:18:18,2026-08-24 03:18:18
137-56.948E,40-16.863N,137.949128,40.281047,016.7,58.9,56,0,Under way using engine,2026-08-24 11:19:18,2026-08-24 03:19:18
137-57.260E,40-17.004N,137.954333,40.283393,016.6,59.1,56,0,Under way using engine,2026-08-24 11:20:19,2026-08-24 03:20:19
137-57.573E,40-17.145N,137.95955,40.285755,016.7,59.4,56,0,Under way using engine,2026-08-24 11:21:19,2026-08-24 03:21:19
137-57.891E,40-17.288N,137.964853,40.288137,016.7,59.4,56,0,Under way using engine,2026-08-24 11:22:19,2026-08-24 03:22:19
137-58.201E,40-17.427N,137.97001,40.290453,016.7,59.8,56,0,Under way using engine,2026-08-24 11:23:19,2026-08-24 03:23:19
137-58.521E,40-17.571N,137.975343,40.292855,016.6,60,56,0,Under way using engine,2026-08-24 11:24:19,2026-08-24 03:24:19
137-58.826E,40-17.710N,137.98044,40.29516,016.6,58.6,56,0,Under way using engine,2026-08-24 11:25:19,2026-08-24 03:25:19
137-59.139E,40-17.852N,137.985647,40.297538,016.6,59.8,56,0,Under way using engine,2026-08-24 11:26:19,2026-08-24 03:26:19
137-59.451E,40-17.993N,137.990842,40.299885,016.6,59.7,56,0,Under way using engine,2026-08-24 11:27:19,2026-08-24 03:27:19
137-59.763E,40-18.135N,137.996045,40.302255,016.6,59.3,56,0,Under way using engine,2026-08-24 11:28:19,2026-08-24 03:28:19
138-0.074E,40-18.276N,138.001227,40.304597,016.6,59.3,56,0,Under way using engine,2026-08-24 11:29:19,2026-08-24 03:29:19
138-0.381E,40-18.414N,138.006345,40.306905,016.6,59.5,56,0,Under way using engine,2026-08-24 11:30:19,2026-08-24 03:30:19
138-0.697E,40-18.558N,138.011623,40.3093,016.5,59.6,56,0,Under way using engine,2026-08-24 11:31:19,2026-08-24 03:31:19
138-1.003E,40-18.698N,138.01672,40.31163,016.6,58.6,56,0,Under way using engine,2026-08-24 11:32:19,2026-08-24 03:32:19
138-1.320E,40-18.841N,138.021998,40.314015,016.5,59,56,0,Under way using engine,2026-08-24 11:33:19,2026-08-24 03:33:19
138-1.632E,40-18.985N,138.027197,40.316412,016.7,59.6,56,0,Under way using engine,2026-08-24 11:34:19,2026-08-24 03:34:19
138-1.945E,40-19.125N,138.032423,40.318757,016.7,58.9,56,0,Under way using engine,2026-08-24 11:35:19,2026-08-24 03:35:19
138-2.258E,40-19.268N,138.037637,40.321135,016.6,58.9,56,0,Under way using engine,2026-08-24 11:36:19,2026-08-24 03:36:19
138-2.565E,40-19.408N,138.042757,40.323468,016.8,59.2,56,0,Under way using engine,2026-08-24 11:37:19,2026-08-24 03:37:19
138-2.880E,40-19.553N,138.048003,40.325882,016.8,59.4,56,0,Under way using engine,2026-08-24 11:38:19,2026-08-24 03:38:19
138-3.201E,40-19.698N,138.053358,40.328307,016.8,59.6,57,0,Under way using engine,2026-08-24 11:39:19,2026-08-24 03:39:19
138-3.513E,40-19.838N,138.058542,40.330637,016.8,58.8,56,0,Under way using engine,2026-08-24 11:40:19,2026-08-24 03:40:19
138-3.831E,40-19.985N,138.063843,40.333082,016.7,58.6,56,0,Under way using engine,2026-08-24 11:41:19,2026-08-24 03:41:19
138-4.144E,40-20.130N,138.069073,40.335495,016.7,58.3,56,0,Under way using engine,2026-08-24 11:42:19,2026-08-24 03:42:19
138-4.459E,40-20.271N,138.07431,40.337842,016.7,60.1,58,0,Under way using engine,2026-08-24 11:43:19,2026-08-24 03:43:19
138-4.778E,40-20.408N,138.07963,40.34013,016.7,60.6,58,0,Under way using engine,2026-08-24 11:44:19,2026-08-24 03:44:19
138-5.095E,40-20.546N,138.084922,40.342438,016.7,60.3,57,0,Under way using engine,2026-08-24 11:45:19,2026-08-24 03:45:19
138-5.411E,40-20.685N,138.090178,40.344745,016.7,60.2,57,0,Under way using engine,2026-08-24 11:46:19,2026-08-24 03:46:19
138-5.726E,40-20.825N,138.095428,40.347083,016.7,59.3,57,0,Under way using engine,2026-08-24 11:47:19,2026-08-24 03:47:19
138-6.042E,40-20.966N,138.100692,40.349432,016.7,59.6,57,0,Under way using engine,2026-08-24 11:48:19,2026-08-24 03:48:19
138-6.358E,40-21.107N,138.105963,40.351775,016.6,59.7,57,0,Under way using engine,2026-08-24 11:49:19,2026-08-24 03:49:19
138-6.665E,40-21.244N,138.111083,40.354073,016.6,59.5,57,0,Under way using engine,2026-08-24 11:50:18,2026-08-24 03:50:18
138-6.984E,40-21.389N,138.116397,40.356482,016.7,59.4,57,0,Under way using engine,2026-08-24 11:51:18,2026-08-24 03:51:18
138-7.295E,40-21.526N,138.12158,40.35876,016.6,59.7,57,0,Under way using engine,2026-08-24 11:52:18,2026-08-24 03:52:18
138-7.612E,40-21.668N,138.126863,40.361138,016.5,59.5,57,0,Under way using engine,2026-08-24 11:53:18,2026-08-24 03:53:18
138-7.919E,40-21.806N,138.131983,40.363425,016.5,59.8,57,0,Under way using engine,2026-08-24 11:54:18,2026-08-24 03:54:18
138-8.232E,40-21.944N,138.137208,40.36573,016.5,59.9,57,0,Under way using engine,2026-08-24 11:55:18,2026-08-24 03:55:18
138-8.557E,40-22.087N,138.14261,40.368115,016.6,59.5,57,0,Under way using engine,2026-08-24 11:56:19,2026-08-24 03:56:19
138-8.865E,40-22.224N,138.147745,40.370393,016.5,59.4,57,0,Under way using engine,2026-08-24 11:57:19,2026-08-24 03:57:19
138-9.182E,40-22.365N,138.153037,40.372745,016.5,59.4,57,0,Under way using engine,2026-08-24 11:58:19,2026-08-24 03:58:19
138-9.489E,40-22.502N,138.15815,40.375033,016.5,60.1,57,0,Under way using engine,2026-08-24 11:59:19,2026-08-24 03:59:19
138-9.800E,40-22.639N,138.163328,40.377318,016.4,59.7,57,0,Under way using engine,2026-08-24 12:00:19,2026-08-24 04:00:19
138-10.106E,40-22.773N,138.168427,40.379558,016.4,59.8,57,0,Under way using engine,2026-08-24 12:01:19,2026-08-24 04:01:19
138-10.421E,40-22.915N,138.173688,40.381917,016.4,59.5,57,0,Under way using engine,2026-08-24 12:02:19,2026-08-24 04:02:19
138-10.733E,40-23.055N,138.17888,40.384242,016.5,59.9,57,0,Under way using engine,2026-08-24 12:03:19,2026-08-24 04:03:19
138-11.042E,40-23.191N,138.184037,40.38651,016.5,59.9,57,0,Under way using engine,2026-08-24 12:04:19,2026-08-24 04:04:19
138-11.358E,40-23.331N,138.189298,40.388843,016.5,59.7,57,0,Under way using engine,2026-08-24 12:05:19,2026-08-24 04:05:19
138-11.666E,40-23.468N,138.19444,40.391132,016.6,60.1,57,0,Under way using engine,2026-08-24 12:06:18,2026-08-24 04:06:18
138-11.979E,40-23.607N,138.199647,40.393448,016.5,59.8,57,0,Under way using engine,2026-08-24 12:07:18,2026-08-24 04:07:18
138-12.296E,40-23.748N,138.204933,40.395795,016.5,59.3,57,0,Under way using engine,2026-08-24 12:08:18,2026-08-24 04:08:18
138-12.602E,40-23.885N,138.210037,40.398075,016.5,59.6,57,0,Under way using engine,2026-08-24 12:09:18,2026-08-24 04:09:18
138-12.913E,40-24.023N,138.215222,40.400375,016.5,59.7,57,0,Under way using engine,2026-08-24 12:10:18,2026-08-24 04:10:18
138-13.225E,40-24.161N,138.220417,40.40268,016.5,59.4,57,0,Under way using engine,2026-08-24 12:11:18,2026-08-24 04:11:18
138-13.542E,40-24.303N,138.2257,40.405045,016.5,59.4,57,0,Under way using engine,2026-08-24 12:12:20,2026-08-24 04:12:20
138-13.861E,40-24.444N,138.23102,40.407408,016.6,59.3,57,0,Under way using engine,2026-08-24 12:13:20,2026-08-24 04:13:20
138-14.167E,40-24.581N,138.236113,40.409675,016.5,59.7,57,0,Under way using engine,2026-08-24 12:14:20,2026-08-24 04:14:20
138-14.484E,40-24.722N,138.2414,40.412033,016.5,59.9,57,0,Under way using engine,2026-08-24 12:15:20,2026-08-24 04:15:20
138-14.790E,40-24.858N,138.246508,40.414307,016.4,59.5,57,0,Under way using engine,2026-08-24 12:16:20,2026-08-24 04:16:20
138-15.108E,40-24.999N,138.251792,40.416647,016.4,59.6,57,0,Under way using engine,2026-08-24 12:17:20,2026-08-24 04:17:20
138-15.417E,40-25.137N,138.256948,40.418958,016.3,59.5,57,0,Under way using engine,2026-08-24 12:18:19,2026-08-24 04:18:19
138-15.724E,40-25.273N,138.26206,40.421213,016.4,59.5,57,0,Under way using engine,2026-08-24 12:19:19,2026-08-24 04:19:19
138-16.033E,40-25.411N,138.267212,40.423515,016.4,59.6,57,0,Under way using engine,2026-08-24 12:20:19,2026-08-24 04:20:19
138-16.346E,40-25.550N,138.27243,40.425828,016.5,60.2,57,0,Under way using engine,2026-08-24 12:21:19,2026-08-24 04:21:19
